[node3] Iniciando ServerNode
[node3] clientPort=5003 peerPort=6003
[node3] clientWorkerPool=64 peerWorkerPool=16 schedulerPool=4 coordinationExecutor=1
[node3] Peers configurados:
[node3]  - node1@localhost:5001:6001 [ALIVE]
[node3]  - node2@localhost:5002:6002 [ALIVE]
[node3][TcpPeerTransport] Iniciando TcpPeerTransport en puerto 6003
[node3][PeerListener] PeerListener escuchando en puerto 6003
[node3][PeerConnMgr] Enviando PEER_HELLO a node2 localhost:6002
[node3][L=1   ] SEND     PEER_HELLO                   node3?node2
[node3][PeerConnMgr] Enviando PEER_HELLO a node1 localhost:6001
[node3][L=2   ] SEND     PEER_HELLO                   node3?node1
[node3][TcpPeerTransport] TcpPeerTransport iniciado
[node3] Emisor de Heartbeats programado cada 2000ms
[node3] Sweeper de fallos programado. Tolerancia máxima: 6000ms
[node3] ServerNode iniciado — Ricart-Agrawala y Bully activos.
[node3] ClientListener escuchando en puerto 5003
[node3][PeerConnMgr] Intento 1/3 fallido para node1: java.net.ConnectException: Connection refused: connect
[node3][PeerConnMgr] Intento 1/3 fallido para node2: java.net.ConnectException: Connection refused: connect
[node3][L=3   ] RECEIVE  PEER_HELLO                   node2?node3
[node3][PeerMessageHandler] Mensaje recibido: type=PEER_HELLO source=node2 L=1 ? local L=3
[node3][PeerMessageHandler] PEER_HELLO recibido desde node2
[node3][PeerMessageHandler] Peer registrado: node2@localhost:5002:6002 [ALIVE]
[node3][L=4   ] SEND     PEER_HELLO_ACK               node3?node2
[node3][PeerMessageHandler] PEER_HELLO_ACK enviado a node2 L=4
[node3][L=5   ] RECEIVE  PEER_HELLO                   node1?node3
[node3][PeerMessageHandler] Mensaje recibido: type=PEER_HELLO source=node1 L=2 ? local L=5
[node3][PeerMessageHandler] PEER_HELLO recibido desde node1
[node3][PeerMessageHandler] Peer registrado: node1@localhost:5001:6001 [ALIVE]
[node3][L=6   ] SEND     PEER_HELLO_ACK               node3?node1
[node3][PeerMessageHandler] PEER_HELLO_ACK enviado a node1 L=6
[node3][PeerConnMgr] PEER_HELLO enviado a node1
[node3][PeerConnMgr] PEER_HELLO enviado a node2
[node3][L=10  ] RECEIVE  PEER_HELLO_ACK               node2?node3
[node3][PeerConnMgr] PEER_HELLO_ACK recibido desde node2 L=10
[node3][PeerConnMgr] Peer detectado: node2
[node3][L=11  ] RECEIVE  PEER_HELLO_ACK               node1?node3
[node3][PeerConnMgr] PEER_HELLO_ACK recibido desde node1 L=11
[node3][PeerConnMgr] Peer detectado: node1
[node3][L=12  ] SEND     HEARTBEAT                    node3?node2
[node3][L=13  ] SEND     HEARTBEAT                    node3?node1
[node3][PeerConnMgr] Mensaje enviado a node2 type=HEARTBEAT L=12
[node3][PeerConnMgr] Mensaje enviado a node1 type=HEARTBEAT L=13
[node3][L=16  ] RECEIVE  HEARTBEAT                    node2?node3
[node3][PeerMessageHandler] Mensaje recibido: type=HEARTBEAT source=node2 L=15 ? local L=16
[node3][L=20  ] RECEIVE  HEARTBEAT                    node1?node3
[node3][PeerMessageHandler] Mensaje recibido: type=HEARTBEAT source=node1 L=19 ? local L=20
[node3][L=21  ] SEND     HEARTBEAT                    node3?node2
[node3][L=22  ] SEND     HEARTBEAT                    node3?node1
[node3][PeerConnMgr] Mensaje enviado a node2 type=HEARTBEAT L=21
[node3][PeerConnMgr] Mensaje enviado a node1 type=HEARTBEAT L=22
[node3] Sin coordinador conocido — iniciando elección Bully inicial
[node3][Bully] === INICIANDO ELECCIÓN ===
[node3][Bully] === ME PROCLAMO COORDINADOR: node3 ===
[node3][L=23  ] SEND     ELECTION_COORDINATOR         node3?node2
[node3][L=24  ] SEND     ELECTION_COORDINATOR         node3?node1
[node3][PeerConnMgr] Mensaje enviado a node1 type=ELECTION_COORDINATOR L=24
[node3][PeerConnMgr] Mensaje enviado a node2 type=ELECTION_COORDINATOR L=23
[node3][L=26  ] RECEIVE  HEARTBEAT                    node2?node3
[node3][PeerMessageHandler] Mensaje recibido: type=HEARTBEAT source=node2 L=25 ? local L=26
[node3][L=30  ] RECEIVE  HEARTBEAT                    node1?node3
[node3][PeerMessageHandler] Mensaje recibido: type=HEARTBEAT source=node1 L=29 ? local L=30
[node3][L=31  ] SEND     HEARTBEAT                    node3?node2
[node3][L=32  ] SEND     HEARTBEAT                    node3?node1
[node3][PeerConnMgr] Mensaje enviado a node2 type=HEARTBEAT L=31
[node3][PeerConnMgr] Mensaje enviado a node1 type=HEARTBEAT L=32
[node3] [DEMO R-A] Intentando crear grupo 'grupo-demo-ricart' con mutex distribuido...
[node3][Ricart-Agrawala] ACQUIRE 'GROUP_REGISTRY': REQUEST L=33 ? [node2, node1]
[node3][L=33  ] SEND     MUTEX_REQUEST                node3?node2
[node3][L=33  ] SEND     MUTEX_REQUEST                node3?node1
[node3][PeerConnMgr] Mensaje enviado a node1 type=MUTEX_REQUEST L=33
[node3][PeerConnMgr] Mensaje enviado a node2 type=MUTEX_REQUEST L=33
[node3][L=36  ] RECEIVE  MUTEX_REPLY                  node2?node3
[node3][PeerMessageHandler] Mensaje recibido: type=MUTEX_REPLY source=node2 L=35 ? local L=36
[node3][Ricart-Agrawala] REPLY de node2 — pendientes: [node1]
[node3][L=37  ] RECEIVE  MUTEX_REPLY                  node1?node3
[node3][PeerMessageHandler] Mensaje recibido: type=MUTEX_REPLY source=node1 L=35 ? local L=37
[node3][Ricart-Agrawala] REPLY de node1 — pendientes: []
[node3][Ricart-Agrawala] HELD — todos los replies recibidos
[node3][Ricart-Agrawala] RELEASED — respondiendo a 0 diferidos
[node3] [DEMO R-A] Grupo 'grupo-demo-ricart' CREADO exitosamente por node3
[node3][L=38  ] RECEIVE  HEARTBEAT                    node2?node3
[node3][PeerMessageHandler] Mensaje recibido: type=HEARTBEAT source=node2 L=36 ? local L=38
[node3][L=39  ] RECEIVE  MUTEX_REQUEST                node2?node3
[node3][PeerMessageHandler] Mensaje recibido: type=MUTEX_REQUEST source=node2 L=38 ? local L=39
[node3][Ricart-Agrawala] REQUEST de node2 L=38 ? REPLY inmediato
[node3][L=40  ] SEND     MUTEX_REPLY                  node3?node2
[node3][PeerConnMgr] Mensaje enviado a node2 type=MUTEX_REPLY L=40
[node3][L=43  ] RECEIVE  HEARTBEAT                    node1?node3
[node3][PeerMessageHandler] Mensaje recibido: type=HEARTBEAT source=node1 L=42 ? local L=43
[node3][L=44  ] RECEIVE  MUTEX_REQUEST                node1?node3
[node3][PeerMessageHandler] Mensaje recibido: type=MUTEX_REQUEST source=node1 L=43 ? local L=44
[node3][Ricart-Agrawala] REQUEST de node1 L=43 ? REPLY inmediato
[node3][L=45  ] SEND     MUTEX_REPLY                  node3?node1
[node3][PeerConnMgr] Mensaje enviado a node1 type=MUTEX_REPLY L=45
[node3][L=46  ] SEND     HEARTBEAT                    node3?node2
[node3][L=47  ] SEND     HEARTBEAT                    node3?node1
[node3][PeerConnMgr] Mensaje enviado a node1 type=HEARTBEAT L=47
[node3][PeerConnMgr] Mensaje enviado a node2 type=HEARTBEAT L=46
[node3][L=49  ] RECEIVE  HEARTBEAT                    node2?node3
[node3][PeerMessageHandler] Mensaje recibido: type=HEARTBEAT source=node2 L=48 ? local L=49
[node3][L=53  ] RECEIVE  HEARTBEAT                    node1?node3
[node3][PeerMessageHandler] Mensaje recibido: type=HEARTBEAT source=node1 L=52 ? local L=53
[node3][L=54  ] SEND     HEARTBEAT                    node3?node2
[node3][L=55  ] SEND     HEARTBEAT                    node3?node1
[node3][PeerConnMgr] Mensaje enviado a node2 type=HEARTBEAT L=54
[node3][PeerConnMgr] Mensaje enviado a node1 type=HEARTBEAT L=55
[node3][L=57  ] RECEIVE  HEARTBEAT                    node2?node3
[node3][PeerMessageHandler] Mensaje recibido: type=HEARTBEAT source=node2 L=56 ? local L=57
[node3][L=61  ] RECEIVE  HEARTBEAT                    node1?node3
[node3][PeerMessageHandler] Mensaje recibido: type=HEARTBEAT source=node1 L=60 ? local L=61
[node3][L=62  ] SEND     HEARTBEAT                    node3?node2
[node3][L=63  ] SEND     HEARTBEAT                    node3?node1
[node3][PeerConnMgr] Mensaje enviado a node2 type=HEARTBEAT L=62
[node3][PeerConnMgr] Mensaje enviado a node1 type=HEARTBEAT L=63
[node3][L=65  ] RECEIVE  HEARTBEAT                    node2?node3
[node3][PeerMessageHandler] Mensaje recibido: type=HEARTBEAT source=node2 L=64 ? local L=65
[node3][L=69  ] RECEIVE  HEARTBEAT                    node1?node3
[node3][PeerMessageHandler] Mensaje recibido: type=HEARTBEAT source=node1 L=68 ? local L=69
[node3][L=70  ] SEND     HEARTBEAT                    node3?node2
[node3][L=71  ] SEND     HEARTBEAT                    node3?node1
[node3][PeerConnMgr] Mensaje enviado a node2 type=HEARTBEAT L=70
[node3][PeerConnMgr] Mensaje enviado a node1 type=HEARTBEAT L=71
[node3][L=73  ] RECEIVE  HEARTBEAT                    node2?node3
[node3][PeerMessageHandler] Mensaje recibido: type=HEARTBEAT source=node2 L=72 ? local L=73
[node3][L=77  ] RECEIVE  HEARTBEAT                    node1?node3
[node3][PeerMessageHandler] Mensaje recibido: type=HEARTBEAT source=node1 L=76 ? local L=77
[node3][L=78  ] SEND     HEARTBEAT                    node3?node2
[node3][L=79  ] SEND     HEARTBEAT                    node3?node1
[node3][PeerConnMgr] Mensaje enviado a node2 type=HEARTBEAT L=78
[node3][PeerConnMgr] Mensaje enviado a node1 type=HEARTBEAT L=79
[node3][L=81  ] RECEIVE  HEARTBEAT                    node2?node3
[node3][PeerMessageHandler] Mensaje recibido: type=HEARTBEAT source=node2 L=80 ? local L=81
[node3][L=85  ] RECEIVE  HEARTBEAT                    node1?node3
[node3][PeerMessageHandler] Mensaje recibido: type=HEARTBEAT source=node1 L=84 ? local L=85
[node3][L=86  ] SEND     HEARTBEAT                    node3?node2
[node3][L=87  ] SEND     HEARTBEAT                    node3?node1
[node3][PeerConnMgr] Mensaje enviado a node2 type=HEARTBEAT L=86
[node3][PeerConnMgr] Mensaje enviado a node1 type=HEARTBEAT L=87
[node3][L=89  ] RECEIVE  HEARTBEAT                    node2?node3
[node3][PeerMessageHandler] Mensaje recibido: type=HEARTBEAT source=node2 L=88 ? local L=89
[node3][L=93  ] RECEIVE  HEARTBEAT                    node1?node3
[node3][PeerMessageHandler] Mensaje recibido: type=HEARTBEAT source=node1 L=92 ? local L=93
[node3][L=94  ] SEND     HEARTBEAT                    node3?node2
[node3][L=95  ] SEND     HEARTBEAT                    node3?node1
[node3][PeerConnMgr] Mensaje enviado a node2 type=HEARTBEAT L=94
[node3][PeerConnMgr] Mensaje enviado a node1 type=HEARTBEAT L=95
[node3][L=97  ] RECEIVE  HEARTBEAT                    node2?node3
[node3][PeerMessageHandler] Mensaje recibido: type=HEARTBEAT source=node2 L=96 ? local L=97
[node3][L=101 ] RECEIVE  HEARTBEAT                    node1?node3
[node3][PeerMessageHandler] Mensaje recibido: type=HEARTBEAT source=node1 L=100 ? local L=101
[node3][L=102 ] SEND     HEARTBEAT                    node3?node2
[node3][L=103 ] SEND     HEARTBEAT                    node3?node1
[node3][PeerConnMgr] Mensaje enviado a node2 type=HEARTBEAT L=102
[node3][PeerConnMgr] Mensaje enviado a node1 type=HEARTBEAT L=103
[node3][L=105 ] RECEIVE  HEARTBEAT                    node2?node3
[node3][PeerMessageHandler] Mensaje recibido: type=HEARTBEAT source=node2 L=104 ? local L=105
[node3][L=109 ] RECEIVE  HEARTBEAT                    node1?node3
[node3][PeerMessageHandler] Mensaje recibido: type=HEARTBEAT source=node1 L=108 ? local L=109
[node3][L=110 ] SEND     HEARTBEAT                    node3?node2
[node3][L=111 ] SEND     HEARTBEAT                    node3?node1
[node3][PeerConnMgr] Mensaje enviado a node2 type=HEARTBEAT L=110
[node3][PeerConnMgr] Mensaje enviado a node1 type=HEARTBEAT L=111
[node3][L=113 ] RECEIVE  HEARTBEAT                    node2?node3
[node3][PeerMessageHandler] Mensaje recibido: type=HEARTBEAT source=node2 L=112 ? local L=113
[node3][L=117 ] RECEIVE  HEARTBEAT                    node1?node3
[node3][PeerMessageHandler] Mensaje recibido: type=HEARTBEAT source=node1 L=116 ? local L=117
[node3][L=118 ] SEND     HEARTBEAT                    node3?node2
[node3][L=119 ] SEND     HEARTBEAT                    node3?node1
[node3][PeerConnMgr] Mensaje enviado a node2 type=HEARTBEAT L=118
[node3][PeerConnMgr] Mensaje enviado a node1 type=HEARTBEAT L=119
[node3][L=121 ] RECEIVE  HEARTBEAT                    node2?node3
[node3][PeerMessageHandler] Mensaje recibido: type=HEARTBEAT source=node2 L=120 ? local L=121
[node3][L=125 ] RECEIVE  HEARTBEAT                    node1?node3
[node3][PeerMessageHandler] Mensaje recibido: type=HEARTBEAT source=node1 L=124 ? local L=125
[node3][L=126 ] SEND     HEARTBEAT                    node3?node2
[node3][L=127 ] SEND     HEARTBEAT                    node3?node1
[node3][PeerConnMgr] Mensaje enviado a node2 type=HEARTBEAT L=126
[node3][PeerConnMgr] Mensaje enviado a node1 type=HEARTBEAT L=127
[node3][L=129 ] RECEIVE  HEARTBEAT                    node2?node3
[node3][PeerMessageHandler] Mensaje recibido: type=HEARTBEAT source=node2 L=128 ? local L=129
[node3][L=133 ] RECEIVE  HEARTBEAT                    node1?node3
[node3][PeerMessageHandler] Mensaje recibido: type=HEARTBEAT source=node1 L=132 ? local L=133
[node3][L=134 ] SEND     HEARTBEAT                    node3?node2
[node3][L=135 ] SEND     HEARTBEAT                    node3?node1
[node3][PeerConnMgr] Mensaje enviado a node2 type=HEARTBEAT L=134
[node3][PeerConnMgr] Mensaje enviado a node1 type=HEARTBEAT L=135
[node3][L=137 ] RECEIVE  HEARTBEAT                    node2?node3
[node3][PeerMessageHandler] Mensaje recibido: type=HEARTBEAT source=node2 L=136 ? local L=137
[node3][L=141 ] RECEIVE  HEARTBEAT                    node1?node3
[node3][PeerMessageHandler] Mensaje recibido: type=HEARTBEAT source=node1 L=140 ? local L=141
[node3][L=142 ] SEND     HEARTBEAT                    node3?node2
[node3][L=143 ] SEND     HEARTBEAT                    node3?node1
[node3][PeerConnMgr] Mensaje enviado a node1 type=HEARTBEAT L=143
[node3][PeerConnMgr] Mensaje enviado a node2 type=HEARTBEAT L=142
[node3][L=145 ] RECEIVE  HEARTBEAT                    node2?node3
[node3][PeerMessageHandler] Mensaje recibido: type=HEARTBEAT source=node2 L=144 ? local L=145
[node3][L=149 ] RECEIVE  HEARTBEAT                    node1?node3
[node3][PeerMessageHandler] Mensaje recibido: type=HEARTBEAT source=node1 L=148 ? local L=149
[node3][L=150 ] SEND     HEARTBEAT                    node3?node2
[node3][L=151 ] SEND     HEARTBEAT                    node3?node1
[node3][PeerConnMgr] Mensaje enviado a node2 type=HEARTBEAT L=150
[node3][PeerConnMgr] Mensaje enviado a node1 type=HEARTBEAT L=151
[node3][L=153 ] RECEIVE  HEARTBEAT                    node2?node3
[node3][PeerMessageHandler] Mensaje recibido: type=HEARTBEAT source=node2 L=152 ? local L=153
[node3][L=157 ] RECEIVE  HEARTBEAT                    node1?node3
[node3][PeerMessageHandler] Mensaje recibido: type=HEARTBEAT source=node1 L=156 ? local L=157
[node3][L=158 ] SEND     HEARTBEAT                    node3?node2
[node3][L=159 ] SEND     HEARTBEAT                    node3?node1
[node3][PeerConnMgr] Mensaje enviado a node2 type=HEARTBEAT L=158
[node3][PeerConnMgr] Mensaje enviado a node1 type=HEARTBEAT L=159
[node3][L=161 ] RECEIVE  HEARTBEAT                    node2?node3
[node3][PeerMessageHandler] Mensaje recibido: type=HEARTBEAT source=node2 L=160 ? local L=161
[node3][L=165 ] RECEIVE  HEARTBEAT                    node1?node3
[node3][PeerMessageHandler] Mensaje recibido: type=HEARTBEAT source=node1 L=164 ? local L=165
[node3][L=166 ] SEND     HEARTBEAT                    node3?node2
[node3][L=167 ] SEND     HEARTBEAT                    node3?node1
[node3][PeerConnMgr] Mensaje enviado a node1 type=HEARTBEAT L=167
[node3][PeerConnMgr] Mensaje enviado a node2 type=HEARTBEAT L=166
[node3][L=169 ] RECEIVE  HEARTBEAT                    node2?node3
[node3][PeerMessageHandler] Mensaje recibido: type=HEARTBEAT source=node2 L=168 ? local L=169
[node3][L=173 ] RECEIVE  HEARTBEAT                    node1?node3
[node3][PeerMessageHandler] Mensaje recibido: type=HEARTBEAT source=node1 L=172 ? local L=173
[node3][L=174 ] SEND     HEARTBEAT                    node3?node2
[node3][L=175 ] SEND     HEARTBEAT                    node3?node1
[node3][PeerConnMgr] Mensaje enviado a node2 type=HEARTBEAT L=174
[node3][PeerConnMgr] Mensaje enviado a node1 type=HEARTBEAT L=175
[node3][L=177 ] RECEIVE  HEARTBEAT                    node2?node3
[node3][PeerMessageHandler] Mensaje recibido: type=HEARTBEAT source=node2 L=176 ? local L=177
[node3][L=181 ] RECEIVE  HEARTBEAT                    node1?node3
[node3][PeerMessageHandler] Mensaje recibido: type=HEARTBEAT source=node1 L=180 ? local L=181
[node3][L=182 ] SEND     HEARTBEAT                    node3?node2
[node3][L=183 ] SEND     HEARTBEAT                    node3?node1
[node3][PeerConnMgr] Mensaje enviado a node2 type=HEARTBEAT L=182
[node3][PeerConnMgr] Mensaje enviado a node1 type=HEARTBEAT L=183
[node3][L=185 ] RECEIVE  HEARTBEAT                    node2?node3
[node3][PeerMessageHandler] Mensaje recibido: type=HEARTBEAT source=node2 L=184 ? local L=185
[node3][L=189 ] RECEIVE  HEARTBEAT                    node1?node3
[node3][PeerMessageHandler] Mensaje recibido: type=HEARTBEAT source=node1 L=188 ? local L=189
[node3][L=190 ] SEND     HEARTBEAT                    node3?node2
[node3][L=191 ] SEND     HEARTBEAT                    node3?node1
[node3][PeerConnMgr] Mensaje enviado a node2 type=HEARTBEAT L=190
[node3][PeerConnMgr] Mensaje enviado a node1 type=HEARTBEAT L=191
[node3][L=193 ] RECEIVE  HEARTBEAT                    node2?node3
[node3][PeerMessageHandler] Mensaje recibido: type=HEARTBEAT source=node2 L=192 ? local L=193
[node3][L=197 ] RECEIVE  HEARTBEAT                    node1?node3
[node3][PeerMessageHandler] Mensaje recibido: type=HEARTBEAT source=node1 L=196 ? local L=197
[node3][L=198 ] SEND     HEARTBEAT                    node3?node2
[node3][L=199 ] SEND     HEARTBEAT                    node3?node1
[node3][PeerConnMgr] Mensaje enviado a node2 type=HEARTBEAT L=198
[node3][PeerConnMgr] Mensaje enviado a node1 type=HEARTBEAT L=199
[node3][L=201 ] RECEIVE  HEARTBEAT                    node2?node3
[node3][PeerMessageHandler] Mensaje recibido: type=HEARTBEAT source=node2 L=200 ? local L=201
[node3][L=205 ] RECEIVE  HEARTBEAT                    node1?node3
[node3][PeerMessageHandler] Mensaje recibido: type=HEARTBEAT source=node1 L=204 ? local L=205
[node3][L=206 ] SEND     HEARTBEAT                    node3?node2
[node3][L=207 ] SEND     HEARTBEAT                    node3?node1
[node3][PeerConnMgr] Mensaje enviado a node2 type=HEARTBEAT L=206
[node3][PeerConnMgr] Mensaje enviado a node1 type=HEARTBEAT L=207
[node3][L=209 ] RECEIVE  HEARTBEAT                    node2?node3
[node3][PeerMessageHandler] Mensaje recibido: type=HEARTBEAT source=node2 L=208 ? local L=209
[node3][L=213 ] RECEIVE  HEARTBEAT                    node1?node3
[node3][PeerMessageHandler] Mensaje recibido: type=HEARTBEAT source=node1 L=212 ? local L=213
[node3][L=214 ] SEND     HEARTBEAT                    node3?node2
[node3][L=215 ] SEND     HEARTBEAT                    node3?node1
[node3][PeerConnMgr] Mensaje enviado a node2 type=HEARTBEAT L=214
[node3][PeerConnMgr] Mensaje enviado a node1 type=HEARTBEAT L=215
[node3][L=217 ] RECEIVE  HEARTBEAT                    node2?node3
[node3][PeerMessageHandler] Mensaje recibido: type=HEARTBEAT source=node2 L=216 ? local L=217
[node3][L=221 ] RECEIVE  HEARTBEAT                    node1?node3
[node3][PeerMessageHandler] Mensaje recibido: type=HEARTBEAT source=node1 L=220 ? local L=221
[node3][L=222 ] SEND     HEARTBEAT                    node3?node2
[node3][L=223 ] SEND     HEARTBEAT                    node3?node1
[node3][PeerConnMgr] Mensaje enviado a node2 type=HEARTBEAT L=222
[node3][PeerConnMgr] Mensaje enviado a node1 type=HEARTBEAT L=223
[node3][L=225 ] RECEIVE  HEARTBEAT                    node2?node3
[node3][PeerMessageHandler] Mensaje recibido: type=HEARTBEAT source=node2 L=224 ? local L=225
[node3][L=229 ] RECEIVE  HEARTBEAT                    node1?node3
[node3][PeerMessageHandler] Mensaje recibido: type=HEARTBEAT source=node1 L=228 ? local L=229
[node3][L=230 ] SEND     HEARTBEAT                    node3?node2
[node3][L=231 ] SEND     HEARTBEAT                    node3?node1
[node3][PeerConnMgr] Mensaje enviado a node1 type=HEARTBEAT L=231
[node3][PeerConnMgr] Mensaje enviado a node2 type=HEARTBEAT L=230
[node3][L=233 ] RECEIVE  HEARTBEAT                    node2?node3
[node3][PeerMessageHandler] Mensaje recibido: type=HEARTBEAT source=node2 L=232 ? local L=233
[node3][L=237 ] RECEIVE  HEARTBEAT                    node1?node3
[node3][PeerMessageHandler] Mensaje recibido: type=HEARTBEAT source=node1 L=236 ? local L=237
[node3][L=238 ] SEND     HEARTBEAT                    node3?node2
[node3][L=239 ] SEND     HEARTBEAT                    node3?node1
[node3][PeerConnMgr] Mensaje enviado a node2 type=HEARTBEAT L=238
[node3][PeerConnMgr] Mensaje enviado a node1 type=HEARTBEAT L=239
[node3][L=241 ] RECEIVE  HEARTBEAT                    node2?node3
[node3][PeerMessageHandler] Mensaje recibido: type=HEARTBEAT source=node2 L=240 ? local L=241
[node3][L=245 ] RECEIVE  HEARTBEAT                    node1?node3
[node3][PeerMessageHandler] Mensaje recibido: type=HEARTBEAT source=node1 L=244 ? local L=245
[node3][L=246 ] SEND     HEARTBEAT                    node3?node2
[node3][L=247 ] SEND     HEARTBEAT                    node3?node1
[node3][PeerConnMgr] Mensaje enviado a node2 type=HEARTBEAT L=246
[node3][PeerConnMgr] Mensaje enviado a node1 type=HEARTBEAT L=247
[node3][L=249 ] RECEIVE  HEARTBEAT                    node2?node3
[node3][PeerMessageHandler] Mensaje recibido: type=HEARTBEAT source=node2 L=248 ? local L=249
[node3][L=253 ] RECEIVE  HEARTBEAT                    node1?node3
[node3][PeerMessageHandler] Mensaje recibido: type=HEARTBEAT source=node1 L=252 ? local L=253
[node3][L=254 ] SEND     HEARTBEAT                    node3?node2
[node3][L=255 ] SEND     HEARTBEAT                    node3?node1
[node3][PeerConnMgr] Mensaje enviado a node1 type=HEARTBEAT L=255
[node3][PeerConnMgr] Mensaje enviado a node2 type=HEARTBEAT L=254
[node3][L=257 ] RECEIVE  HEARTBEAT                    node2?node3
[node3][PeerMessageHandler] Mensaje recibido: type=HEARTBEAT source=node2 L=256 ? local L=257
[node3][L=261 ] RECEIVE  HEARTBEAT                    node1?node3
[node3][PeerMessageHandler] Mensaje recibido: type=HEARTBEAT source=node1 L=260 ? local L=261
[node3][L=262 ] SEND     HEARTBEAT                    node3?node2
[node3][L=263 ] SEND     HEARTBEAT                    node3?node1
[node3][PeerConnMgr] Mensaje enviado a node1 type=HEARTBEAT L=263
[node3][PeerConnMgr] Mensaje enviado a node2 type=HEARTBEAT L=262
[node3][L=265 ] RECEIVE  HEARTBEAT                    node2?node3
[node3][PeerMessageHandler] Mensaje recibido: type=HEARTBEAT source=node2 L=264 ? local L=265
[node3][L=269 ] RECEIVE  HEARTBEAT                    node1?node3
[node3][PeerMessageHandler] Mensaje recibido: type=HEARTBEAT source=node1 L=268 ? local L=269
[node3][L=270 ] SEND     HEARTBEAT                    node3?node2
[node3][L=271 ] SEND     HEARTBEAT                    node3?node1
[node3][PeerConnMgr] Mensaje enviado a node1 type=HEARTBEAT L=271
[node3][PeerConnMgr] Mensaje enviado a node2 type=HEARTBEAT L=270
[node3][L=273 ] RECEIVE  HEARTBEAT                    node2?node3
[node3][PeerMessageHandler] Mensaje recibido: type=HEARTBEAT source=node2 L=272 ? local L=273
[node3][L=277 ] RECEIVE  HEARTBEAT                    node1?node3
[node3][PeerMessageHandler] Mensaje recibido: type=HEARTBEAT source=node1 L=276 ? local L=277
[node3][L=278 ] SEND     HEARTBEAT                    node3?node2
[node3][L=279 ] SEND     HEARTBEAT                    node3?node1
[node3][PeerConnMgr] Mensaje enviado a node2 type=HEARTBEAT L=278
[node3][PeerConnMgr] Mensaje enviado a node1 type=HEARTBEAT L=279
[node3][L=281 ] RECEIVE  HEARTBEAT                    node2?node3
[node3][PeerMessageHandler] Mensaje recibido: type=HEARTBEAT source=node2 L=280 ? local L=281
[node3][L=285 ] RECEIVE  HEARTBEAT                    node1?node3
[node3][PeerMessageHandler] Mensaje recibido: type=HEARTBEAT source=node1 L=284 ? local L=285
[node3][L=286 ] SEND     HEARTBEAT                    node3?node2
[node3][L=287 ] SEND     HEARTBEAT                    node3?node1
[node3][PeerConnMgr] Mensaje enviado a node1 type=HEARTBEAT L=287
[node3][PeerConnMgr] Mensaje enviado a node2 type=HEARTBEAT L=286
[node3][L=289 ] RECEIVE  HEARTBEAT                    node2?node3
[node3][PeerMessageHandler] Mensaje recibido: type=HEARTBEAT source=node2 L=288 ? local L=289
[node3][L=293 ] RECEIVE  HEARTBEAT                    node1?node3
[node3][PeerMessageHandler] Mensaje recibido: type=HEARTBEAT source=node1 L=292 ? local L=293
[node3][L=294 ] SEND     HEARTBEAT                    node3?node2
[node3][L=295 ] SEND     HEARTBEAT                    node3?node1
[node3][PeerConnMgr] Mensaje enviado a node2 type=HEARTBEAT L=294
[node3][PeerConnMgr] Mensaje enviado a node1 type=HEARTBEAT L=295
[node3][L=297 ] RECEIVE  HEARTBEAT                    node2?node3
[node3][PeerMessageHandler] Mensaje recibido: type=HEARTBEAT source=node2 L=296 ? local L=297
[node3][L=301 ] RECEIVE  HEARTBEAT                    node1?node3
[node3][PeerMessageHandler] Mensaje recibido: type=HEARTBEAT source=node1 L=300 ? local L=301
[node3][L=302 ] SEND     HEARTBEAT                    node3?node2
[node3][L=303 ] SEND     HEARTBEAT                    node3?node1
[node3][PeerConnMgr] Mensaje enviado a node1 type=HEARTBEAT L=303
[node3][PeerConnMgr] Mensaje enviado a node2 type=HEARTBEAT L=302
[node3][L=305 ] RECEIVE  HEARTBEAT                    node2?node3
[node3][PeerMessageHandler] Mensaje recibido: type=HEARTBEAT source=node2 L=304 ? local L=305
[node3][L=309 ] RECEIVE  HEARTBEAT                    node1?node3
[node3][PeerMessageHandler] Mensaje recibido: type=HEARTBEAT source=node1 L=308 ? local L=309
[node3][L=310 ] SEND     HEARTBEAT                    node3?node2
[node3][L=311 ] SEND     HEARTBEAT                    node3?node1
[node3][PeerConnMgr] Mensaje enviado a node2 type=HEARTBEAT L=310
[node3][PeerConnMgr] Mensaje enviado a node1 type=HEARTBEAT L=311
[node3][L=313 ] RECEIVE  HEARTBEAT                    node2?node3
[node3][PeerMessageHandler] Mensaje recibido: type=HEARTBEAT source=node2 L=312 ? local L=313
[node3][L=317 ] RECEIVE  HEARTBEAT                    node1?node3
[node3][PeerMessageHandler] Mensaje recibido: type=HEARTBEAT source=node1 L=316 ? local L=317
[node3][L=318 ] SEND     HEARTBEAT                    node3?node2
[node3][L=319 ] SEND     HEARTBEAT                    node3?node1
[node3][PeerConnMgr] Mensaje enviado a node2 type=HEARTBEAT L=318
[node3][PeerConnMgr] Mensaje enviado a node1 type=HEARTBEAT L=319
[node3][L=321 ] RECEIVE  HEARTBEAT                    node2?node3
[node3][PeerMessageHandler] Mensaje recibido: type=HEARTBEAT source=node2 L=320 ? local L=321
[node3][L=325 ] RECEIVE  HEARTBEAT                    node1?node3
[node3][PeerMessageHandler] Mensaje recibido: type=HEARTBEAT source=node1 L=324 ? local L=325
[node3][L=326 ] SEND     HEARTBEAT                    node3?node2
[node3][L=327 ] SEND     HEARTBEAT                    node3?node1
[node3][PeerConnMgr] Mensaje enviado a node1 type=HEARTBEAT L=327
[node3][PeerConnMgr] Mensaje enviado a node2 type=HEARTBEAT L=326
[node3][L=329 ] RECEIVE  HEARTBEAT                    node2?node3
[node3][PeerMessageHandler] Mensaje recibido: type=HEARTBEAT source=node2 L=328 ? local L=329
[node3][L=333 ] RECEIVE  HEARTBEAT                    node1?node3
[node3][PeerMessageHandler] Mensaje recibido: type=HEARTBEAT source=node1 L=332 ? local L=333
[node3][L=334 ] SEND     HEARTBEAT                    node3?node2
[node3][L=335 ] SEND     HEARTBEAT                    node3?node1
[node3][PeerConnMgr] Mensaje enviado a node2 type=HEARTBEAT L=334
[node3][PeerConnMgr] Mensaje enviado a node1 type=HEARTBEAT L=335
[node3][L=337 ] RECEIVE  HEARTBEAT                    node2?node3
[node3][PeerMessageHandler] Mensaje recibido: type=HEARTBEAT source=node2 L=336 ? local L=337
[node3][L=341 ] RECEIVE  HEARTBEAT                    node1?node3
[node3][PeerMessageHandler] Mensaje recibido: type=HEARTBEAT source=node1 L=340 ? local L=341
[node3][L=342 ] SEND     HEARTBEAT                    node3?node2
[node3][L=343 ] SEND     HEARTBEAT                    node3?node1
[node3][PeerConnMgr] Mensaje enviado a node2 type=HEARTBEAT L=342
[node3][PeerConnMgr] Mensaje enviado a node1 type=HEARTBEAT L=343
[node3][L=345 ] RECEIVE  HEARTBEAT                    node2?node3
[node3][PeerMessageHandler] Mensaje recibido: type=HEARTBEAT source=node2 L=344 ? local L=345
[node3][L=349 ] RECEIVE  HEARTBEAT                    node1?node3
[node3][PeerMessageHandler] Mensaje recibido: type=HEARTBEAT source=node1 L=348 ? local L=349
[node3][L=350 ] SEND     HEARTBEAT                    node3?node2
[node3][L=351 ] SEND     HEARTBEAT                    node3?node1
[node3][PeerConnMgr] Mensaje enviado a node1 type=HEARTBEAT L=351
[node3][PeerConnMgr] Mensaje enviado a node2 type=HEARTBEAT L=350
[node3][L=353 ] RECEIVE  HEARTBEAT                    node2?node3
[node3][PeerMessageHandler] Mensaje recibido: type=HEARTBEAT source=node2 L=352 ? local L=353
[node3][L=357 ] RECEIVE  HEARTBEAT                    node1?node3
[node3][PeerMessageHandler] Mensaje recibido: type=HEARTBEAT source=node1 L=356 ? local L=357
[node3][L=358 ] SEND     HEARTBEAT                    node3?node2
[node3][L=359 ] SEND     HEARTBEAT                    node3?node1
[node3][PeerConnMgr] Mensaje enviado a node1 type=HEARTBEAT L=359
[node3][PeerConnMgr] Mensaje enviado a node2 type=HEARTBEAT L=358
[node3][L=361 ] RECEIVE  HEARTBEAT                    node2?node3
[node3][PeerMessageHandler] Mensaje recibido: type=HEARTBEAT source=node2 L=360 ? local L=361
[node3][L=365 ] RECEIVE  HEARTBEAT                    node1?node3
[node3][PeerMessageHandler] Mensaje recibido: type=HEARTBEAT source=node1 L=364 ? local L=365
[node3][L=366 ] SEND     HEARTBEAT                    node3?node2
[node3][L=367 ] SEND     HEARTBEAT                    node3?node1
[node3][PeerConnMgr] Mensaje enviado a node2 type=HEARTBEAT L=366
[node3][PeerConnMgr] Mensaje enviado a node1 type=HEARTBEAT L=367
[node3][L=369 ] RECEIVE  HEARTBEAT                    node2?node3
[node3][PeerMessageHandler] Mensaje recibido: type=HEARTBEAT source=node2 L=368 ? local L=369
[node3][L=373 ] RECEIVE  HEARTBEAT                    node1?node3
[node3][PeerMessageHandler] Mensaje recibido: type=HEARTBEAT source=node1 L=372 ? local L=373
[node3][L=374 ] SEND     HEARTBEAT                    node3?node2
[node3][L=375 ] SEND     HEARTBEAT                    node3?node1
[node3][PeerConnMgr] Mensaje enviado a node1 type=HEARTBEAT L=375
[node3][PeerConnMgr] Mensaje enviado a node2 type=HEARTBEAT L=374
[node3][L=377 ] RECEIVE  HEARTBEAT                    node2?node3
[node3][PeerMessageHandler] Mensaje recibido: type=HEARTBEAT source=node2 L=376 ? local L=377
[node3][L=381 ] RECEIVE  HEARTBEAT                    node1?node3
[node3][PeerMessageHandler] Mensaje recibido: type=HEARTBEAT source=node1 L=380 ? local L=381
[node3][L=382 ] SEND     HEARTBEAT                    node3?node2
[node3][L=383 ] SEND     HEARTBEAT                    node3?node1
[node3][PeerConnMgr] Mensaje enviado a node2 type=HEARTBEAT L=382
[node3][PeerConnMgr] Mensaje enviado a node1 type=HEARTBEAT L=383
[node3][L=385 ] RECEIVE  HEARTBEAT                    node2?node3
[node3][PeerMessageHandler] Mensaje recibido: type=HEARTBEAT source=node2 L=384 ? local L=385
[node3][L=389 ] RECEIVE  HEARTBEAT                    node1?node3
[node3][PeerMessageHandler] Mensaje recibido: type=HEARTBEAT source=node1 L=388 ? local L=389
[node3][L=390 ] SEND     HEARTBEAT                    node3?node2
[node3][L=391 ] SEND     HEARTBEAT                    node3?node1
[node3][PeerConnMgr] Mensaje enviado a node1 type=HEARTBEAT L=391
[node3][PeerConnMgr] Mensaje enviado a node2 type=HEARTBEAT L=390
[node3][L=393 ] RECEIVE  HEARTBEAT                    node2?node3
[node3][PeerMessageHandler] Mensaje recibido: type=HEARTBEAT source=node2 L=392 ? local L=393
[node3][L=397 ] RECEIVE  HEARTBEAT                    node1?node3
[node3][PeerMessageHandler] Mensaje recibido: type=HEARTBEAT source=node1 L=396 ? local L=397
[node3] Nueva conexión de cliente desde: /127.0.0.1
[node3][L=398 ] SEND     HEARTBEAT                    node3?node2
[node3][L=399 ] SEND     HEARTBEAT                    node3?node1
[node3][PeerConnMgr] Mensaje enviado a node2 type=HEARTBEAT L=398
[node3][PeerConnMgr] Mensaje enviado a node1 type=HEARTBEAT L=399
[node3][L=401 ] RECEIVE  HEARTBEAT                    node2?node3
[node3][PeerMessageHandler] Mensaje recibido: type=HEARTBEAT source=node2 L=400 ? local L=401
[node3][L=405 ] RECEIVE  HEARTBEAT                    node1?node3
[node3][PeerMessageHandler] Mensaje recibido: type=HEARTBEAT source=node1 L=404 ? local L=405
[node3][L=406 ] SEND     HEARTBEAT                    node3?node2
[node3][L=407 ] SEND     HEARTBEAT                    node3?node1
[node3][PeerConnMgr] Mensaje enviado a node2 type=HEARTBEAT L=406
[node3][PeerConnMgr] Mensaje enviado a node1 type=HEARTBEAT L=407
[node3][L=409 ] RECEIVE  HEARTBEAT                    node2?node3
[node3][PeerMessageHandler] Mensaje recibido: type=HEARTBEAT source=node2 L=408 ? local L=409
[node3][L=413 ] RECEIVE  HEARTBEAT                    node1?node3
[node3][PeerMessageHandler] Mensaje recibido: type=HEARTBEAT source=node1 L=412 ? local L=413
[node3][L=414 ] SEND     HEARTBEAT                    node3?node2
[node3][L=415 ] SEND     HEARTBEAT                    node3?node1
[node3][PeerConnMgr] Mensaje enviado a node1 type=HEARTBEAT L=415
[node3][PeerConnMgr] Mensaje enviado a node2 type=HEARTBEAT L=414
[node3][L=417 ] RECEIVE  HEARTBEAT                    node2?node3
[node3][PeerMessageHandler] Mensaje recibido: type=HEARTBEAT source=node2 L=416 ? local L=417
[node3][L=420 ] RECEIVE  USER_LOGIN_ANNOUNCE          node1?node3
[node3][PeerMessageHandler] Mensaje recibido: type=USER_LOGIN_ANNOUNCE source=node1 L=419 ? local L=420
[node3][PeerMessageHandler] Usuario usuarioA registrado remoto en nodo node1
[node3][L=422 ] RECEIVE  HEARTBEAT                    node1?node3
[node3][PeerMessageHandler] Mensaje recibido: type=HEARTBEAT source=node1 L=421 ? local L=422
[node3][L=423 ] SEND     HEARTBEAT                    node3?node2
[node3][L=424 ] SEND     HEARTBEAT                    node3?node1
[node3][PeerConnMgr] Mensaje enviado a node1 type=HEARTBEAT L=424
[node3][PeerConnMgr] Mensaje enviado a node2 type=HEARTBEAT L=423
[node3][L=426 ] RECEIVE  HEARTBEAT                    node2?node3
[node3][PeerMessageHandler] Mensaje recibido: type=HEARTBEAT source=node2 L=425 ? local L=426
[node3][L=430 ] RECEIVE  HEARTBEAT                    node1?node3
[node3][PeerMessageHandler] Mensaje recibido: type=HEARTBEAT source=node1 L=429 ? local L=430
[node3][L=431 ] RECEIVE  USER_LOGIN_ANNOUNCE          node2?node3
[node3][PeerMessageHandler] Mensaje recibido: type=USER_LOGIN_ANNOUNCE source=node2 L=430 ? local L=431
[node3][PeerMessageHandler] Usuario usuarioB registrado remoto en nodo node2
[node3][L=432 ] SEND     HEARTBEAT                    node3?node2
[node3][L=433 ] SEND     HEARTBEAT                    node3?node1
[node3][PeerConnMgr] Mensaje enviado a node2 type=HEARTBEAT L=432
[node3][PeerConnMgr] Mensaje enviado a node1 type=HEARTBEAT L=433
[node3][L=435 ] RECEIVE  HEARTBEAT                    node2?node3
[node3][PeerMessageHandler] Mensaje recibido: type=HEARTBEAT source=node2 L=434 ? local L=435
[node3][L=439 ] RECEIVE  HEARTBEAT                    node1?node3
[node3][PeerMessageHandler] Mensaje recibido: type=HEARTBEAT source=node1 L=438 ? local L=439
[node3][L=440 ] SEND     HEARTBEAT                    node3?node2
[node3][L=441 ] SEND     HEARTBEAT                    node3?node1
[node3][PeerConnMgr] Mensaje enviado a node2 type=HEARTBEAT L=440
[node3][PeerConnMgr] Mensaje enviado a node1 type=HEARTBEAT L=441
[node3][L=442 ] LOCAL    LOGIN                        usuarioC@node3
Usuario usuarioC autenticado en node3 L=442
[node3][PeerConnMgr] Mensaje enviado a node2 type=USER_LOGIN_ANNOUNCE L=442
[node3][PeerConnMgr] Mensaje enviado a node1 type=USER_LOGIN_ANNOUNCE L=442
[node3][L=445 ] RECEIVE  HEARTBEAT                    node2?node3
[node3][PeerMessageHandler] Mensaje recibido: type=HEARTBEAT source=node2 L=444 ? local L=445
[node3][L=449 ] RECEIVE  HEARTBEAT                    node1?node3
[node3][PeerMessageHandler] Mensaje recibido: type=HEARTBEAT source=node1 L=448 ? local L=449
[node3][L=450 ] SEND     HEARTBEAT                    node3?node2
[node3][L=451 ] SEND     HEARTBEAT                    node3?node1
[node3][PeerConnMgr] Mensaje enviado a node2 type=HEARTBEAT L=450
[node3][PeerConnMgr] Mensaje enviado a node1 type=HEARTBEAT L=451
[node3][L=453 ] RECEIVE  HEARTBEAT                    node2?node3
[node3][PeerMessageHandler] Mensaje recibido: type=HEARTBEAT source=node2 L=452 ? local L=453
[node3][L=457 ] RECEIVE  HEARTBEAT                    node1?node3
[node3][PeerMessageHandler] Mensaje recibido: type=HEARTBEAT source=node1 L=456 ? local L=457
[node3][L=458 ] SEND     HEARTBEAT                    node3?node2
[node3][L=459 ] SEND     HEARTBEAT                    node3?node1
[node3][PeerConnMgr] Mensaje enviado a node2 type=HEARTBEAT L=458
[node3][PeerConnMgr] Mensaje enviado a node1 type=HEARTBEAT L=459
[node3][L=461 ] RECEIVE  HEARTBEAT                    node2?node3
[node3][PeerMessageHandler] Mensaje recibido: type=HEARTBEAT source=node2 L=460 ? local L=461
[node3][L=465 ] RECEIVE  HEARTBEAT                    node1?node3
[node3][PeerMessageHandler] Mensaje recibido: type=HEARTBEAT source=node1 L=464 ? local L=465
[node3][L=466 ] SEND     HEARTBEAT                    node3?node2
[node3][L=467 ] SEND     HEARTBEAT                    node3?node1
[node3][PeerConnMgr] Mensaje enviado a node2 type=HEARTBEAT L=466
[node3][PeerConnMgr] Mensaje enviado a node1 type=HEARTBEAT L=467
[node3][L=469 ] RECEIVE  HEARTBEAT                    node2?node3
[node3][PeerMessageHandler] Mensaje recibido: type=HEARTBEAT source=node2 L=468 ? local L=469
[node3][L=474 ] RECEIVE  HEARTBEAT                    node1?node3
[node3][PeerMessageHandler] Mensaje recibido: type=HEARTBEAT source=node1 L=473 ? local L=474
[node3][L=475 ] SEND     HEARTBEAT                    node3?node2
[node3][L=476 ] SEND     HEARTBEAT                    node3?node1
[node3][PeerConnMgr] Mensaje enviado a node2 type=HEARTBEAT L=475
[node3][PeerConnMgr] Mensaje enviado a node1 type=HEARTBEAT L=476
[node3][L=478 ] RECEIVE  HEARTBEAT                    node2?node3
[node3][PeerMessageHandler] Mensaje recibido: type=HEARTBEAT source=node2 L=477 ? local L=478
[node3][L=482 ] RECEIVE  HEARTBEAT                    node1?node3
[node3][PeerMessageHandler] Mensaje recibido: type=HEARTBEAT source=node1 L=481 ? local L=482
[node3][L=483 ] SEND     HEARTBEAT                    node3?node2
[node3][L=484 ] SEND     HEARTBEAT                    node3?node1
[node3][PeerConnMgr] Mensaje enviado a node2 type=HEARTBEAT L=483
[node3][PeerConnMgr] Mensaje enviado a node1 type=HEARTBEAT L=484
[node3][L=486 ] RECEIVE  HEARTBEAT                    node2?node3
[node3][PeerMessageHandler] Mensaje recibido: type=HEARTBEAT source=node2 L=485 ? local L=486
[node3][L=490 ] RECEIVE  HEARTBEAT                    node1?node3
[node3][PeerMessageHandler] Mensaje recibido: type=HEARTBEAT source=node1 L=489 ? local L=490
[node3][L=491 ] SEND     HEARTBEAT                    node3?node2
[node3][L=492 ] SEND     HEARTBEAT                    node3?node1
[node3][PeerConnMgr] Mensaje enviado a node2 type=HEARTBEAT L=491
[node3][PeerConnMgr] Mensaje enviado a node1 type=HEARTBEAT L=492
[node3][L=494 ] RECEIVE  HEARTBEAT                    node2?node3
[node3][PeerMessageHandler] Mensaje recibido: type=HEARTBEAT source=node2 L=493 ? local L=494
[node3][L=498 ] RECEIVE  HEARTBEAT                    node1?node3
[node3][PeerMessageHandler] Mensaje recibido: type=HEARTBEAT source=node1 L=497 ? local L=498
[node3][L=499 ] SEND     HEARTBEAT                    node3?node2
[node3][L=500 ] SEND     HEARTBEAT                    node3?node1
[node3][PeerConnMgr] Mensaje enviado a node2 type=HEARTBEAT L=499
[node3][PeerConnMgr] Mensaje enviado a node1 type=HEARTBEAT L=500
[node3][L=502 ] RECEIVE  HEARTBEAT                    node2?node3
[node3][PeerMessageHandler] Mensaje recibido: type=HEARTBEAT source=node2 L=501 ? local L=502
[node3][L=506 ] RECEIVE  HEARTBEAT                    node1?node3
[node3][PeerMessageHandler] Mensaje recibido: type=HEARTBEAT source=node1 L=505 ? local L=506
[node3][L=507 ] SEND     HEARTBEAT                    node3?node2
[node3][L=508 ] SEND     HEARTBEAT                    node3?node1
[node3][PeerConnMgr] Mensaje enviado a node2 type=HEARTBEAT L=507
[node3][PeerConnMgr] Mensaje enviado a node1 type=HEARTBEAT L=508
[node3][L=510 ] RECEIVE  HEARTBEAT                    node2?node3
[node3][PeerMessageHandler] Mensaje recibido: type=HEARTBEAT source=node2 L=509 ? local L=510
[node3][L=512 ] RECEIVE  MUTEX_REQUEST                node2?node3
[node3][PeerMessageHandler] Mensaje recibido: type=MUTEX_REQUEST source=node2 L=511 ? local L=512
[node3][Ricart-Agrawala] REQUEST de node2 L=511 ? REPLY inmediato
[node3][L=513 ] SEND     MUTEX_REPLY                  node3?node2
[node3][PeerConnMgr] Mensaje enviado a node2 type=MUTEX_REPLY L=513
[node3][L=517 ] RECEIVE  APP                          node2?node3
[node3][PeerMessageHandler] Mensaje recibido: type=APP source=node2 L=516 ? local L=517
[node3][Ricart-Agrawala] ACQUIRE 'GROUP_REGISTRY': REQUEST L=518 ? [node2, node1]
[node3][L=518 ] SEND     MUTEX_REQUEST                node3?node2
[node3][L=518 ] SEND     MUTEX_REQUEST                node3?node1
[node3][L=519 ] RECEIVE  MUTEX_REQUEST                node1?node3
[node3][PeerMessageHandler] Mensaje recibido: type=MUTEX_REQUEST source=node1 L=518 ? local L=519
[node3][Ricart-Agrawala] REQUEST de node1 L=518 ? REPLY inmediato
[node3][L=520 ] SEND     MUTEX_REPLY                  node3?node1
[node3][PeerConnMgr] Mensaje enviado a node1 type=MUTEX_REQUEST L=518
[node3][PeerConnMgr] Mensaje enviado a node1 type=MUTEX_REPLY L=520
[node3][PeerConnMgr] Mensaje enviado a node2 type=MUTEX_REQUEST L=518
[node3][L=525 ] RECEIVE  MUTEX_REPLY                  node1?node3
[node3][PeerMessageHandler] Mensaje recibido: type=MUTEX_REPLY source=node1 L=524 ? local L=525
[node3][Ricart-Agrawala] REPLY de node1 — pendientes: [node2]
[node3][L=526 ] RECEIVE  MUTEX_REPLY                  node2?node3
[node3][PeerMessageHandler] Mensaje recibido: type=MUTEX_REPLY source=node2 L=522 ? local L=526
[node3][Ricart-Agrawala] REPLY de node2 — pendientes: []
[node3][Ricart-Agrawala] HELD — todos los replies recibidos
[node3][Ricart-Agrawala] RELEASED — respondiendo a 0 diferidos
[node3][PeerMessageHandler] Grupo creado remotamente: grupo1 por usuarioB
[node3][L=527 ] RECEIVE  HEARTBEAT                    node1?node3
[node3][PeerMessageHandler] Mensaje recibido: type=HEARTBEAT source=node1 L=526 ? local L=527
[node3][L=528 ] SEND     HEARTBEAT                    node3?node2
[node3][L=529 ] SEND     HEARTBEAT                    node3?node1
[node3][PeerConnMgr] Mensaje enviado a node1 type=HEARTBEAT L=529
[node3][PeerConnMgr] Mensaje enviado a node2 type=HEARTBEAT L=528
[node3][L=531 ] RECEIVE  HEARTBEAT                    node2?node3
[node3][PeerMessageHandler] Mensaje recibido: type=HEARTBEAT source=node2 L=530 ? local L=531
[node3][L=535 ] RECEIVE  HEARTBEAT                    node1?node3
[node3][PeerMessageHandler] Mensaje recibido: type=HEARTBEAT source=node1 L=534 ? local L=535
[node3][L=536 ] SEND     HEARTBEAT                    node3?node2
[node3][L=537 ] SEND     HEARTBEAT                    node3?node1
[node3][PeerConnMgr] Mensaje enviado a node1 type=HEARTBEAT L=537
[node3][PeerConnMgr] Mensaje enviado a node2 type=HEARTBEAT L=536
[node3][L=539 ] RECEIVE  HEARTBEAT                    node2?node3
[node3][PeerMessageHandler] Mensaje recibido: type=HEARTBEAT source=node2 L=538 ? local L=539
[node3][L=543 ] RECEIVE  HEARTBEAT                    node1?node3
[node3][PeerMessageHandler] Mensaje recibido: type=HEARTBEAT source=node1 L=542 ? local L=543
[node3][Ricart-Agrawala] ACQUIRE 'GROUP_REGISTRY': REQUEST L=544 ? [node2, node1]
[node3][L=544 ] SEND     MUTEX_REQUEST                node3?node2
[node3][L=544 ] SEND     MUTEX_REQUEST                node3?node1
[node3][PeerConnMgr] Mensaje enviado a node2 type=MUTEX_REQUEST L=544
[node3][PeerConnMgr] Mensaje enviado a node1 type=MUTEX_REQUEST L=544
[node3][L=547 ] RECEIVE  MUTEX_REPLY                  node2?node3
[node3][PeerMessageHandler] Mensaje recibido: type=MUTEX_REPLY source=node2 L=546 ? local L=547
[node3][L=548 ] RECEIVE  MUTEX_REPLY                  node1?node3
[node3][PeerMessageHandler] Mensaje recibido: type=MUTEX_REPLY source=node1 L=546 ? local L=548
[node3][Ricart-Agrawala] REPLY de node2 — pendientes: [node1]
[node3][Ricart-Agrawala] REPLY de node1 — pendientes: []
[node3][Ricart-Agrawala] HELD — todos los replies recibidos
[node3][Ricart-Agrawala] RELEASED — respondiendo a 0 diferidos
[node3][L=549 ] SEND     APP_JOIN_GROUP               node3?*
[Router] Usuario usuarioC se unió a grupo1 y se difundió. L=549
[node3][PeerConnMgr] Mensaje enviado a node2 type=APP L=549
[node3][PeerConnMgr] Mensaje enviado a node1 type=APP L=549
[node3][L=552 ] RECEIVE  MUTEX_REQUEST                node2?node3
[node3][PeerMessageHandler] Mensaje recibido: type=MUTEX_REQUEST source=node2 L=551 ? local L=552
[node3][Ricart-Agrawala] REQUEST de node2 L=551 ? REPLY inmediato
[node3][L=553 ] SEND     MUTEX_REPLY                  node3?node2
[node3][L=554 ] RECEIVE  MUTEX_REQUEST                node1?node3
[node3][PeerMessageHandler] Mensaje recibido: type=MUTEX_REQUEST source=node1 L=551 ? local L=554
[node3][Ricart-Agrawala] REQUEST de node1 L=551 ? REPLY inmediato
[node3][L=555 ] SEND     MUTEX_REPLY                  node3?node1
[node3][PeerConnMgr] Mensaje enviado a node2 type=MUTEX_REPLY L=553
[node3][PeerConnMgr] Mensaje enviado a node1 type=MUTEX_REPLY L=555
[node3][L=556 ] SEND     HEARTBEAT                    node3?node2
[node3][L=557 ] SEND     HEARTBEAT                    node3?node1
[node3][PeerConnMgr] Mensaje enviado a node1 type=HEARTBEAT L=557
[node3][PeerConnMgr] Mensaje enviado a node2 type=HEARTBEAT L=556
[node3][L=562 ] RECEIVE  HEARTBEAT                    node2?node3
[node3][PeerMessageHandler] Mensaje recibido: type=HEARTBEAT source=node2 L=561 ? local L=562
[node3][L=566 ] RECEIVE  HEARTBEAT                    node1?node3
[node3][PeerMessageHandler] Mensaje recibido: type=HEARTBEAT source=node1 L=565 ? local L=566
[node3][L=567 ] RECEIVE  MUTEX_REQUEST                node1?node3
[node3][PeerMessageHandler] Mensaje recibido: type=MUTEX_REQUEST source=node1 L=566 ? local L=567
[node3][Ricart-Agrawala] REQUEST de node1 L=566 ? REPLY inmediato
[node3][L=568 ] SEND     MUTEX_REPLY                  node3?node1
[node3][PeerConnMgr] Mensaje enviado a node1 type=MUTEX_REPLY L=568
[node3][L=572 ] RECEIVE  APP                          node1?node3
[node3][PeerMessageHandler] Mensaje recibido: type=APP source=node1 L=571 ? local L=572
[node3][Ricart-Agrawala] ACQUIRE 'GROUP_REGISTRY': REQUEST L=573 ? [node2, node1]
[node3][L=573 ] SEND     MUTEX_REQUEST                node3?node2
[node3][L=573 ] SEND     MUTEX_REQUEST                node3?node1
[node3][PeerConnMgr] Mensaje enviado a node2 type=MUTEX_REQUEST L=573
[node3][L=574 ] RECEIVE  MUTEX_REQUEST                node2?node3
[node3][PeerMessageHandler] Mensaje recibido: type=MUTEX_REQUEST source=node2 L=573 ? local L=574
[node3][Ricart-Agrawala] REQUEST de node2 L=573 ? REPLY inmediato
[node3][L=575 ] SEND     MUTEX_REPLY                  node3?node2
[node3][PeerConnMgr] Mensaje enviado a node2 type=MUTEX_REPLY L=575
[node3][PeerConnMgr] Mensaje enviado a node1 type=MUTEX_REQUEST L=573
[node3][L=577 ] RECEIVE  MUTEX_REPLY                  node1?node3
[node3][PeerMessageHandler] Mensaje recibido: type=MUTEX_REPLY source=node1 L=576 ? local L=577
[node3][Ricart-Agrawala] REPLY de node1 — pendientes: [node2]
[node3][L=580 ] RECEIVE  MUTEX_REPLY                  node2?node3
[node3][PeerMessageHandler] Mensaje recibido: type=MUTEX_REPLY source=node2 L=579 ? local L=580
[node3][Ricart-Agrawala] REPLY de node2 — pendientes: []
[node3][Ricart-Agrawala] HELD — todos los replies recibidos
[node3][Ricart-Agrawala] RELEASED — respondiendo a 0 diferidos
[node3][PeerMessageHandler] Usuario usuarioA se unió al grupo grupo1 (desde otro nodo)
[node3][L=581 ] SEND     HEARTBEAT                    node3?node2
[node3][L=582 ] SEND     HEARTBEAT                    node3?node1
[node3][PeerConnMgr] Mensaje enviado a node1 type=HEARTBEAT L=582
[node3][PeerConnMgr] Mensaje enviado a node2 type=HEARTBEAT L=581
[node3][L=584 ] RECEIVE  HEARTBEAT                    node2?node3
[node3][PeerMessageHandler] Mensaje recibido: type=HEARTBEAT source=node2 L=583 ? local L=584
[node3][L=588 ] RECEIVE  HEARTBEAT                    node1?node3
[node3][PeerMessageHandler] Mensaje recibido: type=HEARTBEAT source=node1 L=587 ? local L=588
[node3][L=589 ] SEND     HEARTBEAT                    node3?node2
[node3][L=590 ] SEND     HEARTBEAT                    node3?node1
[node3][PeerConnMgr] Mensaje enviado a node1 type=HEARTBEAT L=590
[node3][PeerConnMgr] Mensaje enviado a node2 type=HEARTBEAT L=589
[node3][L=592 ] RECEIVE  HEARTBEAT                    node2?node3
[node3][PeerMessageHandler] Mensaje recibido: type=HEARTBEAT source=node2 L=591 ? local L=592
[node3][L=596 ] RECEIVE  HEARTBEAT                    node1?node3
[node3][PeerMessageHandler] Mensaje recibido: type=HEARTBEAT source=node1 L=595 ? local L=596
[node3][L=597 ] SEND     HEARTBEAT                    node3?node2
[node3][L=598 ] SEND     HEARTBEAT                    node3?node1
[node3][PeerConnMgr] Mensaje enviado a node2 type=HEARTBEAT L=597
[node3][PeerConnMgr] Mensaje enviado a node1 type=HEARTBEAT L=598
[node3][L=600 ] RECEIVE  HEARTBEAT                    node2?node3
[node3][PeerMessageHandler] Mensaje recibido: type=HEARTBEAT source=node2 L=599 ? local L=600
[node3][L=604 ] RECEIVE  HEARTBEAT                    node1?node3
[node3][PeerMessageHandler] Mensaje recibido: type=HEARTBEAT source=node1 L=603 ? local L=604
[node3][L=605 ] SEND     HEARTBEAT                    node3?node2
[node3][L=606 ] SEND     HEARTBEAT                    node3?node1
[node3][PeerConnMgr] Mensaje enviado a node1 type=HEARTBEAT L=606
[node3][PeerConnMgr] Mensaje enviado a node2 type=HEARTBEAT L=605
[node3][L=608 ] RECEIVE  HEARTBEAT                    node2?node3
[node3][PeerMessageHandler] Mensaje recibido: type=HEARTBEAT source=node2 L=607 ? local L=608
[node3][L=612 ] RECEIVE  HEARTBEAT                    node1?node3
[node3][PeerMessageHandler] Mensaje recibido: type=HEARTBEAT source=node1 L=611 ? local L=612
[node3][L=613 ] SEND     HEARTBEAT                    node3?node2
[node3][L=614 ] SEND     HEARTBEAT                    node3?node1
[node3][PeerConnMgr] Mensaje enviado a node1 type=HEARTBEAT L=614
[node3][PeerConnMgr] Mensaje enviado a node2 type=HEARTBEAT L=613
[node3][L=616 ] RECEIVE  HEARTBEAT                    node2?node3
[node3][PeerMessageHandler] Mensaje recibido: type=HEARTBEAT source=node2 L=615 ? local L=616
[node3][L=620 ] RECEIVE  HEARTBEAT                    node1?node3
[node3][PeerMessageHandler] Mensaje recibido: type=HEARTBEAT source=node1 L=619 ? local L=620
[node3][L=621 ] SEND     HEARTBEAT                    node3?node2
[node3][L=622 ] SEND     HEARTBEAT                    node3?node1
[node3][PeerConnMgr] Mensaje enviado a node2 type=HEARTBEAT L=621
[node3][PeerConnMgr] Mensaje enviado a node1 type=HEARTBEAT L=622
[node3][L=624 ] RECEIVE  HEARTBEAT                    node2?node3
[node3][PeerMessageHandler] Mensaje recibido: type=HEARTBEAT source=node2 L=623 ? local L=624
[node3][L=628 ] RECEIVE  HEARTBEAT                    node1?node3
[node3][PeerMessageHandler] Mensaje recibido: type=HEARTBEAT source=node1 L=627 ? local L=628
[node3][L=629 ] SEND     HEARTBEAT                    node3?node2
[node3][L=630 ] SEND     HEARTBEAT                    node3?node1
[node3][PeerConnMgr] Mensaje enviado a node2 type=HEARTBEAT L=629
[node3][PeerConnMgr] Mensaje enviado a node1 type=HEARTBEAT L=630
[node3][L=632 ] RECEIVE  HEARTBEAT                    node2?node3
[node3][PeerMessageHandler] Mensaje recibido: type=HEARTBEAT source=node2 L=631 ? local L=632
[node3][L=636 ] RECEIVE  HEARTBEAT                    node1?node3
[node3][PeerMessageHandler] Mensaje recibido: type=HEARTBEAT source=node1 L=635 ? local L=636
[node3][L=637 ] SEND     HEARTBEAT                    node3?node2
[node3][L=638 ] SEND     HEARTBEAT                    node3?node1
[node3][PeerConnMgr] Mensaje enviado a node2 type=HEARTBEAT L=637
[node3][PeerConnMgr] Mensaje enviado a node1 type=HEARTBEAT L=638
[node3][L=640 ] RECEIVE  HEARTBEAT                    node2?node3
[node3][PeerMessageHandler] Mensaje recibido: type=HEARTBEAT source=node2 L=639 ? local L=640
[node3][L=644 ] RECEIVE  HEARTBEAT                    node1?node3
[node3][PeerMessageHandler] Mensaje recibido: type=HEARTBEAT source=node1 L=643 ? local L=644
[node3][L=645 ] SEND     HEARTBEAT                    node3?node2
[node3][L=646 ] SEND     HEARTBEAT                    node3?node1
[node3][PeerConnMgr] Mensaje enviado a node2 type=HEARTBEAT L=645
[node3][PeerConnMgr] Mensaje enviado a node1 type=HEARTBEAT L=646
[node3][L=648 ] RECEIVE  HEARTBEAT                    node2?node3
[node3][PeerMessageHandler] Mensaje recibido: type=HEARTBEAT source=node2 L=647 ? local L=648
[node3][L=652 ] RECEIVE  HEARTBEAT                    node1?node3
[node3][PeerMessageHandler] Mensaje recibido: type=HEARTBEAT source=node1 L=651 ? local L=652
[node3][L=653 ] SEND     HEARTBEAT                    node3?node2
[node3][L=654 ] SEND     HEARTBEAT                    node3?node1
[node3][PeerConnMgr] Mensaje enviado a node2 type=HEARTBEAT L=653
[node3][PeerConnMgr] Mensaje enviado a node1 type=HEARTBEAT L=654
[node3][L=656 ] RECEIVE  HEARTBEAT                    node2?node3
[node3][PeerMessageHandler] Mensaje recibido: type=HEARTBEAT source=node2 L=655 ? local L=656
[node3][L=660 ] RECEIVE  HEARTBEAT                    node1?node3
[node3][PeerMessageHandler] Mensaje recibido: type=HEARTBEAT source=node1 L=659 ? local L=660
[node3][L=661 ] SEND     HEARTBEAT                    node3?node2
[node3][L=662 ] SEND     HEARTBEAT                    node3?node1
[node3][PeerConnMgr] Mensaje enviado a node2 type=HEARTBEAT L=661
[node3][PeerConnMgr] Mensaje enviado a node1 type=HEARTBEAT L=662
[node3][L=664 ] RECEIVE  HEARTBEAT                    node2?node3
[node3][PeerMessageHandler] Mensaje recibido: type=HEARTBEAT source=node2 L=663 ? local L=664
[node3][L=668 ] RECEIVE  HEARTBEAT                    node1?node3
[node3][PeerMessageHandler] Mensaje recibido: type=HEARTBEAT source=node1 L=667 ? local L=668
[node3][L=669 ] SEND     HEARTBEAT                    node3?node2
[node3][L=670 ] SEND     HEARTBEAT                    node3?node1
[node3][PeerConnMgr] Mensaje enviado a node2 type=HEARTBEAT L=669
[node3][PeerConnMgr] Mensaje enviado a node1 type=HEARTBEAT L=670
[node3][L=672 ] RECEIVE  HEARTBEAT                    node2?node3
[node3][PeerMessageHandler] Mensaje recibido: type=HEARTBEAT source=node2 L=671 ? local L=672
[node3][L=676 ] RECEIVE  HEARTBEAT                    node1?node3
[node3][PeerMessageHandler] Mensaje recibido: type=HEARTBEAT source=node1 L=675 ? local L=676
[node3][L=677 ] SEND     HEARTBEAT                    node3?node2
[node3][L=678 ] SEND     HEARTBEAT                    node3?node1
[node3][PeerConnMgr] Mensaje enviado a node2 type=HEARTBEAT L=677
[node3][PeerConnMgr] Mensaje enviado a node1 type=HEARTBEAT L=678
[node3][L=680 ] RECEIVE  HEARTBEAT                    node2?node3
[node3][PeerMessageHandler] Mensaje recibido: type=HEARTBEAT source=node2 L=679 ? local L=680
[node3][L=684 ] RECEIVE  HEARTBEAT                    node1?node3
[node3][PeerMessageHandler] Mensaje recibido: type=HEARTBEAT source=node1 L=683 ? local L=684
[node3][L=685 ] SEND     HEARTBEAT                    node3?node2
[node3][L=686 ] SEND     HEARTBEAT                    node3?node1
[node3][PeerConnMgr] Mensaje enviado a node1 type=HEARTBEAT L=686
[node3][PeerConnMgr] Mensaje enviado a node2 type=HEARTBEAT L=685
[node3][L=688 ] RECEIVE  HEARTBEAT                    node2?node3
[node3][PeerMessageHandler] Mensaje recibido: type=HEARTBEAT source=node2 L=687 ? local L=688
[node3][L=692 ] RECEIVE  HEARTBEAT                    node1?node3
[node3][PeerMessageHandler] Mensaje recibido: type=HEARTBEAT source=node1 L=691 ? local L=692
[node3][L=693 ] SEND     HEARTBEAT                    node3?node2
[node3][L=694 ] SEND     HEARTBEAT                    node3?node1
[node3][PeerConnMgr] Mensaje enviado a node2 type=HEARTBEAT L=693
[node3][PeerConnMgr] Mensaje enviado a node1 type=HEARTBEAT L=694
[node3][L=696 ] RECEIVE  HEARTBEAT                    node2?node3
[node3][PeerMessageHandler] Mensaje recibido: type=HEARTBEAT source=node2 L=695 ? local L=696
[node3][L=700 ] RECEIVE  HEARTBEAT                    node1?node3
[node3][PeerMessageHandler] Mensaje recibido: type=HEARTBEAT source=node1 L=699 ? local L=700
[node3][L=701 ] SEND     HEARTBEAT                    node3?node2
[node3][L=702 ] SEND     HEARTBEAT                    node3?node1
[node3][PeerConnMgr] Mensaje enviado a node2 type=HEARTBEAT L=701
[node3][PeerConnMgr] Mensaje enviado a node1 type=HEARTBEAT L=702
[node3][L=704 ] RECEIVE  HEARTBEAT                    node2?node3
[node3][PeerMessageHandler] Mensaje recibido: type=HEARTBEAT source=node2 L=703 ? local L=704
[node3][L=708 ] RECEIVE  HEARTBEAT                    node1?node3
[node3][PeerMessageHandler] Mensaje recibido: type=HEARTBEAT source=node1 L=707 ? local L=708
[node3][L=709 ] SEND     HEARTBEAT                    node3?node2
[node3][L=710 ] SEND     HEARTBEAT                    node3?node1
[node3][PeerConnMgr] Mensaje enviado a node1 type=HEARTBEAT L=710
[node3][PeerConnMgr] Mensaje enviado a node2 type=HEARTBEAT L=709
[node3][L=712 ] RECEIVE  HEARTBEAT                    node2?node3
[node3][PeerMessageHandler] Mensaje recibido: type=HEARTBEAT source=node2 L=711 ? local L=712
[node3][L=716 ] RECEIVE  HEARTBEAT                    node1?node3
[node3][PeerMessageHandler] Mensaje recibido: type=HEARTBEAT source=node1 L=715 ? local L=716
[node3][L=717 ] SEND     HEARTBEAT                    node3?node2
[node3][L=718 ] SEND     HEARTBEAT                    node3?node1
[node3][PeerConnMgr] Mensaje enviado a node2 type=HEARTBEAT L=717
[node3][PeerConnMgr] Mensaje enviado a node1 type=HEARTBEAT L=718
[node3][L=720 ] RECEIVE  HEARTBEAT                    node2?node3
[node3][PeerMessageHandler] Mensaje recibido: type=HEARTBEAT source=node2 L=719 ? local L=720
[node3][L=724 ] RECEIVE  HEARTBEAT                    node1?node3
[node3][PeerMessageHandler] Mensaje recibido: type=HEARTBEAT source=node1 L=723 ? local L=724
[node3][L=725 ] SEND     HEARTBEAT                    node3?node2
[node3][L=726 ] SEND     HEARTBEAT                    node3?node1
[node3][PeerConnMgr] Mensaje enviado a node2 type=HEARTBEAT L=725
[node3][PeerConnMgr] Mensaje enviado a node1 type=HEARTBEAT L=726
[node3][L=728 ] RECEIVE  HEARTBEAT                    node2?node3
[node3][PeerMessageHandler] Mensaje recibido: type=HEARTBEAT source=node2 L=727 ? local L=728
[node3][L=732 ] RECEIVE  HEARTBEAT                    node1?node3
[node3][PeerMessageHandler] Mensaje recibido: type=HEARTBEAT source=node1 L=731 ? local L=732
[node3][L=733 ] SEND     HEARTBEAT                    node3?node2
[node3][L=734 ] SEND     HEARTBEAT                    node3?node1
[node3][PeerConnMgr] Mensaje enviado a node2 type=HEARTBEAT L=733
[node3][PeerConnMgr] Mensaje enviado a node1 type=HEARTBEAT L=734
[node3][L=736 ] RECEIVE  HEARTBEAT                    node2?node3
[node3][PeerMessageHandler] Mensaje recibido: type=HEARTBEAT source=node2 L=735 ? local L=736
[node3][L=740 ] RECEIVE  HEARTBEAT                    node1?node3
[node3][PeerMessageHandler] Mensaje recibido: type=HEARTBEAT source=node1 L=739 ? local L=740
[node3][L=741 ] SEND     HEARTBEAT                    node3?node2
[node3][L=742 ] SEND     HEARTBEAT                    node3?node1
[node3][PeerConnMgr] Mensaje enviado a node1 type=HEARTBEAT L=742
[node3][PeerConnMgr] Mensaje enviado a node2 type=HEARTBEAT L=741
[node3][L=744 ] RECEIVE  HEARTBEAT                    node2?node3
[node3][PeerMessageHandler] Mensaje recibido: type=HEARTBEAT source=node2 L=743 ? local L=744
[node3][L=748 ] RECEIVE  HEARTBEAT                    node1?node3
[node3][PeerMessageHandler] Mensaje recibido: type=HEARTBEAT source=node1 L=747 ? local L=748
[node3][L=749 ] SEND     HEARTBEAT                    node3?node2
[node3][L=750 ] SEND     HEARTBEAT                    node3?node1
[node3][PeerConnMgr] Mensaje enviado a node1 type=HEARTBEAT L=750
[node3][PeerConnMgr] Mensaje enviado a node2 type=HEARTBEAT L=749
[node3][L=752 ] RECEIVE  HEARTBEAT                    node2?node3
[node3][PeerMessageHandler] Mensaje recibido: type=HEARTBEAT source=node2 L=751 ? local L=752
[node3][L=756 ] RECEIVE  HEARTBEAT                    node1?node3
[node3][PeerMessageHandler] Mensaje recibido: type=HEARTBEAT source=node1 L=755 ? local L=756
[node3][L=757 ] SEND     HEARTBEAT                    node3?node2
[node3][L=758 ] SEND     HEARTBEAT                    node3?node1
[node3][PeerConnMgr] Mensaje enviado a node2 type=HEARTBEAT L=757
[node3][PeerConnMgr] Mensaje enviado a node1 type=HEARTBEAT L=758
[node3][L=760 ] RECEIVE  HEARTBEAT                    node2?node3
[node3][PeerMessageHandler] Mensaje recibido: type=HEARTBEAT source=node2 L=759 ? local L=760
[node3][L=764 ] RECEIVE  HEARTBEAT                    node1?node3
[node3][PeerMessageHandler] Mensaje recibido: type=HEARTBEAT source=node1 L=763 ? local L=764
[node3][L=765 ] SEND     HEARTBEAT                    node3?node2
[node3][L=766 ] SEND     HEARTBEAT                    node3?node1
[node3][PeerConnMgr] Mensaje enviado a node2 type=HEARTBEAT L=765
[node3][PeerConnMgr] Mensaje enviado a node1 type=HEARTBEAT L=766
[node3][L=768 ] RECEIVE  HEARTBEAT                    node2?node3
[node3][PeerMessageHandler] Mensaje recibido: type=HEARTBEAT source=node2 L=767 ? local L=768
[node3][L=772 ] RECEIVE  HEARTBEAT                    node1?node3
[node3][PeerMessageHandler] Mensaje recibido: type=HEARTBEAT source=node1 L=771 ? local L=772
[node3][L=773 ] SEND     HEARTBEAT                    node3?node2
[node3][L=774 ] SEND     HEARTBEAT                    node3?node1
[node3][PeerConnMgr] Mensaje enviado a node2 type=HEARTBEAT L=773
[node3][PeerConnMgr] Mensaje enviado a node1 type=HEARTBEAT L=774
[node3][L=776 ] RECEIVE  HEARTBEAT                    node2?node3
[node3][PeerMessageHandler] Mensaje recibido: type=HEARTBEAT source=node2 L=775 ? local L=776
[node3][L=780 ] RECEIVE  HEARTBEAT                    node1?node3
[node3][PeerMessageHandler] Mensaje recibido: type=HEARTBEAT source=node1 L=779 ? local L=780
[node3][L=781 ] SEND     HEARTBEAT                    node3?node2
[node3][L=782 ] SEND     HEARTBEAT                    node3?node1
[node3][PeerConnMgr] Mensaje enviado a node2 type=HEARTBEAT L=781
[node3][PeerConnMgr] Mensaje enviado a node1 type=HEARTBEAT L=782
[node3][L=784 ] RECEIVE  HEARTBEAT                    node2?node3
[node3][PeerMessageHandler] Mensaje recibido: type=HEARTBEAT source=node2 L=783 ? local L=784
[node3][L=788 ] RECEIVE  HEARTBEAT                    node1?node3
[node3][PeerMessageHandler] Mensaje recibido: type=HEARTBEAT source=node1 L=787 ? local L=788
[node3][L=789 ] SEND     HEARTBEAT                    node3?node2
[node3][L=790 ] SEND     HEARTBEAT                    node3?node1
[node3][PeerConnMgr] Mensaje enviado a node1 type=HEARTBEAT L=790
[node3][PeerConnMgr] Mensaje enviado a node2 type=HEARTBEAT L=789
[node3][L=792 ] RECEIVE  HEARTBEAT                    node2?node3
[node3][PeerMessageHandler] Mensaje recibido: type=HEARTBEAT source=node2 L=791 ? local L=792
[node3][L=796 ] RECEIVE  HEARTBEAT                    node1?node3
[node3][PeerMessageHandler] Mensaje recibido: type=HEARTBEAT source=node1 L=795 ? local L=796
[node3][L=797 ] SEND     HEARTBEAT                    node3?node2
[node3][L=798 ] SEND     HEARTBEAT                    node3?node1
[node3][PeerConnMgr] Mensaje enviado a node2 type=HEARTBEAT L=797
[node3][PeerConnMgr] Mensaje enviado a node1 type=HEARTBEAT L=798
[node3][L=800 ] RECEIVE  HEARTBEAT                    node2?node3
[node3][PeerMessageHandler] Mensaje recibido: type=HEARTBEAT source=node2 L=799 ? local L=800
[node3][L=804 ] RECEIVE  HEARTBEAT                    node1?node3
[node3][PeerMessageHandler] Mensaje recibido: type=HEARTBEAT source=node1 L=803 ? local L=804
[node3][L=805 ] SEND     HEARTBEAT                    node3?node2
[node3][L=806 ] SEND     HEARTBEAT                    node3?node1
[node3][PeerConnMgr] Mensaje enviado a node1 type=HEARTBEAT L=806
[node3][PeerConnMgr] Mensaje enviado a node2 type=HEARTBEAT L=805
[node3][L=808 ] RECEIVE  HEARTBEAT                    node2?node3
[node3][PeerMessageHandler] Mensaje recibido: type=HEARTBEAT source=node2 L=807 ? local L=808
[node3][L=812 ] RECEIVE  HEARTBEAT                    node1?node3
[node3][PeerMessageHandler] Mensaje recibido: type=HEARTBEAT source=node1 L=811 ? local L=812
[node3][L=813 ] SEND     HEARTBEAT                    node3?node2
[node3][L=814 ] SEND     HEARTBEAT                    node3?node1
[node3][PeerConnMgr] Mensaje enviado a node2 type=HEARTBEAT L=813
[node3][PeerConnMgr] Mensaje enviado a node1 type=HEARTBEAT L=814
[node3][L=816 ] RECEIVE  HEARTBEAT                    node2?node3
[node3][PeerMessageHandler] Mensaje recibido: type=HEARTBEAT source=node2 L=815 ? local L=816
[node3][L=820 ] RECEIVE  HEARTBEAT                    node1?node3
[node3][PeerMessageHandler] Mensaje recibido: type=HEARTBEAT source=node1 L=819 ? local L=820
[node3][L=821 ] SEND     HEARTBEAT                    node3?node2
[node3][L=822 ] SEND     HEARTBEAT                    node3?node1
[node3][PeerConnMgr] Mensaje enviado a node2 type=HEARTBEAT L=821
[node3][PeerConnMgr] Mensaje enviado a node1 type=HEARTBEAT L=822
[node3][L=824 ] RECEIVE  HEARTBEAT                    node2?node3
[node3][PeerMessageHandler] Mensaje recibido: type=HEARTBEAT source=node2 L=823 ? local L=824
[node3][L=828 ] RECEIVE  HEARTBEAT                    node1?node3
[node3][PeerMessageHandler] Mensaje recibido: type=HEARTBEAT source=node1 L=827 ? local L=828
[node3][L=829 ] SEND     HEARTBEAT                    node3?node2
[node3][L=830 ] SEND     HEARTBEAT                    node3?node1
[node3][PeerConnMgr] Mensaje enviado a node2 type=HEARTBEAT L=829
[node3][PeerConnMgr] Mensaje enviado a node1 type=HEARTBEAT L=830
[node3][L=832 ] RECEIVE  HEARTBEAT                    node2?node3
[node3][PeerMessageHandler] Mensaje recibido: type=HEARTBEAT source=node2 L=831 ? local L=832
[node3][L=836 ] RECEIVE  HEARTBEAT                    node1?node3
[node3][PeerMessageHandler] Mensaje recibido: type=HEARTBEAT source=node1 L=835 ? local L=836
[node3][L=837 ] SEND     HEARTBEAT                    node3?node2
[node3][PeerConnMgr] Mensaje enviado a node2 type=HEARTBEAT L=837
[node3][L=838 ] SEND     HEARTBEAT                    node3?node1
[node3][PeerConnMgr] Mensaje enviado a node1 type=HEARTBEAT L=838
[node3][L=840 ] RECEIVE  HEARTBEAT                    node2?node3
[node3][PeerMessageHandler] Mensaje recibido: type=HEARTBEAT source=node2 L=839 ? local L=840
[node3][L=844 ] RECEIVE  HEARTBEAT                    node1?node3
[node3][PeerMessageHandler] Mensaje recibido: type=HEARTBEAT source=node1 L=843 ? local L=844
[node3][L=845 ] SEND     HEARTBEAT                    node3?node2
[node3][L=846 ] SEND     HEARTBEAT                    node3?node1
[node3][PeerConnMgr] Mensaje enviado a node1 type=HEARTBEAT L=846
[node3][PeerConnMgr] Mensaje enviado a node2 type=HEARTBEAT L=845
[node3][L=848 ] RECEIVE  HEARTBEAT                    node2?node3
[node3][PeerMessageHandler] Mensaje recibido: type=HEARTBEAT source=node2 L=847 ? local L=848
[node3][L=852 ] RECEIVE  HEARTBEAT                    node1?node3
[node3][PeerMessageHandler] Mensaje recibido: type=HEARTBEAT source=node1 L=851 ? local L=852
[node3][L=853 ] SEND     HEARTBEAT                    node3?node2
[node3][L=854 ] SEND     HEARTBEAT                    node3?node1
[node3][PeerConnMgr] Mensaje enviado a node2 type=HEARTBEAT L=853
[node3][PeerConnMgr] Mensaje enviado a node1 type=HEARTBEAT L=854
[node3][L=856 ] RECEIVE  HEARTBEAT                    node2?node3
[node3][PeerMessageHandler] Mensaje recibido: type=HEARTBEAT source=node2 L=855 ? local L=856
[node3][L=860 ] RECEIVE  HEARTBEAT                    node1?node3
[node3][PeerMessageHandler] Mensaje recibido: type=HEARTBEAT source=node1 L=859 ? local L=860
[node3][L=861 ] SEND     HEARTBEAT                    node3?node2
[node3][L=862 ] SEND     HEARTBEAT                    node3?node1
[node3][PeerConnMgr] Mensaje enviado a node2 type=HEARTBEAT L=861
[node3][PeerConnMgr] Mensaje enviado a node1 type=HEARTBEAT L=862
[node3][L=864 ] RECEIVE  HEARTBEAT                    node2?node3
[node3][PeerMessageHandler] Mensaje recibido: type=HEARTBEAT source=node2 L=863 ? local L=864
[node3][L=868 ] RECEIVE  HEARTBEAT                    node1?node3
[node3][PeerMessageHandler] Mensaje recibido: type=HEARTBEAT source=node1 L=867 ? local L=868
[node3][L=869 ] SEND     HEARTBEAT                    node3?node2
[node3][L=870 ] SEND     HEARTBEAT                    node3?node1
[node3][PeerConnMgr] Mensaje enviado a node2 type=HEARTBEAT L=869
[node3][PeerConnMgr] Mensaje enviado a node1 type=HEARTBEAT L=870
[node3][L=872 ] RECEIVE  HEARTBEAT                    node2?node3
[node3][PeerMessageHandler] Mensaje recibido: type=HEARTBEAT source=node2 L=871 ? local L=872
[node3][L=876 ] RECEIVE  HEARTBEAT                    node1?node3
[node3][PeerMessageHandler] Mensaje recibido: type=HEARTBEAT source=node1 L=875 ? local L=876
[node3][L=877 ] SEND     HEARTBEAT                    node3?node2
[node3][L=878 ] SEND     HEARTBEAT                    node3?node1
[node3][PeerConnMgr] Mensaje enviado a node2 type=HEARTBEAT L=877
[node3][PeerConnMgr] Mensaje enviado a node1 type=HEARTBEAT L=878
[node3][L=880 ] RECEIVE  HEARTBEAT                    node2?node3
[node3][PeerMessageHandler] Mensaje recibido: type=HEARTBEAT source=node2 L=879 ? local L=880
[node3][L=884 ] RECEIVE  HEARTBEAT                    node1?node3
[node3][PeerMessageHandler] Mensaje recibido: type=HEARTBEAT source=node1 L=883 ? local L=884
[node3][L=885 ] SEND     HEARTBEAT                    node3?node2
[node3][L=886 ] SEND     HEARTBEAT                    node3?node1
[node3][PeerConnMgr] Mensaje enviado a node2 type=HEARTBEAT L=885
[node3][PeerConnMgr] Mensaje enviado a node1 type=HEARTBEAT L=886
[node3][L=888 ] RECEIVE  HEARTBEAT                    node2?node3
[node3][PeerMessageHandler] Mensaje recibido: type=HEARTBEAT source=node2 L=887 ? local L=888
[node3][L=892 ] RECEIVE  HEARTBEAT                    node1?node3
[node3][PeerMessageHandler] Mensaje recibido: type=HEARTBEAT source=node1 L=891 ? local L=892
[node3][L=893 ] SEND     HEARTBEAT                    node3?node2
[node3][L=894 ] SEND     HEARTBEAT                    node3?node1
[node3][PeerConnMgr] Mensaje enviado a node2 type=HEARTBEAT L=893
[node3][PeerConnMgr] Mensaje enviado a node1 type=HEARTBEAT L=894
[node3][L=896 ] RECEIVE  HEARTBEAT                    node2?node3
[node3][PeerMessageHandler] Mensaje recibido: type=HEARTBEAT source=node2 L=895 ? local L=896
[node3][L=900 ] RECEIVE  HEARTBEAT                    node1?node3
[node3][PeerMessageHandler] Mensaje recibido: type=HEARTBEAT source=node1 L=899 ? local L=900
[node3][L=901 ] SEND     HEARTBEAT                    node3?node2
[node3][L=902 ] SEND     HEARTBEAT                    node3?node1
[node3][PeerConnMgr] Mensaje enviado a node2 type=HEARTBEAT L=901
[node3][PeerConnMgr] Mensaje enviado a node1 type=HEARTBEAT L=902
[node3][L=904 ] RECEIVE  HEARTBEAT                    node2?node3
[node3][PeerMessageHandler] Mensaje recibido: type=HEARTBEAT source=node2 L=903 ? local L=904
[node3][L=908 ] RECEIVE  HEARTBEAT                    node1?node3
[node3][PeerMessageHandler] Mensaje recibido: type=HEARTBEAT source=node1 L=907 ? local L=908
[node3][L=909 ] SEND     HEARTBEAT                    node3?node2
[node3][L=910 ] SEND     HEARTBEAT                    node3?node1
[node3][PeerConnMgr] Mensaje enviado a node2 type=HEARTBEAT L=909
[node3][PeerConnMgr] Mensaje enviado a node1 type=HEARTBEAT L=910
[node3][L=912 ] RECEIVE  HEARTBEAT                    node2?node3
[node3][PeerMessageHandler] Mensaje recibido: type=HEARTBEAT source=node2 L=911 ? local L=912
[node3][L=916 ] RECEIVE  HEARTBEAT                    node1?node3
[node3][PeerMessageHandler] Mensaje recibido: type=HEARTBEAT source=node1 L=915 ? local L=916
[node3][L=917 ] SEND     HEARTBEAT                    node3?node2
[node3][L=918 ] SEND     HEARTBEAT                    node3?node1
[node3][PeerConnMgr] Mensaje enviado a node2 type=HEARTBEAT L=917
[node3][PeerConnMgr] Mensaje enviado a node1 type=HEARTBEAT L=918
[node3][L=920 ] RECEIVE  HEARTBEAT                    node2?node3
[node3][PeerMessageHandler] Mensaje recibido: type=HEARTBEAT source=node2 L=919 ? local L=920
[node3][L=924 ] RECEIVE  HEARTBEAT                    node1?node3
[node3][PeerMessageHandler] Mensaje recibido: type=HEARTBEAT source=node1 L=923 ? local L=924
[node3][L=925 ] SEND     HEARTBEAT                    node3?node2
[node3][L=926 ] SEND     HEARTBEAT                    node3?node1
[node3][PeerConnMgr] Mensaje enviado a node2 type=HEARTBEAT L=925
[node3][PeerConnMgr] Mensaje enviado a node1 type=HEARTBEAT L=926
[node3][L=928 ] RECEIVE  HEARTBEAT                    node2?node3
[node3][PeerMessageHandler] Mensaje recibido: type=HEARTBEAT source=node2 L=927 ? local L=928
[node3][L=932 ] RECEIVE  HEARTBEAT                    node1?node3
[node3][PeerMessageHandler] Mensaje recibido: type=HEARTBEAT source=node1 L=931 ? local L=932
[node3][L=933 ] SEND     HEARTBEAT                    node3?node2
[node3][L=934 ] SEND     HEARTBEAT                    node3?node1
[node3][PeerConnMgr] Mensaje enviado a node2 type=HEARTBEAT L=933
[node3][PeerConnMgr] Mensaje enviado a node1 type=HEARTBEAT L=934
[node3][L=936 ] RECEIVE  HEARTBEAT                    node2?node3
[node3][PeerMessageHandler] Mensaje recibido: type=HEARTBEAT source=node2 L=935 ? local L=936
[node3][L=940 ] RECEIVE  HEARTBEAT                    node1?node3
[node3][PeerMessageHandler] Mensaje recibido: type=HEARTBEAT source=node1 L=939 ? local L=940
[node3][L=941 ] SEND     HEARTBEAT                    node3?node2
[node3][L=942 ] SEND     HEARTBEAT                    node3?node1
[node3][PeerConnMgr] Mensaje enviado a node2 type=HEARTBEAT L=941
[node3][PeerConnMgr] Mensaje enviado a node1 type=HEARTBEAT L=942
[node3][L=944 ] RECEIVE  HEARTBEAT                    node2?node3
[node3][PeerMessageHandler] Mensaje recibido: type=HEARTBEAT source=node2 L=943 ? local L=944
[node3][L=948 ] RECEIVE  HEARTBEAT                    node1?node3
[node3][PeerMessageHandler] Mensaje recibido: type=HEARTBEAT source=node1 L=947 ? local L=948
[node3][L=949 ] SEND     HEARTBEAT                    node3?node2
[node3][L=950 ] SEND     HEARTBEAT                    node3?node1
[node3][PeerConnMgr] Mensaje enviado a node1 type=HEARTBEAT L=950
[node3][PeerConnMgr] Mensaje enviado a node2 type=HEARTBEAT L=949
[node3][L=952 ] RECEIVE  HEARTBEAT                    node2?node3
[node3][PeerMessageHandler] Mensaje recibido: type=HEARTBEAT source=node2 L=951 ? local L=952
[node3][L=956 ] RECEIVE  HEARTBEAT                    node1?node3
[node3][PeerMessageHandler] Mensaje recibido: type=HEARTBEAT source=node1 L=955 ? local L=956
[node3][L=957 ] SEND     HEARTBEAT                    node3?node2
[node3][L=958 ] SEND     HEARTBEAT                    node3?node1
[node3][PeerConnMgr] Mensaje enviado a node2 type=HEARTBEAT L=957
[node3][PeerConnMgr] Mensaje enviado a node1 type=HEARTBEAT L=958
[node3][L=960 ] RECEIVE  HEARTBEAT                    node2?node3
[node3][PeerMessageHandler] Mensaje recibido: type=HEARTBEAT source=node2 L=959 ? local L=960
[node3][L=964 ] RECEIVE  HEARTBEAT                    node1?node3
[node3][PeerMessageHandler] Mensaje recibido: type=HEARTBEAT source=node1 L=963 ? local L=964
[node3][L=965 ] SEND     HEARTBEAT                    node3?node2
[node3][L=966 ] SEND     HEARTBEAT                    node3?node1
[node3][PeerConnMgr] Mensaje enviado a node2 type=HEARTBEAT L=965
[node3][PeerConnMgr] Mensaje enviado a node1 type=HEARTBEAT L=966
[node3][L=968 ] RECEIVE  HEARTBEAT                    node2?node3
[node3][PeerMessageHandler] Mensaje recibido: type=HEARTBEAT source=node2 L=967 ? local L=968
[node3][L=972 ] RECEIVE  HEARTBEAT                    node1?node3
[node3][PeerMessageHandler] Mensaje recibido: type=HEARTBEAT source=node1 L=971 ? local L=972
[node3][L=973 ] SEND     HEARTBEAT                    node3?node2
[node3][L=974 ] SEND     HEARTBEAT                    node3?node1
[node3][PeerConnMgr] Mensaje enviado a node2 type=HEARTBEAT L=973
[node3][PeerConnMgr] Mensaje enviado a node1 type=HEARTBEAT L=974
[node3][L=976 ] RECEIVE  HEARTBEAT                    node2?node3
[node3][PeerMessageHandler] Mensaje recibido: type=HEARTBEAT source=node2 L=975 ? local L=976
[node3][L=980 ] RECEIVE  HEARTBEAT                    node1?node3
[node3][PeerMessageHandler] Mensaje recibido: type=HEARTBEAT source=node1 L=979 ? local L=980
[node3][L=981 ] SEND     HEARTBEAT                    node3?node2
[node3][L=982 ] SEND     HEARTBEAT                    node3?node1
[node3][PeerConnMgr] Mensaje enviado a node2 type=HEARTBEAT L=981
[node3][PeerConnMgr] Mensaje enviado a node1 type=HEARTBEAT L=982
[node3][L=984 ] RECEIVE  HEARTBEAT                    node2?node3
[node3][PeerMessageHandler] Mensaje recibido: type=HEARTBEAT source=node2 L=983 ? local L=984
[node3][L=988 ] RECEIVE  HEARTBEAT                    node1?node3
[node3][PeerMessageHandler] Mensaje recibido: type=HEARTBEAT source=node1 L=987 ? local L=988
[node3][L=989 ] SEND     HEARTBEAT                    node3?node2
[node3][L=990 ] SEND     HEARTBEAT                    node3?node1
[node3][PeerConnMgr] Mensaje enviado a node2 type=HEARTBEAT L=989
[node3][PeerConnMgr] Mensaje enviado a node1 type=HEARTBEAT L=990
[node3][L=992 ] RECEIVE  HEARTBEAT                    node2?node3
[node3][PeerMessageHandler] Mensaje recibido: type=HEARTBEAT source=node2 L=991 ? local L=992
[node3][L=996 ] RECEIVE  HEARTBEAT                    node1?node3
[node3][PeerMessageHandler] Mensaje recibido: type=HEARTBEAT source=node1 L=995 ? local L=996
[node3][L=997 ] SEND     HEARTBEAT                    node3?node2
[node3][L=998 ] SEND     HEARTBEAT                    node3?node1
[node3][PeerConnMgr] Mensaje enviado a node1 type=HEARTBEAT L=998
[node3][PeerConnMgr] Mensaje enviado a node2 type=HEARTBEAT L=997
[node3][L=1000] RECEIVE  HEARTBEAT                    node2?node3
[node3][PeerMessageHandler] Mensaje recibido: type=HEARTBEAT source=node2 L=999 ? local L=1000
[node3][L=1004] RECEIVE  HEARTBEAT                    node1?node3
[node3][PeerMessageHandler] Mensaje recibido: type=HEARTBEAT source=node1 L=1003 ? local L=1004
[node3][L=1005] SEND     HEARTBEAT                    node3?node2
[node3][L=1006] SEND     HEARTBEAT                    node3?node1
[node3][PeerConnMgr] Mensaje enviado a node1 type=HEARTBEAT L=1006
[node3][PeerConnMgr] Mensaje enviado a node2 type=HEARTBEAT L=1005
[node3][L=1008] RECEIVE  HEARTBEAT                    node2?node3
[node3][PeerMessageHandler] Mensaje recibido: type=HEARTBEAT source=node2 L=1007 ? local L=1008
[node3][L=1012] RECEIVE  HEARTBEAT                    node1?node3
[node3][PeerMessageHandler] Mensaje recibido: type=HEARTBEAT source=node1 L=1011 ? local L=1012
[node3][L=1013] SEND     HEARTBEAT                    node3?node2
[node3][L=1014] SEND     HEARTBEAT                    node3?node1
[node3][PeerConnMgr] Mensaje enviado a node2 type=HEARTBEAT L=1013
[node3][PeerConnMgr] Mensaje enviado a node1 type=HEARTBEAT L=1014
[node3][L=1016] RECEIVE  HEARTBEAT                    node2?node3
[node3][PeerMessageHandler] Mensaje recibido: type=HEARTBEAT source=node2 L=1015 ? local L=1016
[node3][L=1020] RECEIVE  HEARTBEAT                    node1?node3
[node3][PeerMessageHandler] Mensaje recibido: type=HEARTBEAT source=node1 L=1019 ? local L=1020
[node3][L=1021] SEND     HEARTBEAT                    node3?node2
[node3][L=1022] SEND     HEARTBEAT                    node3?node1
[node3][PeerConnMgr] Mensaje enviado a node2 type=HEARTBEAT L=1021
[node3][PeerConnMgr] Mensaje enviado a node1 type=HEARTBEAT L=1022
[node3][L=1024] RECEIVE  HEARTBEAT                    node2?node3
[node3][PeerMessageHandler] Mensaje recibido: type=HEARTBEAT source=node2 L=1023 ? local L=1024
[node3][L=1028] RECEIVE  HEARTBEAT                    node1?node3
[node3][PeerMessageHandler] Mensaje recibido: type=HEARTBEAT source=node1 L=1027 ? local L=1028
[node3][L=1029] SEND     HEARTBEAT                    node3?node2
[node3][L=1030] SEND     HEARTBEAT                    node3?node1
[node3][PeerConnMgr] Mensaje enviado a node2 type=HEARTBEAT L=1029
[node3][PeerConnMgr] Mensaje enviado a node1 type=HEARTBEAT L=1030
[node3][L=1032] RECEIVE  HEARTBEAT                    node2?node3
[node3][PeerMessageHandler] Mensaje recibido: type=HEARTBEAT source=node2 L=1031 ? local L=1032
[node3][L=1036] RECEIVE  HEARTBEAT                    node1?node3
[node3][PeerMessageHandler] Mensaje recibido: type=HEARTBEAT source=node1 L=1035 ? local L=1036
[node3][L=1037] SEND     HEARTBEAT                    node3?node2
[node3][L=1038] SEND     HEARTBEAT                    node3?node1
[node3][PeerConnMgr] Mensaje enviado a node2 type=HEARTBEAT L=1037
[node3][PeerConnMgr] Mensaje enviado a node1 type=HEARTBEAT L=1038
[node3][L=1040] RECEIVE  HEARTBEAT                    node2?node3
[node3][PeerMessageHandler] Mensaje recibido: type=HEARTBEAT source=node2 L=1039 ? local L=1040
[node3][L=1044] RECEIVE  HEARTBEAT                    node1?node3
[node3][PeerMessageHandler] Mensaje recibido: type=HEARTBEAT source=node1 L=1043 ? local L=1044
[node3][L=1045] SEND     HEARTBEAT                    node3?node2
[node3][L=1046] SEND     HEARTBEAT                    node3?node1
[node3][PeerConnMgr] Mensaje enviado a node2 type=HEARTBEAT L=1045
[node3][PeerConnMgr] Mensaje enviado a node1 type=HEARTBEAT L=1046
[node3][L=1048] RECEIVE  HEARTBEAT                    node2?node3
[node3][PeerMessageHandler] Mensaje recibido: type=HEARTBEAT source=node2 L=1047 ? local L=1048
[node3][L=1052] RECEIVE  HEARTBEAT                    node1?node3
[node3][PeerMessageHandler] Mensaje recibido: type=HEARTBEAT source=node1 L=1051 ? local L=1052
[node3][L=1053] SEND     HEARTBEAT                    node3?node2
[node3][L=1054] SEND     HEARTBEAT                    node3?node1
[node3][PeerConnMgr] Mensaje enviado a node1 type=HEARTBEAT L=1054
[node3][PeerConnMgr] Mensaje enviado a node2 type=HEARTBEAT L=1053
[node3][L=1056] RECEIVE  HEARTBEAT                    node2?node3
[node3][PeerMessageHandler] Mensaje recibido: type=HEARTBEAT source=node2 L=1055 ? local L=1056
[node3][L=1060] RECEIVE  HEARTBEAT                    node1?node3
[node3][PeerMessageHandler] Mensaje recibido: type=HEARTBEAT source=node1 L=1059 ? local L=1060
[node3][L=1061] SEND     HEARTBEAT                    node3?node2
[node3][L=1062] SEND     HEARTBEAT                    node3?node1
[node3][PeerConnMgr] Mensaje enviado a node1 type=HEARTBEAT L=1062
[node3][PeerConnMgr] Mensaje enviado a node2 type=HEARTBEAT L=1061
[node3][L=1064] RECEIVE  HEARTBEAT                    node2?node3
[node3][PeerMessageHandler] Mensaje recibido: type=HEARTBEAT source=node2 L=1063 ? local L=1064
[node3][L=1068] RECEIVE  HEARTBEAT                    node1?node3
[node3][PeerMessageHandler] Mensaje recibido: type=HEARTBEAT source=node1 L=1067 ? local L=1068
[node3][L=1069] SEND     HEARTBEAT                    node3?node2
[node3][L=1070] SEND     HEARTBEAT                    node3?node1
[node3][PeerConnMgr] Mensaje enviado a node2 type=HEARTBEAT L=1069
[node3][PeerConnMgr] Mensaje enviado a node1 type=HEARTBEAT L=1070
[node3][L=1072] RECEIVE  HEARTBEAT                    node2?node3
[node3][PeerMessageHandler] Mensaje recibido: type=HEARTBEAT source=node2 L=1071 ? local L=1072
[node3][L=1076] RECEIVE  HEARTBEAT                    node1?node3
[node3][PeerMessageHandler] Mensaje recibido: type=HEARTBEAT source=node1 L=1075 ? local L=1076
[node3][L=1077] SEND     HEARTBEAT                    node3?node2
[node3][L=1078] SEND     HEARTBEAT                    node3?node1
[node3][PeerConnMgr] Mensaje enviado a node1 type=HEARTBEAT L=1078
[node3][PeerConnMgr] Mensaje enviado a node2 type=HEARTBEAT L=1077
[node3][L=1080] RECEIVE  HEARTBEAT                    node2?node3
[node3][PeerMessageHandler] Mensaje recibido: type=HEARTBEAT source=node2 L=1079 ? local L=1080
[node3][L=1084] RECEIVE  HEARTBEAT                    node1?node3
[node3][PeerMessageHandler] Mensaje recibido: type=HEARTBEAT source=node1 L=1083 ? local L=1084
[node3][L=1085] SEND     HEARTBEAT                    node3?node2
[node3][L=1086] SEND     HEARTBEAT                    node3?node1
[node3][PeerConnMgr] Mensaje enviado a node2 type=HEARTBEAT L=1085
[node3][PeerConnMgr] Mensaje enviado a node1 type=HEARTBEAT L=1086
[node3][L=1088] RECEIVE  HEARTBEAT                    node2?node3
[node3][PeerMessageHandler] Mensaje recibido: type=HEARTBEAT source=node2 L=1087 ? local L=1088
[node3][L=1092] RECEIVE  HEARTBEAT                    node1?node3
[node3][PeerMessageHandler] Mensaje recibido: type=HEARTBEAT source=node1 L=1091 ? local L=1092
[node3][L=1093] SEND     HEARTBEAT                    node3?node2
[node3][L=1094] SEND     HEARTBEAT                    node3?node1
[node3][PeerConnMgr] Mensaje enviado a node1 type=HEARTBEAT L=1094
[node3][PeerConnMgr] Mensaje enviado a node2 type=HEARTBEAT L=1093
[node3][L=1096] RECEIVE  HEARTBEAT                    node2?node3
[node3][PeerMessageHandler] Mensaje recibido: type=HEARTBEAT source=node2 L=1095 ? local L=1096
[node3][L=1100] RECEIVE  HEARTBEAT                    node1?node3
[node3][PeerMessageHandler] Mensaje recibido: type=HEARTBEAT source=node1 L=1099 ? local L=1100
[node3][L=1101] SEND     HEARTBEAT                    node3?node2
[node3][L=1102] SEND     HEARTBEAT                    node3?node1
[node3][PeerConnMgr] Mensaje enviado a node2 type=HEARTBEAT L=1101
[node3][PeerConnMgr] Mensaje enviado a node1 type=HEARTBEAT L=1102
[node3][L=1104] RECEIVE  HEARTBEAT                    node2?node3
[node3][PeerMessageHandler] Mensaje recibido: type=HEARTBEAT source=node2 L=1103 ? local L=1104
[node3][L=1108] RECEIVE  HEARTBEAT                    node1?node3
[node3][PeerMessageHandler] Mensaje recibido: type=HEARTBEAT source=node1 L=1107 ? local L=1108
[node3][L=1109] SEND     HEARTBEAT                    node3?node2
[node3][L=1110] SEND     HEARTBEAT                    node3?node1
[node3][PeerConnMgr] Mensaje enviado a node2 type=HEARTBEAT L=1109
[node3][PeerConnMgr] Mensaje enviado a node1 type=HEARTBEAT L=1110
[node3][L=1112] RECEIVE  HEARTBEAT                    node2?node3
[node3][PeerMessageHandler] Mensaje recibido: type=HEARTBEAT source=node2 L=1111 ? local L=1112
[node3][L=1116] RECEIVE  HEARTBEAT                    node1?node3
[node3][PeerMessageHandler] Mensaje recibido: type=HEARTBEAT source=node1 L=1115 ? local L=1116
[node3][L=1117] SEND     HEARTBEAT                    node3?node2
[node3][L=1118] SEND     HEARTBEAT                    node3?node1
[node3][PeerConnMgr] Mensaje enviado a node1 type=HEARTBEAT L=1118
[node3][PeerConnMgr] Mensaje enviado a node2 type=HEARTBEAT L=1117
[node3][L=1120] RECEIVE  HEARTBEAT                    node2?node3
[node3][PeerMessageHandler] Mensaje recibido: type=HEARTBEAT source=node2 L=1119 ? local L=1120
[node3][L=1124] RECEIVE  HEARTBEAT                    node1?node3
[node3][PeerMessageHandler] Mensaje recibido: type=HEARTBEAT source=node1 L=1123 ? local L=1124
[node3][L=1125] SEND     HEARTBEAT                    node3?node2
[node3][L=1126] SEND     HEARTBEAT                    node3?node1
[node3][PeerConnMgr] Mensaje enviado a node2 type=HEARTBEAT L=1125
[node3][PeerConnMgr] Mensaje enviado a node1 type=HEARTBEAT L=1126
[node3][L=1128] RECEIVE  HEARTBEAT                    node2?node3
[node3][PeerMessageHandler] Mensaje recibido: type=HEARTBEAT source=node2 L=1127 ? local L=1128
[node3][L=1132] RECEIVE  HEARTBEAT                    node1?node3
[node3][PeerMessageHandler] Mensaje recibido: type=HEARTBEAT source=node1 L=1131 ? local L=1132
[node3][L=1133] SEND     HEARTBEAT                    node3?node2
[node3][L=1134] SEND     HEARTBEAT                    node3?node1
[node3][PeerConnMgr] Mensaje enviado a node1 type=HEARTBEAT L=1134
[node3][PeerConnMgr] Mensaje enviado a node2 type=HEARTBEAT L=1133
[node3][L=1136] RECEIVE  HEARTBEAT                    node2?node3
[node3][PeerMessageHandler] Mensaje recibido: type=HEARTBEAT source=node2 L=1135 ? local L=1136
[node3][L=1140] RECEIVE  HEARTBEAT                    node1?node3
[node3][PeerMessageHandler] Mensaje recibido: type=HEARTBEAT source=node1 L=1139 ? local L=1140
[node3][L=1141] SEND     HEARTBEAT                    node3?node2
[node3][L=1142] SEND     HEARTBEAT                    node3?node1
[node3][PeerConnMgr] Mensaje enviado a node2 type=HEARTBEAT L=1141
[node3][PeerConnMgr] Mensaje enviado a node1 type=HEARTBEAT L=1142
[node3][L=1144] RECEIVE  HEARTBEAT                    node2?node3
[node3][PeerMessageHandler] Mensaje recibido: type=HEARTBEAT source=node2 L=1143 ? local L=1144
[node3][L=1148] RECEIVE  HEARTBEAT                    node1?node3
[node3][PeerMessageHandler] Mensaje recibido: type=HEARTBEAT source=node1 L=1147 ? local L=1148
[node3][L=1149] SEND     HEARTBEAT                    node3?node2
[node3][L=1150] SEND     HEARTBEAT                    node3?node1
[node3][PeerConnMgr] Mensaje enviado a node1 type=HEARTBEAT L=1150
[node3][PeerConnMgr] Mensaje enviado a node2 type=HEARTBEAT L=1149
[node3][L=1152] RECEIVE  HEARTBEAT                    node2?node3
[node3][PeerMessageHandler] Mensaje recibido: type=HEARTBEAT source=node2 L=1151 ? local L=1152
[node3][L=1156] RECEIVE  HEARTBEAT                    node1?node3
[node3][PeerMessageHandler] Mensaje recibido: type=HEARTBEAT source=node1 L=1155 ? local L=1156
[node3][L=1157] SEND     HEARTBEAT                    node3?node2
[node3][L=1158] SEND     HEARTBEAT                    node3?node1
[node3][PeerConnMgr] Mensaje enviado a node1 type=HEARTBEAT L=1158
[node3][PeerConnMgr] Mensaje enviado a node2 type=HEARTBEAT L=1157
[node3][L=1160] RECEIVE  HEARTBEAT                    node2?node3
[node3][PeerMessageHandler] Mensaje recibido: type=HEARTBEAT source=node2 L=1159 ? local L=1160
[node3][L=1164] RECEIVE  HEARTBEAT                    node1?node3
[node3][PeerMessageHandler] Mensaje recibido: type=HEARTBEAT source=node1 L=1163 ? local L=1164
[node3][L=1165] SEND     HEARTBEAT                    node3?node2
[node3][L=1166] SEND     HEARTBEAT                    node3?node1
[node3][PeerConnMgr] Mensaje enviado a node2 type=HEARTBEAT L=1165
[node3][PeerConnMgr] Mensaje enviado a node1 type=HEARTBEAT L=1166
[node3][L=1168] RECEIVE  HEARTBEAT                    node2?node3
[node3][PeerMessageHandler] Mensaje recibido: type=HEARTBEAT source=node2 L=1167 ? local L=1168
[node3][L=1172] RECEIVE  HEARTBEAT                    node1?node3
[node3][PeerMessageHandler] Mensaje recibido: type=HEARTBEAT source=node1 L=1171 ? local L=1172
[node3][L=1173] SEND     HEARTBEAT                    node3?node2
[node3][L=1174] SEND     HEARTBEAT                    node3?node1
[node3][PeerConnMgr] Mensaje enviado a node1 type=HEARTBEAT L=1174
[node3][PeerConnMgr] Mensaje enviado a node2 type=HEARTBEAT L=1173
[node3][L=1176] RECEIVE  HEARTBEAT                    node2?node3
[node3][PeerMessageHandler] Mensaje recibido: type=HEARTBEAT source=node2 L=1175 ? local L=1176
[node3][L=1180] RECEIVE  HEARTBEAT                    node1?node3
[node3][PeerMessageHandler] Mensaje recibido: type=HEARTBEAT source=node1 L=1179 ? local L=1180
[node3][L=1181] SEND     HEARTBEAT                    node3?node2
[node3][L=1182] SEND     HEARTBEAT                    node3?node1
[node3][PeerConnMgr] Mensaje enviado a node1 type=HEARTBEAT L=1182
[node3][PeerConnMgr] Mensaje enviado a node2 type=HEARTBEAT L=1181
[node3][L=1184] RECEIVE  HEARTBEAT                    node2?node3
[node3][PeerMessageHandler] Mensaje recibido: type=HEARTBEAT source=node2 L=1183 ? local L=1184
[node3][L=1188] RECEIVE  HEARTBEAT                    node1?node3
[node3][PeerMessageHandler] Mensaje recibido: type=HEARTBEAT source=node1 L=1187 ? local L=1188
[node3][L=1189] SEND     HEARTBEAT                    node3?node2
[node3][L=1190] SEND     HEARTBEAT                    node3?node1
[node3][PeerConnMgr] Mensaje enviado a node1 type=HEARTBEAT L=1190
[node3][PeerConnMgr] Mensaje enviado a node2 type=HEARTBEAT L=1189
[node3][L=1192] RECEIVE  HEARTBEAT                    node2?node3
[node3][PeerMessageHandler] Mensaje recibido: type=HEARTBEAT source=node2 L=1191 ? local L=1192
[node3][L=1196] RECEIVE  HEARTBEAT                    node1?node3
[node3][PeerMessageHandler] Mensaje recibido: type=HEARTBEAT source=node1 L=1195 ? local L=1196
[node3][L=1197] SEND     HEARTBEAT                    node3?node2
[node3][L=1198] SEND     HEARTBEAT                    node3?node1
[node3][PeerConnMgr] Mensaje enviado a node1 type=HEARTBEAT L=1198
[node3][PeerConnMgr] Mensaje enviado a node2 type=HEARTBEAT L=1197
[node3][L=1200] RECEIVE  HEARTBEAT                    node2?node3
[node3][PeerMessageHandler] Mensaje recibido: type=HEARTBEAT source=node2 L=1199 ? local L=1200
[node3][L=1204] RECEIVE  HEARTBEAT                    node1?node3
[node3][PeerMessageHandler] Mensaje recibido: type=HEARTBEAT source=node1 L=1203 ? local L=1204
[node3][L=1205] SEND     HEARTBEAT                    node3?node2
[node3][L=1206] SEND     HEARTBEAT                    node3?node1
[node3][PeerConnMgr] Mensaje enviado a node2 type=HEARTBEAT L=1205
[node3][PeerConnMgr] Mensaje enviado a node1 type=HEARTBEAT L=1206
[node3][L=1208] RECEIVE  HEARTBEAT                    node2?node3
[node3][PeerMessageHandler] Mensaje recibido: type=HEARTBEAT source=node2 L=1207 ? local L=1208
[node3][L=1212] RECEIVE  HEARTBEAT                    node1?node3
[node3][PeerMessageHandler] Mensaje recibido: type=HEARTBEAT source=node1 L=1211 ? local L=1212
[node3][L=1213] SEND     HEARTBEAT                    node3?node2
[node3][L=1214] SEND     HEARTBEAT                    node3?node1
[node3][PeerConnMgr] Mensaje enviado a node2 type=HEARTBEAT L=1213
[node3][PeerConnMgr] Mensaje enviado a node1 type=HEARTBEAT L=1214
[node3][L=1216] RECEIVE  HEARTBEAT                    node2?node3
[node3][PeerMessageHandler] Mensaje recibido: type=HEARTBEAT source=node2 L=1215 ? local L=1216
[node3][L=1220] RECEIVE  HEARTBEAT                    node1?node3
[node3][PeerMessageHandler] Mensaje recibido: type=HEARTBEAT source=node1 L=1219 ? local L=1220
[node3][L=1221] SEND     HEARTBEAT                    node3?node2
[node3][L=1222] SEND     HEARTBEAT                    node3?node1
[node3][PeerConnMgr] Mensaje enviado a node1 type=HEARTBEAT L=1222
[node3][PeerConnMgr] Mensaje enviado a node2 type=HEARTBEAT L=1221
[node3][L=1224] RECEIVE  HEARTBEAT                    node2?node3
[node3][PeerMessageHandler] Mensaje recibido: type=HEARTBEAT source=node2 L=1223 ? local L=1224
[node3][L=1228] RECEIVE  HEARTBEAT                    node1?node3
[node3][PeerMessageHandler] Mensaje recibido: type=HEARTBEAT source=node1 L=1227 ? local L=1228
[node3][L=1229] SEND     HEARTBEAT                    node3?node2
[node3][L=1230] SEND     HEARTBEAT                    node3?node1
[node3][PeerConnMgr] Mensaje enviado a node2 type=HEARTBEAT L=1229
[node3][PeerConnMgr] Mensaje enviado a node1 type=HEARTBEAT L=1230
[node3][L=1232] RECEIVE  HEARTBEAT                    node2?node3
[node3][PeerMessageHandler] Mensaje recibido: type=HEARTBEAT source=node2 L=1231 ? local L=1232
[node3][L=1236] RECEIVE  HEARTBEAT                    node1?node3
[node3][PeerMessageHandler] Mensaje recibido: type=HEARTBEAT source=node1 L=1235 ? local L=1236
[node3][L=1237] SEND     HEARTBEAT                    node3?node2
[node3][L=1238] SEND     HEARTBEAT                    node3?node1
[node3][PeerConnMgr] Mensaje enviado a node1 type=HEARTBEAT L=1238
[node3][PeerConnMgr] Mensaje enviado a node2 type=HEARTBEAT L=1237
[node3][L=1240] RECEIVE  HEARTBEAT                    node2?node3
[node3][PeerMessageHandler] Mensaje recibido: type=HEARTBEAT source=node2 L=1239 ? local L=1240
[node3][L=1244] RECEIVE  HEARTBEAT                    node1?node3
[node3][PeerMessageHandler] Mensaje recibido: type=HEARTBEAT source=node1 L=1243 ? local L=1244
[node3][L=1245] SEND     HEARTBEAT                    node3?node2
[node3][L=1246] SEND     HEARTBEAT                    node3?node1
[node3][PeerConnMgr] Mensaje enviado a node1 type=HEARTBEAT L=1246
[node3][PeerConnMgr] Mensaje enviado a node2 type=HEARTBEAT L=1245
[node3][L=1248] RECEIVE  HEARTBEAT                    node2?node3
[node3][PeerMessageHandler] Mensaje recibido: type=HEARTBEAT source=node2 L=1247 ? local L=1248
[node3][L=1252] RECEIVE  HEARTBEAT                    node1?node3
[node3][PeerMessageHandler] Mensaje recibido: type=HEARTBEAT source=node1 L=1251 ? local L=1252
[node3][L=1253] SEND     HEARTBEAT                    node3?node2
[node3][L=1254] SEND     HEARTBEAT                    node3?node1
[node3][PeerConnMgr] Mensaje enviado a node1 type=HEARTBEAT L=1254
[node3][PeerConnMgr] Mensaje enviado a node2 type=HEARTBEAT L=1253
[node3][L=1256] RECEIVE  HEARTBEAT                    node2?node3
[node3][PeerMessageHandler] Mensaje recibido: type=HEARTBEAT source=node2 L=1255 ? local L=1256
[node3][L=1260] RECEIVE  HEARTBEAT                    node1?node3
[node3][PeerMessageHandler] Mensaje recibido: type=HEARTBEAT source=node1 L=1259 ? local L=1260
[node3][L=1261] SEND     HEARTBEAT                    node3?node2
[node3][L=1262] SEND     HEARTBEAT                    node3?node1
[node3][PeerConnMgr] Mensaje enviado a node2 type=HEARTBEAT L=1261
[node3][PeerConnMgr] Mensaje enviado a node1 type=HEARTBEAT L=1262
[node3][L=1264] RECEIVE  HEARTBEAT                    node2?node3
[node3][PeerMessageHandler] Mensaje recibido: type=HEARTBEAT source=node2 L=1263 ? local L=1264
[node3][L=1268] RECEIVE  HEARTBEAT                    node1?node3
[node3][PeerMessageHandler] Mensaje recibido: type=HEARTBEAT source=node1 L=1267 ? local L=1268
[node3][L=1269] SEND     HEARTBEAT                    node3?node2
[node3][L=1270] SEND     HEARTBEAT                    node3?node1
[node3][PeerConnMgr] Mensaje enviado a node2 type=HEARTBEAT L=1269
[node3][PeerConnMgr] Mensaje enviado a node1 type=HEARTBEAT L=1270
[node3][L=1272] RECEIVE  HEARTBEAT                    node2?node3
[node3][PeerMessageHandler] Mensaje recibido: type=HEARTBEAT source=node2 L=1271 ? local L=1272
[node3][L=1276] RECEIVE  HEARTBEAT                    node1?node3
[node3][PeerMessageHandler] Mensaje recibido: type=HEARTBEAT source=node1 L=1275 ? local L=1276
[node3][L=1277] SEND     HEARTBEAT                    node3?node2
[node3][L=1278] SEND     HEARTBEAT                    node3?node1
[node3][PeerConnMgr] Mensaje enviado a node2 type=HEARTBEAT L=1277
[node3][PeerConnMgr] Mensaje enviado a node1 type=HEARTBEAT L=1278
[node3][L=1280] RECEIVE  HEARTBEAT                    node2?node3
[node3][PeerMessageHandler] Mensaje recibido: type=HEARTBEAT source=node2 L=1279 ? local L=1280
[node3][L=1284] RECEIVE  HEARTBEAT                    node1?node3
[node3][PeerMessageHandler] Mensaje recibido: type=HEARTBEAT source=node1 L=1283 ? local L=1284
[node3][L=1285] SEND     HEARTBEAT                    node3?node2
[node3][L=1286] SEND     HEARTBEAT                    node3?node1
[node3][PeerConnMgr] Mensaje enviado a node2 type=HEARTBEAT L=1285
[node3][PeerConnMgr] Mensaje enviado a node1 type=HEARTBEAT L=1286
[node3][L=1288] RECEIVE  HEARTBEAT                    node2?node3
[node3][PeerMessageHandler] Mensaje recibido: type=HEARTBEAT source=node2 L=1287 ? local L=1288
[node3][L=1292] RECEIVE  HEARTBEAT                    node1?node3
[node3][PeerMessageHandler] Mensaje recibido: type=HEARTBEAT source=node1 L=1291 ? local L=1292
[node3][L=1293] SEND     HEARTBEAT                    node3?node2
[node3][L=1294] SEND     HEARTBEAT                    node3?node1
[node3][PeerConnMgr] Mensaje enviado a node1 type=HEARTBEAT L=1294
[node3][PeerConnMgr] Mensaje enviado a node2 type=HEARTBEAT L=1293
[node3][L=1296] RECEIVE  HEARTBEAT                    node2?node3
[node3][PeerMessageHandler] Mensaje recibido: type=HEARTBEAT source=node2 L=1295 ? local L=1296
[node3][L=1300] RECEIVE  HEARTBEAT                    node1?node3
[node3][PeerMessageHandler] Mensaje recibido: type=HEARTBEAT source=node1 L=1299 ? local L=1300
[node3][L=1301] SEND     HEARTBEAT                    node3?node2
[node3][L=1302] SEND     HEARTBEAT                    node3?node1
[node3][PeerConnMgr] Mensaje enviado a node2 type=HEARTBEAT L=1301
[node3][PeerConnMgr] Mensaje enviado a node1 type=HEARTBEAT L=1302
[node3][L=1304] RECEIVE  HEARTBEAT                    node2?node3
[node3][PeerMessageHandler] Mensaje recibido: type=HEARTBEAT source=node2 L=1303 ? local L=1304
[node3][L=1308] RECEIVE  HEARTBEAT                    node1?node3
[node3][PeerMessageHandler] Mensaje recibido: type=HEARTBEAT source=node1 L=1307 ? local L=1308
[node3][L=1309] SEND     HEARTBEAT                    node3?node2
[node3][L=1310] SEND     HEARTBEAT                    node3?node1
[node3][PeerConnMgr] Mensaje enviado a node1 type=HEARTBEAT L=1310
[node3][PeerConnMgr] Mensaje enviado a node2 type=HEARTBEAT L=1309
[node3][L=1312] RECEIVE  HEARTBEAT                    node2?node3
[node3][PeerMessageHandler] Mensaje recibido: type=HEARTBEAT source=node2 L=1311 ? local L=1312
[node3][L=1316] RECEIVE  HEARTBEAT                    node1?node3
[node3][PeerMessageHandler] Mensaje recibido: type=HEARTBEAT source=node1 L=1315 ? local L=1316
[node3][L=1317] SEND     HEARTBEAT                    node3?node2
[node3][L=1318] SEND     HEARTBEAT                    node3?node1
[node3][PeerConnMgr] Mensaje enviado a node2 type=HEARTBEAT L=1317
[node3][PeerConnMgr] Mensaje enviado a node1 type=HEARTBEAT L=1318
[node3][L=1320] RECEIVE  HEARTBEAT                    node2?node3
[node3][PeerMessageHandler] Mensaje recibido: type=HEARTBEAT source=node2 L=1319 ? local L=1320
[node3][L=1324] RECEIVE  HEARTBEAT                    node1?node3
[node3][PeerMessageHandler] Mensaje recibido: type=HEARTBEAT source=node1 L=1323 ? local L=1324
[node3][L=1325] SEND     HEARTBEAT                    node3?node2
[node3][L=1326] SEND     HEARTBEAT                    node3?node1
[node3][PeerConnMgr] Mensaje enviado a node1 type=HEARTBEAT L=1326
[node3][PeerConnMgr] Mensaje enviado a node2 type=HEARTBEAT L=1325
[node3][L=1328] RECEIVE  HEARTBEAT                    node2?node3
[node3][PeerMessageHandler] Mensaje recibido: type=HEARTBEAT source=node2 L=1327 ? local L=1328
[node3][L=1332] RECEIVE  HEARTBEAT                    node1?node3
[node3][PeerMessageHandler] Mensaje recibido: type=HEARTBEAT source=node1 L=1331 ? local L=1332
[node3][L=1333] SEND     HEARTBEAT                    node3?node2
[node3][L=1334] SEND     HEARTBEAT                    node3?node1
[node3][PeerConnMgr] Mensaje enviado a node2 type=HEARTBEAT L=1333
[node3][PeerConnMgr] Mensaje enviado a node1 type=HEARTBEAT L=1334
[node3][L=1336] RECEIVE  HEARTBEAT                    node2?node3
[node3][PeerMessageHandler] Mensaje recibido: type=HEARTBEAT source=node2 L=1335 ? local L=1336
[node3][L=1340] RECEIVE  HEARTBEAT                    node1?node3
[node3][PeerMessageHandler] Mensaje recibido: type=HEARTBEAT source=node1 L=1339 ? local L=1340
[node3][L=1341] SEND     HEARTBEAT                    node3?node2
[node3][L=1342] SEND     HEARTBEAT                    node3?node1
[node3][PeerConnMgr] Mensaje enviado a node1 type=HEARTBEAT L=1342
[node3][PeerConnMgr] Mensaje enviado a node2 type=HEARTBEAT L=1341
[node3][L=1344] RECEIVE  HEARTBEAT                    node2?node3
[node3][PeerMessageHandler] Mensaje recibido: type=HEARTBEAT source=node2 L=1343 ? local L=1344
[node3][L=1348] RECEIVE  HEARTBEAT                    node1?node3
[node3][PeerMessageHandler] Mensaje recibido: type=HEARTBEAT source=node1 L=1347 ? local L=1348
[node3][L=1349] SEND     HEARTBEAT                    node3?node2
[node3][L=1350] SEND     HEARTBEAT                    node3?node1
[node3][PeerConnMgr] Mensaje enviado a node2 type=HEARTBEAT L=1349
[node3][PeerConnMgr] Mensaje enviado a node1 type=HEARTBEAT L=1350
[node3][L=1352] RECEIVE  HEARTBEAT                    node2?node3
[node3][PeerMessageHandler] Mensaje recibido: type=HEARTBEAT source=node2 L=1351 ? local L=1352
[node3][L=1356] RECEIVE  HEARTBEAT                    node1?node3
[node3][PeerMessageHandler] Mensaje recibido: type=HEARTBEAT source=node1 L=1355 ? local L=1356
[node3][L=1357] SEND     HEARTBEAT                    node3?node2
[node3][L=1358] SEND     HEARTBEAT                    node3?node1
[node3][PeerConnMgr] Mensaje enviado a node1 type=HEARTBEAT L=1358
[node3][PeerConnMgr] Mensaje enviado a node2 type=HEARTBEAT L=1357
[node3][L=1360] RECEIVE  HEARTBEAT                    node2?node3
[node3][PeerMessageHandler] Mensaje recibido: type=HEARTBEAT source=node2 L=1359 ? local L=1360
[node3][L=1364] RECEIVE  HEARTBEAT                    node1?node3
[node3][PeerMessageHandler] Mensaje recibido: type=HEARTBEAT source=node1 L=1363 ? local L=1364
[node3][L=1365] SEND     HEARTBEAT                    node3?node2
[node3][L=1366] SEND     HEARTBEAT                    node3?node1
[node3][PeerConnMgr] Mensaje enviado a node2 type=HEARTBEAT L=1365
[node3][PeerConnMgr] Mensaje enviado a node1 type=HEARTBEAT L=1366
[node3][L=1368] RECEIVE  HEARTBEAT                    node2?node3
[node3][PeerMessageHandler] Mensaje recibido: type=HEARTBEAT source=node2 L=1367 ? local L=1368
[node3][L=1372] RECEIVE  HEARTBEAT                    node1?node3
[node3][PeerMessageHandler] Mensaje recibido: type=HEARTBEAT source=node1 L=1371 ? local L=1372
[node3][L=1373] SEND     HEARTBEAT                    node3?node2
[node3][L=1374] SEND     HEARTBEAT                    node3?node1
[node3][PeerConnMgr] Mensaje enviado a node2 type=HEARTBEAT L=1373
[node3][PeerConnMgr] Mensaje enviado a node1 type=HEARTBEAT L=1374
[node3][L=1376] RECEIVE  HEARTBEAT                    node2?node3
[node3][PeerMessageHandler] Mensaje recibido: type=HEARTBEAT source=node2 L=1375 ? local L=1376
[node3][L=1380] RECEIVE  HEARTBEAT                    node1?node3
[node3][PeerMessageHandler] Mensaje recibido: type=HEARTBEAT source=node1 L=1379 ? local L=1380
[node3][L=1381] SEND     HEARTBEAT                    node3?node2
[node3][L=1382] SEND     HEARTBEAT                    node3?node1
[node3][PeerConnMgr] Mensaje enviado a node2 type=HEARTBEAT L=1381
[node3][PeerConnMgr] Mensaje enviado a node1 type=HEARTBEAT L=1382
[node3][L=1384] RECEIVE  HEARTBEAT                    node2?node3
[node3][PeerMessageHandler] Mensaje recibido: type=HEARTBEAT source=node2 L=1383 ? local L=1384
[node3][L=1388] RECEIVE  HEARTBEAT                    node1?node3
[node3][PeerMessageHandler] Mensaje recibido: type=HEARTBEAT source=node1 L=1387 ? local L=1388
[node3][L=1389] SEND     HEARTBEAT                    node3?node2
[node3][L=1390] SEND     HEARTBEAT                    node3?node1
[node3][PeerConnMgr] Mensaje enviado a node1 type=HEARTBEAT L=1390
[node3][PeerConnMgr] Mensaje enviado a node2 type=HEARTBEAT L=1389
[node3][L=1392] RECEIVE  HEARTBEAT                    node2?node3
[node3][PeerMessageHandler] Mensaje recibido: type=HEARTBEAT source=node2 L=1391 ? local L=1392
[node3][L=1396] RECEIVE  HEARTBEAT                    node1?node3
[node3][PeerMessageHandler] Mensaje recibido: type=HEARTBEAT source=node1 L=1395 ? local L=1396
[node3][L=1397] SEND     HEARTBEAT                    node3?node2
[node3][L=1398] SEND     HEARTBEAT                    node3?node1
[node3][PeerConnMgr] Mensaje enviado a node2 type=HEARTBEAT L=1397
[node3][PeerConnMgr] Mensaje enviado a node1 type=HEARTBEAT L=1398
[node3][L=1400] RECEIVE  HEARTBEAT                    node2?node3
[node3][PeerMessageHandler] Mensaje recibido: type=HEARTBEAT source=node2 L=1399 ? local L=1400
[node3][L=1403] RECEIVE  APP                          node1?node3
[node3][PeerMessageHandler] Mensaje recibido: type=APP source=node1 L=1402 ? local L=1403
[node3][PeerMessageHandler] Mensaje grupal entregado localmente a usuarioC
[node3][L=1405] RECEIVE  HEARTBEAT                    node1?node3
[node3][PeerMessageHandler] Mensaje recibido: type=HEARTBEAT source=node1 L=1404 ? local L=1405
[node3][L=1406] SEND     HEARTBEAT                    node3?node2
[node3][L=1407] SEND     HEARTBEAT                    node3?node1
[node3][PeerConnMgr] Mensaje enviado a node2 type=HEARTBEAT L=1406
[node3][PeerConnMgr] Mensaje enviado a node1 type=HEARTBEAT L=1407
[node3][L=1409] RECEIVE  HEARTBEAT                    node2?node3
[node3][PeerMessageHandler] Mensaje recibido: type=HEARTBEAT source=node2 L=1408 ? local L=1409
[node3][L=1413] RECEIVE  HEARTBEAT                    node1?node3
[node3][PeerMessageHandler] Mensaje recibido: type=HEARTBEAT source=node1 L=1412 ? local L=1413
[node3][L=1414] SEND     HEARTBEAT                    node3?node2
[node3][L=1415] SEND     HEARTBEAT                    node3?node1
[node3][PeerConnMgr] Mensaje enviado a node1 type=HEARTBEAT L=1415
[node3][PeerConnMgr] Mensaje enviado a node2 type=HEARTBEAT L=1414
[node3][L=1417] RECEIVE  HEARTBEAT                    node2?node3
[node3][PeerMessageHandler] Mensaje recibido: type=HEARTBEAT source=node2 L=1416 ? local L=1417
[node3][L=1421] RECEIVE  HEARTBEAT                    node1?node3
[node3][PeerMessageHandler] Mensaje recibido: type=HEARTBEAT source=node1 L=1420 ? local L=1421
[node3][L=1422] SEND     HEARTBEAT                    node3?node2
[node3][L=1423] SEND     HEARTBEAT                    node3?node1
[node3][PeerConnMgr] Mensaje enviado a node1 type=HEARTBEAT L=1423
[node3][PeerConnMgr] Mensaje enviado a node2 type=HEARTBEAT L=1422
[node3][L=1425] RECEIVE  HEARTBEAT                    node2?node3
[node3][PeerMessageHandler] Mensaje recibido: type=HEARTBEAT source=node2 L=1424 ? local L=1425
[node3][L=1429] RECEIVE  HEARTBEAT                    node1?node3
[node3][PeerMessageHandler] Mensaje recibido: type=HEARTBEAT source=node1 L=1428 ? local L=1429
[node3][L=1430] SEND     HEARTBEAT                    node3?node2
[node3][L=1431] SEND     HEARTBEAT                    node3?node1
[node3][PeerConnMgr] Mensaje enviado a node1 type=HEARTBEAT L=1431
[node3][PeerConnMgr] Mensaje enviado a node2 type=HEARTBEAT L=1430
[node3][L=1433] RECEIVE  HEARTBEAT                    node2?node3
[node3][PeerMessageHandler] Mensaje recibido: type=HEARTBEAT source=node2 L=1432 ? local L=1433
[node3][L=1437] RECEIVE  HEARTBEAT                    node1?node3
[node3][PeerMessageHandler] Mensaje recibido: type=HEARTBEAT source=node1 L=1436 ? local L=1437
[node3][L=1438] SEND     HEARTBEAT                    node3?node2
[node3][L=1439] SEND     HEARTBEAT                    node3?node1
[node3][PeerConnMgr] Mensaje enviado a node1 type=HEARTBEAT L=1439
[node3][PeerConnMgr] Mensaje enviado a node2 type=HEARTBEAT L=1438
[node3][L=1441] RECEIVE  HEARTBEAT                    node2?node3
[node3][PeerMessageHandler] Mensaje recibido: type=HEARTBEAT source=node2 L=1440 ? local L=1441
[node3][L=1445] RECEIVE  HEARTBEAT                    node1?node3
[node3][PeerMessageHandler] Mensaje recibido: type=HEARTBEAT source=node1 L=1444 ? local L=1445
[node3][L=1446] SEND     HEARTBEAT                    node3?node2
[node3][L=1447] SEND     HEARTBEAT                    node3?node1
[node3][PeerConnMgr] Mensaje enviado a node1 type=HEARTBEAT L=1447
[node3][PeerConnMgr] Mensaje enviado a node2 type=HEARTBEAT L=1446
[node3][L=1449] RECEIVE  HEARTBEAT                    node2?node3
[node3][PeerMessageHandler] Mensaje recibido: type=HEARTBEAT source=node2 L=1448 ? local L=1449
[node3][L=1453] RECEIVE  HEARTBEAT                    node1?node3
[node3][PeerMessageHandler] Mensaje recibido: type=HEARTBEAT source=node1 L=1452 ? local L=1453
[node3][L=1454] SEND     HEARTBEAT                    node3?node2
[node3][L=1455] SEND     HEARTBEAT                    node3?node1
[node3][PeerConnMgr] Mensaje enviado a node1 type=HEARTBEAT L=1455
[node3][PeerConnMgr] Mensaje enviado a node2 type=HEARTBEAT L=1454
[node3][L=1457] RECEIVE  HEARTBEAT                    node2?node3
[node3][PeerMessageHandler] Mensaje recibido: type=HEARTBEAT source=node2 L=1456 ? local L=1457
[node3][L=1461] RECEIVE  HEARTBEAT                    node1?node3
[node3][PeerMessageHandler] Mensaje recibido: type=HEARTBEAT source=node1 L=1460 ? local L=1461
[node3][L=1462] SEND     HEARTBEAT                    node3?node2
[node3][L=1463] SEND     HEARTBEAT                    node3?node1
[node3][PeerConnMgr] Mensaje enviado a node2 type=HEARTBEAT L=1462
[node3][PeerConnMgr] Mensaje enviado a node1 type=HEARTBEAT L=1463
[node3][L=1465] RECEIVE  HEARTBEAT                    node2?node3
[node3][PeerMessageHandler] Mensaje recibido: type=HEARTBEAT source=node2 L=1464 ? local L=1465
[node3][L=1469] RECEIVE  HEARTBEAT                    node1?node3
[node3][PeerMessageHandler] Mensaje recibido: type=HEARTBEAT source=node1 L=1468 ? local L=1469
[node3][L=1470] SEND     HEARTBEAT                    node3?node2
[node3][L=1471] SEND     HEARTBEAT                    node3?node1
[node3][PeerConnMgr] Mensaje enviado a node1 type=HEARTBEAT L=1471
[node3][PeerConnMgr] Mensaje enviado a node2 type=HEARTBEAT L=1470
[node3][L=1473] RECEIVE  HEARTBEAT                    node2?node3
[node3][PeerMessageHandler] Mensaje recibido: type=HEARTBEAT source=node2 L=1472 ? local L=1473
[node3][L=1477] RECEIVE  HEARTBEAT                    node1?node3
[node3][PeerMessageHandler] Mensaje recibido: type=HEARTBEAT source=node1 L=1476 ? local L=1477
[node3][L=1478] SEND     HEARTBEAT                    node3?node2
[node3][L=1479] SEND     HEARTBEAT                    node3?node1
[node3][PeerConnMgr] Mensaje enviado a node2 type=HEARTBEAT L=1478
[node3][PeerConnMgr] Mensaje enviado a node1 type=HEARTBEAT L=1479
[node3][L=1481] RECEIVE  HEARTBEAT                    node2?node3
[node3][PeerMessageHandler] Mensaje recibido: type=HEARTBEAT source=node2 L=1480 ? local L=1481
[node3][L=1485] RECEIVE  HEARTBEAT                    node1?node3
[node3][PeerMessageHandler] Mensaje recibido: type=HEARTBEAT source=node1 L=1484 ? local L=1485
[node3][L=1486] SEND     HEARTBEAT                    node3?node2
[node3][L=1487] SEND     HEARTBEAT                    node3?node1
[node3][PeerConnMgr] Mensaje enviado a node1 type=HEARTBEAT L=1487
[node3][PeerConnMgr] Mensaje enviado a node2 type=HEARTBEAT L=1486
[node3][L=1489] RECEIVE  HEARTBEAT                    node2?node3
[node3][PeerMessageHandler] Mensaje recibido: type=HEARTBEAT source=node2 L=1488 ? local L=1489
[node3][L=1493] RECEIVE  HEARTBEAT                    node1?node3
[node3][PeerMessageHandler] Mensaje recibido: type=HEARTBEAT source=node1 L=1492 ? local L=1493
[node3][L=1494] SEND     HEARTBEAT                    node3?node2
[node3][PeerConnMgr] Mensaje enviado a node2 type=HEARTBEAT L=1494
[node3][L=1495] SEND     HEARTBEAT                    node3?node1
[node3][PeerConnMgr] Mensaje enviado a node1 type=HEARTBEAT L=1495
[node3][L=1497] RECEIVE  HEARTBEAT                    node2?node3
[node3][PeerMessageHandler] Mensaje recibido: type=HEARTBEAT source=node2 L=1496 ? local L=1497
[node3][L=1501] RECEIVE  HEARTBEAT                    node1?node3
[node3][PeerMessageHandler] Mensaje recibido: type=HEARTBEAT source=node1 L=1500 ? local L=1501
[node3][L=1502] SEND     HEARTBEAT                    node3?node2
[node3][L=1503] SEND     HEARTBEAT                    node3?node1
[node3][PeerConnMgr] Mensaje enviado a node1 type=HEARTBEAT L=1503
[node3][PeerConnMgr] Mensaje enviado a node2 type=HEARTBEAT L=1502
[node3][L=1505] RECEIVE  HEARTBEAT                    node2?node3
[node3][PeerMessageHandler] Mensaje recibido: type=HEARTBEAT source=node2 L=1504 ? local L=1505
[node3][L=1509] RECEIVE  HEARTBEAT                    node1?node3
[node3][PeerMessageHandler] Mensaje recibido: type=HEARTBEAT source=node1 L=1508 ? local L=1509
[node3][L=1510] SEND     HEARTBEAT                    node3?node2
[node3][L=1511] SEND     HEARTBEAT                    node3?node1
[node3][PeerConnMgr] Mensaje enviado a node1 type=HEARTBEAT L=1511
[node3][PeerConnMgr] Mensaje enviado a node2 type=HEARTBEAT L=1510
[node3][L=1513] RECEIVE  HEARTBEAT                    node2?node3
[node3][PeerMessageHandler] Mensaje recibido: type=HEARTBEAT source=node2 L=1512 ? local L=1513
[node3][L=1517] RECEIVE  HEARTBEAT                    node1?node3
[node3][PeerMessageHandler] Mensaje recibido: type=HEARTBEAT source=node1 L=1516 ? local L=1517
[node3][L=1518] SEND     HEARTBEAT                    node3?node2
[node3][L=1519] SEND     HEARTBEAT                    node3?node1
[node3][PeerConnMgr] Mensaje enviado a node2 type=HEARTBEAT L=1518
[node3][PeerConnMgr] Mensaje enviado a node1 type=HEARTBEAT L=1519
[node3][L=1521] RECEIVE  HEARTBEAT                    node2?node3
[node3][PeerMessageHandler] Mensaje recibido: type=HEARTBEAT source=node2 L=1520 ? local L=1521
[node3][L=1525] RECEIVE  HEARTBEAT                    node1?node3
[node3][PeerMessageHandler] Mensaje recibido: type=HEARTBEAT source=node1 L=1524 ? local L=1525
[node3][L=1526] SEND     HEARTBEAT                    node3?node2
[node3][L=1527] SEND     HEARTBEAT                    node3?node1
[node3][PeerConnMgr] Mensaje enviado a node2 type=HEARTBEAT L=1526
[node3][PeerConnMgr] Mensaje enviado a node1 type=HEARTBEAT L=1527
[node3][L=1529] RECEIVE  HEARTBEAT                    node2?node3
[node3][PeerMessageHandler] Mensaje recibido: type=HEARTBEAT source=node2 L=1528 ? local L=1529
[node3][L=1533] RECEIVE  HEARTBEAT                    node1?node3
[node3][PeerMessageHandler] Mensaje recibido: type=HEARTBEAT source=node1 L=1532 ? local L=1533
[node3][L=1534] SEND     HEARTBEAT                    node3?node2
[node3][L=1535] SEND     HEARTBEAT                    node3?node1
[node3][PeerConnMgr] Mensaje enviado a node1 type=HEARTBEAT L=1535
[node3][PeerConnMgr] Mensaje enviado a node2 type=HEARTBEAT L=1534
[node3][L=1537] RECEIVE  HEARTBEAT                    node2?node3
[node3][PeerMessageHandler] Mensaje recibido: type=HEARTBEAT source=node2 L=1536 ? local L=1537
[node3][L=1541] RECEIVE  HEARTBEAT                    node1?node3
[node3][PeerMessageHandler] Mensaje recibido: type=HEARTBEAT source=node1 L=1540 ? local L=1541
[node3][L=1542] SEND     HEARTBEAT                    node3?node2
[node3][L=1543] SEND     HEARTBEAT                    node3?node1
[node3][PeerConnMgr] Mensaje enviado a node2 type=HEARTBEAT L=1542
[node3][PeerConnMgr] Mensaje enviado a node1 type=HEARTBEAT L=1543
[node3][L=1545] RECEIVE  HEARTBEAT                    node2?node3
[node3][PeerMessageHandler] Mensaje recibido: type=HEARTBEAT source=node2 L=1544 ? local L=1545
[node3][L=1549] RECEIVE  HEARTBEAT                    node1?node3
[node3][PeerMessageHandler] Mensaje recibido: type=HEARTBEAT source=node1 L=1548 ? local L=1549
[node3][L=1550] SEND     HEARTBEAT                    node3?node2
[node3][L=1551] SEND     HEARTBEAT                    node3?node1
[node3][PeerConnMgr] Mensaje enviado a node1 type=HEARTBEAT L=1551
[node3][PeerConnMgr] Mensaje enviado a node2 type=HEARTBEAT L=1550
[node3][L=1553] RECEIVE  HEARTBEAT                    node2?node3
[node3][PeerMessageHandler] Mensaje recibido: type=HEARTBEAT source=node2 L=1552 ? local L=1553
[node3][L=1557] RECEIVE  HEARTBEAT                    node1?node3
[node3][PeerMessageHandler] Mensaje recibido: type=HEARTBEAT source=node1 L=1556 ? local L=1557
[node3][L=1558] SEND     HEARTBEAT                    node3?node2
[node3][L=1559] SEND     HEARTBEAT                    node3?node1
[node3][PeerConnMgr] Mensaje enviado a node1 type=HEARTBEAT L=1559
[node3][PeerConnMgr] Mensaje enviado a node2 type=HEARTBEAT L=1558
[node3][L=1561] RECEIVE  HEARTBEAT                    node2?node3
[node3][PeerMessageHandler] Mensaje recibido: type=HEARTBEAT source=node2 L=1560 ? local L=1561
[node3][L=1565] RECEIVE  HEARTBEAT                    node1?node3
[node3][PeerMessageHandler] Mensaje recibido: type=HEARTBEAT source=node1 L=1564 ? local L=1565
[node3][L=1566] SEND     HEARTBEAT                    node3?node2
[node3][L=1567] SEND     HEARTBEAT                    node3?node1
[node3][PeerConnMgr] Mensaje enviado a node1 type=HEARTBEAT L=1567
[node3][PeerConnMgr] Mensaje enviado a node2 type=HEARTBEAT L=1566
[node3][L=1569] RECEIVE  HEARTBEAT                    node2?node3
[node3][PeerMessageHandler] Mensaje recibido: type=HEARTBEAT source=node2 L=1568 ? local L=1569
[node3][L=1573] RECEIVE  HEARTBEAT                    node1?node3
[node3][PeerMessageHandler] Mensaje recibido: type=HEARTBEAT source=node1 L=1572 ? local L=1573
[node3][L=1574] SEND     HEARTBEAT                    node3?node2
[node3][L=1575] SEND     HEARTBEAT                    node3?node1
[node3][PeerConnMgr] Mensaje enviado a node1 type=HEARTBEAT L=1575
[node3][PeerConnMgr] Mensaje enviado a node2 type=HEARTBEAT L=1574
[node3][L=1577] RECEIVE  HEARTBEAT                    node2?node3
[node3][PeerMessageHandler] Mensaje recibido: type=HEARTBEAT source=node2 L=1576 ? local L=1577
[node3][L=1581] RECEIVE  HEARTBEAT                    node1?node3
[node3][PeerMessageHandler] Mensaje recibido: type=HEARTBEAT source=node1 L=1580 ? local L=1581
[node3][L=1582] SEND     HEARTBEAT                    node3?node2
[node3][L=1583] SEND     HEARTBEAT                    node3?node1
[node3][PeerConnMgr] Mensaje enviado a node2 type=HEARTBEAT L=1582
[node3][PeerConnMgr] Mensaje enviado a node1 type=HEARTBEAT L=1583
[node3][L=1585] RECEIVE  HEARTBEAT                    node2?node3
[node3][PeerMessageHandler] Mensaje recibido: type=HEARTBEAT source=node2 L=1584 ? local L=1585
[node3][L=1589] RECEIVE  HEARTBEAT                    node1?node3
[node3][PeerMessageHandler] Mensaje recibido: type=HEARTBEAT source=node1 L=1588 ? local L=1589
[node3][L=1590] SEND     HEARTBEAT                    node3?node2
[node3][L=1591] SEND     HEARTBEAT                    node3?node1
[node3][PeerConnMgr] Mensaje enviado a node1 type=HEARTBEAT L=1591
[node3][PeerConnMgr] Mensaje enviado a node2 type=HEARTBEAT L=1590
[node3][L=1593] RECEIVE  HEARTBEAT                    node2?node3
[node3][PeerMessageHandler] Mensaje recibido: type=HEARTBEAT source=node2 L=1592 ? local L=1593
[node3][L=1597] RECEIVE  HEARTBEAT                    node1?node3
[node3][PeerMessageHandler] Mensaje recibido: type=HEARTBEAT source=node1 L=1596 ? local L=1597
[node3][L=1598] SEND     HEARTBEAT                    node3?node2
[node3][L=1599] SEND     HEARTBEAT                    node3?node1
[node3][PeerConnMgr] Mensaje enviado a node2 type=HEARTBEAT L=1598
[node3][PeerConnMgr] Mensaje enviado a node1 type=HEARTBEAT L=1599
[node3][L=1601] RECEIVE  HEARTBEAT                    node2?node3
[node3][PeerMessageHandler] Mensaje recibido: type=HEARTBEAT source=node2 L=1600 ? local L=1601
[node3][L=1605] RECEIVE  HEARTBEAT                    node1?node3
[node3][PeerMessageHandler] Mensaje recibido: type=HEARTBEAT source=node1 L=1604 ? local L=1605
[node3][L=1606] SEND     HEARTBEAT                    node3?node2
[node3][L=1607] SEND     HEARTBEAT                    node3?node1
[node3][PeerConnMgr] Mensaje enviado a node2 type=HEARTBEAT L=1606
[node3][PeerConnMgr] Mensaje enviado a node1 type=HEARTBEAT L=1607
[node3][L=1609] RECEIVE  HEARTBEAT                    node2?node3
[node3][PeerMessageHandler] Mensaje recibido: type=HEARTBEAT source=node2 L=1608 ? local L=1609
[node3][L=1613] RECEIVE  HEARTBEAT                    node1?node3
[node3][PeerMessageHandler] Mensaje recibido: type=HEARTBEAT source=node1 L=1612 ? local L=1613
[node3][L=1614] SEND     HEARTBEAT                    node3?node2
[node3][L=1615] SEND     HEARTBEAT                    node3?node1
[node3][PeerConnMgr] Mensaje enviado a node1 type=HEARTBEAT L=1615
[node3][PeerConnMgr] Mensaje enviado a node2 type=HEARTBEAT L=1614
[node3][L=1617] RECEIVE  HEARTBEAT                    node2?node3
[node3][PeerMessageHandler] Mensaje recibido: type=HEARTBEAT source=node2 L=1616 ? local L=1617
[node3][L=1621] RECEIVE  HEARTBEAT                    node1?node3
[node3][PeerMessageHandler] Mensaje recibido: type=HEARTBEAT source=node1 L=1620 ? local L=1621
[node3][L=1622] SEND     HEARTBEAT                    node3?node2
[node3][L=1623] SEND     HEARTBEAT                    node3?node1
[node3][PeerConnMgr] Mensaje enviado a node2 type=HEARTBEAT L=1622
[node3][PeerConnMgr] Mensaje enviado a node1 type=HEARTBEAT L=1623
[node3][L=1625] RECEIVE  HEARTBEAT                    node2?node3
[node3][PeerMessageHandler] Mensaje recibido: type=HEARTBEAT source=node2 L=1624 ? local L=1625
[node3][L=1629] RECEIVE  HEARTBEAT                    node1?node3
[node3][PeerMessageHandler] Mensaje recibido: type=HEARTBEAT source=node1 L=1628 ? local L=1629
[node3][L=1630] SEND     HEARTBEAT                    node3?node2
[node3][L=1631] SEND     HEARTBEAT                    node3?node1
[node3][PeerConnMgr] Mensaje enviado a node2 type=HEARTBEAT L=1630
[node3][PeerConnMgr] Mensaje enviado a node1 type=HEARTBEAT L=1631
[node3][L=1633] RECEIVE  HEARTBEAT                    node2?node3
[node3][PeerMessageHandler] Mensaje recibido: type=HEARTBEAT source=node2 L=1632 ? local L=1633
[node3][L=1637] RECEIVE  HEARTBEAT                    node1?node3
[node3][PeerMessageHandler] Mensaje recibido: type=HEARTBEAT source=node1 L=1636 ? local L=1637
[node3][L=1638] SEND     HEARTBEAT                    node3?node2
[node3][L=1639] SEND     HEARTBEAT                    node3?node1
[node3][PeerConnMgr] Mensaje enviado a node2 type=HEARTBEAT L=1638
[node3][PeerConnMgr] Mensaje enviado a node1 type=HEARTBEAT L=1639
[node3][L=1641] RECEIVE  HEARTBEAT                    node2?node3
[node3][PeerMessageHandler] Mensaje recibido: type=HEARTBEAT source=node2 L=1640 ? local L=1641
[node3][L=1645] RECEIVE  HEARTBEAT                    node1?node3
[node3][PeerMessageHandler] Mensaje recibido: type=HEARTBEAT source=node1 L=1644 ? local L=1645
[node3][L=1646] SEND     HEARTBEAT                    node3?node2
[node3][L=1647] SEND     HEARTBEAT                    node3?node1
[node3][PeerConnMgr] Mensaje enviado a node1 type=HEARTBEAT L=1647
[node3][PeerConnMgr] Mensaje enviado a node2 type=HEARTBEAT L=1646
[node3][L=1649] RECEIVE  HEARTBEAT                    node2?node3
[node3][PeerMessageHandler] Mensaje recibido: type=HEARTBEAT source=node2 L=1648 ? local L=1649
[node3][L=1653] RECEIVE  HEARTBEAT                    node1?node3
[node3][PeerMessageHandler] Mensaje recibido: type=HEARTBEAT source=node1 L=1652 ? local L=1653
[node3][L=1654] SEND     HEARTBEAT                    node3?node2
[node3][L=1655] SEND     HEARTBEAT                    node3?node1
[node3][PeerConnMgr] Mensaje enviado a node1 type=HEARTBEAT L=1655
[node3][PeerConnMgr] Mensaje enviado a node2 type=HEARTBEAT L=1654
[node3][L=1657] RECEIVE  HEARTBEAT                    node2?node3
[node3][PeerMessageHandler] Mensaje recibido: type=HEARTBEAT source=node2 L=1656 ? local L=1657
[node3][L=1661] RECEIVE  HEARTBEAT                    node1?node3
[node3][PeerMessageHandler] Mensaje recibido: type=HEARTBEAT source=node1 L=1660 ? local L=1661
[node3][L=1662] SEND     HEARTBEAT                    node3?node2
[node3][L=1663] SEND     HEARTBEAT                    node3?node1
[node3][PeerConnMgr] Mensaje enviado a node1 type=HEARTBEAT L=1663
[node3][PeerConnMgr] Mensaje enviado a node2 type=HEARTBEAT L=1662
[node3][L=1665] RECEIVE  HEARTBEAT                    node2?node3
[node3][PeerMessageHandler] Mensaje recibido: type=HEARTBEAT source=node2 L=1664 ? local L=1665
[node3][L=1669] RECEIVE  HEARTBEAT                    node1?node3
[node3][PeerMessageHandler] Mensaje recibido: type=HEARTBEAT source=node1 L=1668 ? local L=1669
