LOG DE EVENTOS ORDENADO POR LAMPORT [node1]
SEQ   L       NODO   EVENTO   TIPO                         DETALLE
--------------------------------------------------------------------------------
1     L=1     [node1 ] SEND     PEER_HELLO                   node1→node2
2     L=14    [node1 ] RECEIVE  HEARTBEAT                    node2→node1
3     L=15    [node1 ] SEND     PEER_HELLO                   node1→node3
4     L=16    [node1 ] RECEIVE  PEER_HELLO                   node2→node1
6     L=17    [node1 ] SEND     PEER_HELLO_ACK               node1→node2
5     L=18    [node1 ] RECEIVE  PEER_HELLO_ACK               node3→node1
7     L=19    [node1 ] RECEIVE  PEER_HELLO_ACK               node2→node1
8     L=20    [node1 ] RECEIVE  HEARTBEAT                    node3→node1
9     L=21    [node1 ] RECEIVE  MUTEX_REQUEST                node3→node1
10    L=22    [node1 ] SEND     MUTEX_REPLY                  node1→node3
11    L=25    [node1 ] RECEIVE  HEARTBEAT                    node2→node1
12    L=26    [node1 ] SEND     HEARTBEAT                    node1→node2
13    L=27    [node1 ] SEND     HEARTBEAT                    node1→node3
14    L=31    [node1 ] RECEIVE  HEARTBEAT                    node3→node1
15    L=33    [node1 ] RECEIVE  HEARTBEAT                    node2→node1
16    L=34    [node1 ] RECEIVE  MUTEX_REQUEST                node2→node1
17    L=35    [node1 ] SEND     MUTEX_REPLY                  node1→node2
18    L=36    [node1 ] SEND     HEARTBEAT                    node1→node2
19    L=37    [node1 ] SEND     HEARTBEAT                    node1→node3
20    L=38    [node1 ] SEND     ELECTION                     node1→node2
21    L=39    [node1 ] SEND     ELECTION                     node1→node3
22    L=41    [node1 ] RECEIVE  ELECTION_OK                  node2→node1
23    L=42    [node1 ] RECEIVE  ELECTION_OK                  node3→node1
24    L=44    [node1 ] RECEIVE  ELECTION_COORDINATOR         node3→node1
25    L=48    [node1 ] RECEIVE  ELECTION_COORDINATOR         node3→node1
26    L=50    [node1 ] RECEIVE  HEARTBEAT                    node3→node1
27    L=52    [node1 ] RECEIVE  HEARTBEAT                    node2→node1
28    L=53    [node1 ] SEND     HEARTBEAT                    node1→node2
29    L=54    [node1 ] SEND     HEARTBEAT                    node1→node3
30    L=55    [node1 ] SEND     MUTEX_REQUEST                node1→node2
31    L=55    [node1 ] SEND     MUTEX_REQUEST                node1→node3
32    L=58    [node1 ] RECEIVE  MUTEX_REPLY                  node3→node1
33    L=59    [node1 ] RECEIVE  MUTEX_REPLY                  node2→node1
34    L=60    [node1 ] RECEIVE  HEARTBEAT                    node3→node1
35    L=62    [node1 ] RECEIVE  HEARTBEAT                    node2→node1
36    L=63    [node1 ] SEND     HEARTBEAT                    node1→node2
37    L=64    [node1 ] SEND     HEARTBEAT                    node1→node3
38    L=68    [node1 ] RECEIVE  HEARTBEAT                    node3→node1
39    L=70    [node1 ] RECEIVE  HEARTBEAT                    node2→node1
40    L=71    [node1 ] SEND     HEARTBEAT                    node1→node2
41    L=72    [node1 ] SEND     HEARTBEAT                    node1→node3
42    L=76    [node1 ] RECEIVE  HEARTBEAT                    node3→node1
43    L=78    [node1 ] RECEIVE  HEARTBEAT                    node2→node1
44    L=79    [node1 ] SEND     HEARTBEAT                    node1→node2
45    L=80    [node1 ] SEND     HEARTBEAT                    node1→node3
46    L=84    [node1 ] RECEIVE  HEARTBEAT                    node3→node1
47    L=86    [node1 ] RECEIVE  HEARTBEAT                    node2→node1
48    L=87    [node1 ] SEND     HEARTBEAT                    node1→node2
49    L=88    [node1 ] SEND     HEARTBEAT                    node1→node3
50    L=92    [node1 ] RECEIVE  HEARTBEAT                    node3→node1
51    L=94    [node1 ] RECEIVE  HEARTBEAT                    node2→node1
52    L=95    [node1 ] SEND     HEARTBEAT                    node1→node2
53    L=96    [node1 ] SEND     HEARTBEAT                    node1→node3
54    L=100   [node1 ] RECEIVE  HEARTBEAT                    node3→node1
55    L=102   [node1 ] RECEIVE  HEARTBEAT                    node2→node1
56    L=103   [node1 ] SEND     HEARTBEAT                    node1→node2
57    L=104   [node1 ] SEND     HEARTBEAT                    node1→node3
58    L=108   [node1 ] RECEIVE  HEARTBEAT                    node3→node1
59    L=110   [node1 ] RECEIVE  HEARTBEAT                    node2→node1
60    L=111   [node1 ] SEND     HEARTBEAT                    node1→node2
61    L=112   [node1 ] SEND     HEARTBEAT                    node1→node3
62    L=116   [node1 ] RECEIVE  HEARTBEAT                    node3→node1
63    L=118   [node1 ] RECEIVE  HEARTBEAT                    node2→node1
64    L=119   [node1 ] SEND     HEARTBEAT                    node1→node2
65    L=120   [node1 ] SEND     HEARTBEAT                    node1→node3
66    L=124   [node1 ] RECEIVE  HEARTBEAT                    node3→node1
67    L=126   [node1 ] RECEIVE  HEARTBEAT                    node2→node1
68    L=127   [node1 ] SEND     HEARTBEAT                    node1→node2
69    L=128   [node1 ] SEND     HEARTBEAT                    node1→node3
70    L=132   [node1 ] RECEIVE  HEARTBEAT                    node3→node1
71    L=134   [node1 ] RECEIVE  HEARTBEAT                    node2→node1
72    L=135   [node1 ] SEND     HEARTBEAT                    node1→node2
73    L=136   [node1 ] SEND     HEARTBEAT                    node1→node3
74    L=140   [node1 ] RECEIVE  HEARTBEAT                    node3→node1
75    L=142   [node1 ] RECEIVE  HEARTBEAT                    node2→node1
76    L=143   [node1 ] SEND     HEARTBEAT                    node1→node2
77    L=144   [node1 ] SEND     HEARTBEAT                    node1→node3
78    L=148   [node1 ] RECEIVE  HEARTBEAT                    node3→node1
79    L=150   [node1 ] RECEIVE  HEARTBEAT                    node2→node1
80    L=151   [node1 ] SEND     HEARTBEAT                    node1→node2
81    L=152   [node1 ] SEND     HEARTBEAT                    node1→node3
82    L=156   [node1 ] RECEIVE  HEARTBEAT                    node3→node1
83    L=158   [node1 ] RECEIVE  HEARTBEAT                    node2→node1
84    L=159   [node1 ] SEND     HEARTBEAT                    node1→node2
85    L=160   [node1 ] SEND     HEARTBEAT                    node1→node3
86    L=164   [node1 ] RECEIVE  HEARTBEAT                    node3→node1
87    L=166   [node1 ] RECEIVE  HEARTBEAT                    node2→node1
88    L=167   [node1 ] SEND     HEARTBEAT                    node1→node2
89    L=168   [node1 ] SEND     HEARTBEAT                    node1→node3
90    L=172   [node1 ] RECEIVE  HEARTBEAT                    node3→node1
91    L=174   [node1 ] RECEIVE  HEARTBEAT                    node2→node1
92    L=175   [node1 ] SEND     HEARTBEAT                    node1→node2
93    L=176   [node1 ] SEND     HEARTBEAT                    node1→node3
94    L=180   [node1 ] RECEIVE  HEARTBEAT                    node3→node1
95    L=182   [node1 ] RECEIVE  HEARTBEAT                    node2→node1
96    L=183   [node1 ] SEND     HEARTBEAT                    node1→node2
97    L=184   [node1 ] SEND     HEARTBEAT                    node1→node3
98    L=188   [node1 ] RECEIVE  HEARTBEAT                    node3→node1
99    L=190   [node1 ] RECEIVE  HEARTBEAT                    node2→node1
100   L=191   [node1 ] SEND     HEARTBEAT                    node1→node2
101   L=192   [node1 ] SEND     HEARTBEAT                    node1→node3
102   L=196   [node1 ] RECEIVE  HEARTBEAT                    node3→node1
103   L=198   [node1 ] RECEIVE  HEARTBEAT                    node2→node1
104   L=199   [node1 ] SEND     HEARTBEAT                    node1→node2
105   L=200   [node1 ] SEND     HEARTBEAT                    node1→node3
106   L=204   [node1 ] RECEIVE  HEARTBEAT                    node3→node1
107   L=206   [node1 ] RECEIVE  HEARTBEAT                    node2→node1
108   L=207   [node1 ] SEND     HEARTBEAT                    node1→node2
109   L=208   [node1 ] SEND     HEARTBEAT                    node1→node3
110   L=212   [node1 ] RECEIVE  HEARTBEAT                    node3→node1
111   L=214   [node1 ] RECEIVE  HEARTBEAT                    node2→node1
112   L=215   [node1 ] SEND     HEARTBEAT                    node1→node2
113   L=216   [node1 ] SEND     HEARTBEAT                    node1→node3
114   L=220   [node1 ] RECEIVE  HEARTBEAT                    node3→node1
115   L=222   [node1 ] RECEIVE  HEARTBEAT                    node2→node1
116   L=223   [node1 ] SEND     HEARTBEAT                    node1→node2
117   L=224   [node1 ] SEND     HEARTBEAT                    node1→node3
118   L=228   [node1 ] RECEIVE  HEARTBEAT                    node3→node1
119   L=230   [node1 ] RECEIVE  HEARTBEAT                    node2→node1
120   L=231   [node1 ] SEND     HEARTBEAT                    node1→node2
121   L=232   [node1 ] SEND     HEARTBEAT                    node1→node3
122   L=236   [node1 ] RECEIVE  HEARTBEAT                    node3→node1
123   L=238   [node1 ] RECEIVE  HEARTBEAT                    node2→node1
124   L=239   [node1 ] SEND     HEARTBEAT                    node1→node2
125   L=240   [node1 ] SEND     HEARTBEAT                    node1→node3
126   L=244   [node1 ] RECEIVE  HEARTBEAT                    node3→node1
127   L=246   [node1 ] RECEIVE  HEARTBEAT                    node2→node1
128   L=247   [node1 ] SEND     HEARTBEAT                    node1→node2
129   L=248   [node1 ] SEND     HEARTBEAT                    node1→node3
130   L=252   [node1 ] RECEIVE  HEARTBEAT                    node3→node1
131   L=254   [node1 ] RECEIVE  HEARTBEAT                    node2→node1
132   L=255   [node1 ] SEND     HEARTBEAT                    node1→node2
133   L=256   [node1 ] SEND     HEARTBEAT                    node1→node3
134   L=260   [node1 ] RECEIVE  HEARTBEAT                    node3→node1
135   L=262   [node1 ] RECEIVE  HEARTBEAT                    node2→node1
136   L=263   [node1 ] SEND     HEARTBEAT                    node1→node2
137   L=264   [node1 ] SEND     HEARTBEAT                    node1→node3
138   L=268   [node1 ] RECEIVE  HEARTBEAT                    node3→node1
139   L=270   [node1 ] RECEIVE  HEARTBEAT                    node2→node1
140   L=271   [node1 ] SEND     HEARTBEAT                    node1→node2
141   L=272   [node1 ] SEND     HEARTBEAT                    node1→node3
142   L=276   [node1 ] RECEIVE  HEARTBEAT                    node3→node1
143   L=278   [node1 ] RECEIVE  HEARTBEAT                    node2→node1
144   L=279   [node1 ] SEND     HEARTBEAT                    node1→node2
145   L=280   [node1 ] SEND     HEARTBEAT                    node1→node3
146   L=284   [node1 ] RECEIVE  HEARTBEAT                    node3→node1
147   L=286   [node1 ] RECEIVE  HEARTBEAT                    node2→node1
148   L=287   [node1 ] SEND     HEARTBEAT                    node1→node2
149   L=288   [node1 ] SEND     HEARTBEAT                    node1→node3
150   L=292   [node1 ] RECEIVE  HEARTBEAT                    node3→node1
151   L=294   [node1 ] RECEIVE  HEARTBEAT                    node2→node1
152   L=295   [node1 ] SEND     HEARTBEAT                    node1→node2
153   L=296   [node1 ] SEND     HEARTBEAT                    node1→node3
154   L=300   [node1 ] RECEIVE  HEARTBEAT                    node3→node1
155   L=302   [node1 ] RECEIVE  HEARTBEAT                    node2→node1
156   L=303   [node1 ] SEND     HEARTBEAT                    node1→node2
157   L=304   [node1 ] SEND     HEARTBEAT                    node1→node3
158   L=308   [node1 ] RECEIVE  HEARTBEAT                    node3→node1
159   L=310   [node1 ] RECEIVE  HEARTBEAT                    node2→node1
160   L=311   [node1 ] SEND     HEARTBEAT                    node1→node2
161   L=312   [node1 ] SEND     HEARTBEAT                    node1→node3
162   L=316   [node1 ] RECEIVE  HEARTBEAT                    node3→node1
163   L=318   [node1 ] RECEIVE  HEARTBEAT                    node2→node1
164   L=319   [node1 ] SEND     HEARTBEAT                    node1→node2
165   L=320   [node1 ] SEND     HEARTBEAT                    node1→node3
166   L=324   [node1 ] RECEIVE  HEARTBEAT                    node3→node1
167   L=326   [node1 ] RECEIVE  HEARTBEAT                    node2→node1
168   L=327   [node1 ] SEND     HEARTBEAT                    node1→node2
169   L=328   [node1 ] SEND     HEARTBEAT                    node1→node3
170   L=332   [node1 ] RECEIVE  HEARTBEAT                    node3→node1
171   L=334   [node1 ] RECEIVE  HEARTBEAT                    node2→node1
172   L=335   [node1 ] SEND     HEARTBEAT                    node1→node2
173   L=336   [node1 ] SEND     HEARTBEAT                    node1→node3
174   L=340   [node1 ] RECEIVE  HEARTBEAT                    node3→node1
175   L=342   [node1 ] RECEIVE  HEARTBEAT                    node2→node1
176   L=343   [node1 ] SEND     HEARTBEAT                    node1→node2
177   L=344   [node1 ] SEND     HEARTBEAT                    node1→node3
178   L=348   [node1 ] RECEIVE  HEARTBEAT                    node3→node1
179   L=350   [node1 ] RECEIVE  HEARTBEAT                    node2→node1
180   L=351   [node1 ] SEND     HEARTBEAT                    node1→node2
181   L=352   [node1 ] SEND     HEARTBEAT                    node1→node3
182   L=356   [node1 ] RECEIVE  HEARTBEAT                    node3→node1
183   L=358   [node1 ] RECEIVE  HEARTBEAT                    node2→node1
184   L=359   [node1 ] SEND     HEARTBEAT                    node1→node2
185   L=360   [node1 ] SEND     HEARTBEAT                    node1→node3
186   L=364   [node1 ] RECEIVE  HEARTBEAT                    node3→node1
187   L=366   [node1 ] RECEIVE  HEARTBEAT                    node2→node1
188   L=367   [node1 ] SEND     HEARTBEAT                    node1→node2
189   L=368   [node1 ] SEND     HEARTBEAT                    node1→node3
190   L=372   [node1 ] RECEIVE  HEARTBEAT                    node3→node1
191   L=374   [node1 ] RECEIVE  HEARTBEAT                    node2→node1
192   L=375   [node1 ] SEND     HEARTBEAT                    node1→node2
193   L=376   [node1 ] SEND     HEARTBEAT                    node1→node3
194   L=380   [node1 ] RECEIVE  HEARTBEAT                    node3→node1
195   L=382   [node1 ] RECEIVE  HEARTBEAT                    node2→node1
196   L=383   [node1 ] SEND     HEARTBEAT                    node1→node2
197   L=384   [node1 ] SEND     HEARTBEAT                    node1→node3
198   L=388   [node1 ] RECEIVE  HEARTBEAT                    node3→node1
199   L=390   [node1 ] RECEIVE  HEARTBEAT                    node2→node1
200   L=391   [node1 ] SEND     HEARTBEAT                    node1→node2
201   L=392   [node1 ] SEND     HEARTBEAT                    node1→node3
202   L=393   [node1 ] LOCAL    LOGIN                        run1782075270499_load021@node1
203   L=394   [node1 ] LOCAL    LOGIN                        run1782075270499_load000@node1
204   L=395   [node1 ] LOCAL    LOGIN                        run1782075270499_load012@node1
205   L=396   [node1 ] LOCAL    LOGIN                        run1782075270499_load018@node1
206   L=397   [node1 ] LOCAL    LOGIN                        run1782075270499_load006@node1
207   L=398   [node1 ] LOCAL    LOGIN                        run1782075270499_load030@node1
208   L=399   [node1 ] LOCAL    LOGIN                        run1782075270499_load033@node1
209   L=400   [node1 ] LOCAL    LOGIN                        run1782075270499_load024@node1
210   L=401   [node1 ] LOCAL    LOGIN                        run1782075270499_load045@node1
211   L=402   [node1 ] LOCAL    LOGIN                        run1782075270499_load048@node1
212   L=403   [node1 ] LOCAL    LOGIN                        run1782075270499_load009@node1
213   L=404   [node1 ] LOCAL    LOGIN                        run1782075270499_load027@node1
214   L=405   [node1 ] LOCAL    LOGIN                        run1782075270499_load003@node1
215   L=406   [node1 ] LOCAL    LOGIN                        run1782075270499_load015@node1
216   L=407   [node1 ] LOCAL    LOGIN                        run1782075270499_load039@node1
217   L=408   [node1 ] LOCAL    LOGIN                        run1782075270499_load042@node1
218   L=409   [node1 ] LOCAL    LOGIN                        run1782075270499_load036@node1
219   L=410   [node1 ] SEND     MUTEX_REQUEST                node1→node2
220   L=410   [node1 ] SEND     MUTEX_REQUEST                node1→node3
221   L=411   [node1 ] SEND     HEARTBEAT                    node1→node2
222   L=412   [node1 ] SEND     HEARTBEAT                    node1→node3
223   L=413   [node1 ] SEND     HEARTBEAT                    node1→node2
224   L=414   [node1 ] SEND     HEARTBEAT                    node1→node3
225   L=415   [node1 ] SEND     HEARTBEAT                    node1→node2
226   L=416   [node1 ] SEND     HEARTBEAT                    node1→node3
227   L=418   [node1 ] SEND     APP_JOIN_GROUP               node1→*
228   L=420   [node1 ] SEND     APP_JOIN_GROUP               node1→*
229   L=422   [node1 ] SEND     APP_JOIN_GROUP               node1→*
230   L=424   [node1 ] SEND     APP_JOIN_GROUP               node1→*
231   L=426   [node1 ] SEND     APP_JOIN_GROUP               node1→*
232   L=428   [node1 ] SEND     APP_JOIN_GROUP               node1→*
233   L=430   [node1 ] SEND     APP_JOIN_GROUP               node1→*
234   L=432   [node1 ] SEND     APP_JOIN_GROUP               node1→*
235   L=434   [node1 ] SEND     APP_JOIN_GROUP               node1→*
236   L=436   [node1 ] SEND     APP_JOIN_GROUP               node1→*
237   L=438   [node1 ] SEND     APP_JOIN_GROUP               node1→*
238   L=440   [node1 ] SEND     APP_JOIN_GROUP               node1→*
239   L=442   [node1 ] SEND     APP_JOIN_GROUP               node1→*
240   L=444   [node1 ] SEND     APP_JOIN_GROUP               node1→*
241   L=446   [node1 ] SEND     APP_JOIN_GROUP               node1→*
242   L=448   [node1 ] SEND     APP_JOIN_GROUP               node1→*
243   L=449   [node1 ] SEND     APP_GROUP                    node1→*
244   L=450   [node1 ] SEND     APP_GROUP                    node1→*
245   L=451   [node1 ] SEND     APP_GROUP                    node1→*
246   L=452   [node1 ] SEND     APP_GROUP                    node1→*
247   L=453   [node1 ] SEND     APP_GROUP                    node1→*
248   L=454   [node1 ] SEND     APP_GROUP                    node1→*
249   L=455   [node1 ] SEND     APP_GROUP                    node1→*
250   L=457   [node1 ] SEND     APP_CREATE_GROUP             node1→*
251   L=459   [node1 ] SEND     APP_GROUP                    node1→*
252   L=460   [node1 ] SEND     APP_CREATE_GROUP             node1→*
253   L=462   [node1 ] SEND     APP_CREATE_GROUP             node1→*
254   L=463   [node1 ] SEND     APP_GROUP                    node1→*
255   L=465   [node1 ] SEND     APP_GROUP                    node1→*
256   L=466   [node1 ] SEND     APP_GROUP                    node1→*
257   L=467   [node1 ] SEND     APP_GROUP                    node1→*
259   L=468   [node1 ] SEND     APP_CREATE_GROUP             node1→*
258   L=469   [node1 ] SEND     APP_GROUP                    node1→*
260   L=471   [node1 ] SEND     APP_GROUP                    node1→*
261   L=472   [node1 ] SEND     APP_GROUP                    node1→*
262   L=473   [node1 ] SEND     APP_CREATE_GROUP             node1→*
263   L=474   [node1 ] SEND     APP_GROUP                    node1→*
264   L=475   [node1 ] SEND     APP_GROUP                    node1→*
265   L=476   [node1 ] SEND     APP_GROUP                    node1→*
266   L=477   [node1 ] SEND     APP_GROUP                    node1→*
267   L=478   [node1 ] SEND     APP_GROUP                    node1→*
268   L=479   [node1 ] SEND     APP_GROUP                    node1→*
269   L=480   [node1 ] SEND     APP_GROUP                    node1→*
270   L=481   [node1 ] SEND     APP_GROUP                    node1→*
271   L=482   [node1 ] SEND     APP_GROUP                    node1→*
272   L=483   [node1 ] SEND     APP_GROUP                    node1→*
273   L=484   [node1 ] SEND     APP_GROUP                    node1→*
274   L=485   [node1 ] SEND     APP_GROUP                    node1→*
275   L=487   [node1 ] SEND     APP_CREATE_GROUP             node1→*
276   L=488   [node1 ] SEND     APP_GROUP                    node1→*
277   L=489   [node1 ] SEND     APP_GROUP                    node1→*
278   L=490   [node1 ] SEND     APP_GROUP                    node1→*
279   L=492   [node1 ] SEND     APP_CREATE_GROUP             node1→*
280   L=493   [node1 ] SEND     APP_GROUP                    node1→*
281   L=494   [node1 ] SEND     APP_GROUP                    node1→*
282   L=495   [node1 ] SEND     APP_GROUP                    node1→*
283   L=496   [node1 ] SEND     APP_GROUP                    node1→*
284   L=497   [node1 ] SEND     APP_GROUP                    node1→*
285   L=498   [node1 ] SEND     APP_GROUP                    node1→*
286   L=499   [node1 ] SEND     APP_GROUP                    node1→*
287   L=500   [node1 ] SEND     APP_GROUP                    node1→*
288   L=501   [node1 ] SEND     APP_GROUP                    node1→*
289   L=502   [node1 ] SEND     APP_GROUP                    node1→*
290   L=503   [node1 ] SEND     APP_GROUP                    node1→*
291   L=504   [node1 ] SEND     APP_GROUP                    node1→*
292   L=505   [node1 ] SEND     APP_GROUP                    node1→*
293   L=506   [node1 ] SEND     APP_GROUP                    node1→*
294   L=507   [node1 ] SEND     APP_GROUP                    node1→*
295   L=508   [node1 ] SEND     APP_GROUP                    node1→*
296   L=509   [node1 ] SEND     APP_GROUP                    node1→*
297   L=511   [node1 ] SEND     APP_CREATE_GROUP             node1→*
298   L=513   [node1 ] SEND     APP_GROUP                    node1→*
299   L=514   [node1 ] SEND     APP_GROUP                    node1→*
300   L=515   [node1 ] SEND     APP_GROUP                    node1→*
301   L=516   [node1 ] SEND     APP_GROUP                    node1→*
302   L=517   [node1 ] SEND     APP_CREATE_GROUP             node1→*
303   L=518   [node1 ] SEND     APP_GROUP                    node1→*
304   L=519   [node1 ] SEND     APP_GROUP                    node1→*
305   L=520   [node1 ] SEND     APP_GROUP                    node1→*
306   L=522   [node1 ] SEND     APP_CREATE_GROUP             node1→*
307   L=523   [node1 ] SEND     APP_GROUP                    node1→*
308   L=524   [node1 ] SEND     APP_GROUP                    node1→*
309   L=525   [node1 ] SEND     APP_GROUP                    node1→*
310   L=526   [node1 ] SEND     APP_GROUP                    node1→*
311   L=528   [node1 ] SEND     APP_CREATE_GROUP             node1→*
312   L=529   [node1 ] SEND     APP_GROUP                    node1→*
313   L=531   [node1 ] SEND     APP_CREATE_GROUP             node1→*
314   L=532   [node1 ] SEND     APP_GROUP                    node1→*
315   L=533   [node1 ] SEND     APP_GROUP                    node1→*
316   L=534   [node1 ] SEND     APP_GROUP                    node1→*
317   L=535   [node1 ] SEND     APP_GROUP                    node1→*
318   L=536   [node1 ] SEND     APP_GROUP                    node1→*
319   L=537   [node1 ] SEND     APP_GROUP                    node1→*
320   L=538   [node1 ] SEND     APP_GROUP                    node1→*
321   L=539   [node1 ] SEND     APP_GROUP                    node1→*
322   L=540   [node1 ] SEND     APP_GROUP                    node1→*
323   L=541   [node1 ] SEND     APP_GROUP                    node1→*
324   L=542   [node1 ] SEND     APP_GROUP                    node1→*
325   L=543   [node1 ] SEND     APP_GROUP                    node1→*
326   L=544   [node1 ] SEND     APP_GROUP                    node1→*
327   L=545   [node1 ] SEND     APP_GROUP                    node1→*
328   L=546   [node1 ] SEND     APP_GROUP                    node1→*
329   L=547   [node1 ] SEND     APP_GROUP                    node1→*
330   L=548   [node1 ] SEND     APP_GROUP                    node1→*
331   L=549   [node1 ] SEND     APP_GROUP                    node1→*
332   L=550   [node1 ] SEND     APP_GROUP                    node1→*
333   L=551   [node1 ] SEND     APP_GROUP                    node1→*
334   L=552   [node1 ] SEND     APP_GROUP                    node1→*
335   L=553   [node1 ] SEND     APP_GROUP                    node1→*
336   L=555   [node1 ] SEND     APP_GROUP                    node1→*
337   L=556   [node1 ] SEND     APP_GROUP                    node1→*
338   L=557   [node1 ] SEND     APP_CREATE_GROUP             node1→*
339   L=558   [node1 ] SEND     APP_GROUP                    node1→*
340   L=559   [node1 ] SEND     APP_GROUP                    node1→*
341   L=561   [node1 ] SEND     APP_CREATE_GROUP             node1→*
342   L=562   [node1 ] SEND     APP_GROUP                    node1→*
343   L=563   [node1 ] SEND     APP_GROUP                    node1→*
344   L=564   [node1 ] SEND     APP_GROUP                    node1→*
345   L=565   [node1 ] SEND     APP_GROUP                    node1→*
346   L=566   [node1 ] SEND     APP_GROUP                    node1→*
347   L=567   [node1 ] SEND     APP_GROUP                    node1→*
348   L=569   [node1 ] SEND     APP_CREATE_GROUP             node1→*
349   L=571   [node1 ] SEND     APP_GROUP                    node1→*
350   L=572   [node1 ] SEND     APP_GROUP                    node1→*
351   L=573   [node1 ] SEND     APP_GROUP                    node1→*
352   L=574   [node1 ] SEND     APP_GROUP                    node1→*
353   L=575   [node1 ] SEND     APP_GROUP                    node1→*
354   L=576   [node1 ] SEND     APP_GROUP                    node1→*
355   L=577   [node1 ] SEND     APP_CREATE_GROUP             node1→*
357   L=578   [node1 ] SEND     APP_GROUP                    node1→*
356   L=579   [node1 ] SEND     APP_GROUP                    node1→*
358   L=580   [node1 ] SEND     APP_GROUP                    node1→*
359   L=581   [node1 ] SEND     APP_GROUP                    node1→*
360   L=582   [node1 ] SEND     APP_GROUP                    node1→*
361   L=583   [node1 ] SEND     APP_GROUP                    node1→*
363   L=584   [node1 ] SEND     APP_GROUP                    node1→*
362   L=585   [node1 ] SEND     APP_GROUP                    node1→*
364   L=586   [node1 ] SEND     APP_GROUP                    node1→*
365   L=587   [node1 ] SEND     APP_GROUP                    node1→*
366   L=588   [node1 ] SEND     APP_GROUP                    node1→*
367   L=590   [node1 ] SEND     APP_CREATE_GROUP             node1→*
368   L=591   [node1 ] SEND     APP_GROUP                    node1→*
369   L=592   [node1 ] SEND     APP_GROUP                    node1→*
370   L=593   [node1 ] SEND     APP_GROUP                    node1→*
371   L=594   [node1 ] SEND     APP_GROUP                    node1→*
373   L=595   [node1 ] SEND     APP_GROUP                    node1→*
372   L=597   [node1 ] SEND     APP_CREATE_GROUP             node1→*
374   L=598   [node1 ] SEND     APP_GROUP                    node1→*
376   L=599   [node1 ] SEND     APP_GROUP                    node1→*
375   L=600   [node1 ] SEND     APP_GROUP                    node1→*
377   L=601   [node1 ] SEND     APP_GROUP                    node1→*
378   L=602   [node1 ] SEND     APP_GROUP                    node1→*
379   L=603   [node1 ] SEND     APP_GROUP                    node1→*
380   L=604   [node1 ] SEND     APP_GROUP                    node1→*
381   L=606   [node1 ] SEND     APP_CREATE_GROUP             node1→*
382   L=607   [node1 ] SEND     APP_GROUP                    node1→*
383   L=608   [node1 ] SEND     APP_GROUP                    node1→*
384   L=609   [node1 ] SEND     APP_GROUP                    node1→*
385   L=610   [node1 ] SEND     APP_GROUP                    node1→*
386   L=611   [node1 ] SEND     APP_GROUP                    node1→*
387   L=612   [node1 ] SEND     APP_GROUP                    node1→*
388   L=613   [node1 ] SEND     APP_GROUP                    node1→*
389   L=614   [node1 ] SEND     APP_GROUP                    node1→*
390   L=615   [node1 ] SEND     APP_GROUP                    node1→*
391   L=616   [node1 ] SEND     APP_GROUP                    node1→*
392   L=617   [node1 ] SEND     APP_GROUP                    node1→*
393   L=618   [node1 ] SEND     APP_GROUP                    node1→*
394   L=619   [node1 ] SEND     APP_GROUP                    node1→*
395   L=620   [node1 ] SEND     APP_GROUP                    node1→*
396   L=621   [node1 ] SEND     APP_GROUP                    node1→*
397   L=622   [node1 ] SEND     APP_GROUP                    node1→*
398   L=623   [node1 ] SEND     APP_GROUP                    node1→*
399   L=624   [node1 ] SEND     APP_GROUP                    node1→*
400   L=625   [node1 ] SEND     APP_GROUP                    node1→*
401   L=626   [node1 ] SEND     APP_GROUP                    node1→*
402   L=627   [node1 ] SEND     APP_GROUP                    node1→*
403   L=628   [node1 ] SEND     APP_GROUP                    node1→*
404   L=629   [node1 ] SEND     APP_GROUP                    node1→*
405   L=630   [node1 ] SEND     APP_GROUP                    node1→*
406   L=631   [node1 ] SEND     APP_GROUP                    node1→*
407   L=632   [node1 ] SEND     APP_GROUP                    node1→*
408   L=633   [node1 ] SEND     APP_GROUP                    node1→*
409   L=635   [node1 ] SEND     APP_CREATE_GROUP             node1→*
410   L=636   [node1 ] SEND     APP_GROUP                    node1→*
411   L=637   [node1 ] SEND     APP_GROUP                    node1→*
412   L=638   [node1 ] SEND     APP_GROUP                    node1→*
413   L=639   [node1 ] SEND     APP_GROUP                    node1→*
414   L=640   [node1 ] SEND     APP_GROUP                    node1→*
415   L=641   [node1 ] SEND     APP_GROUP                    node1→*
416   L=642   [node1 ] SEND     APP_GROUP                    node1→*
417   L=643   [node1 ] SEND     APP_GROUP                    node1→*
418   L=644   [node1 ] SEND     APP_GROUP                    node1→*
419   L=645   [node1 ] SEND     APP_GROUP                    node1→*
420   L=646   [node1 ] SEND     APP_GROUP                    node1→*
421   L=647   [node1 ] SEND     APP_GROUP                    node1→*
422   L=648   [node1 ] SEND     APP_GROUP                    node1→*
423   L=649   [node1 ] SEND     APP_GROUP                    node1→*
424   L=650   [node1 ] SEND     APP_GROUP                    node1→*
425   L=651   [node1 ] SEND     APP_GROUP                    node1→*
426   L=652   [node1 ] SEND     APP_GROUP                    node1→*
427   L=653   [node1 ] SEND     APP_GROUP                    node1→*
428   L=654   [node1 ] SEND     APP_GROUP                    node1→*
429   L=655   [node1 ] SEND     APP_GROUP                    node1→*
430   L=656   [node1 ] SEND     APP_GROUP                    node1→*
431   L=657   [node1 ] SEND     APP_GROUP                    node1→*
432   L=658   [node1 ] SEND     APP_GROUP                    node1→*
433   L=659   [node1 ] SEND     APP_GROUP                    node1→*
434   L=660   [node1 ] SEND     APP_GROUP                    node1→*
435   L=661   [node1 ] SEND     APP_GROUP                    node1→*
436   L=662   [node1 ] SEND     APP_GROUP                    node1→*
437   L=663   [node1 ] SEND     APP_GROUP                    node1→*
438   L=664   [node1 ] SEND     APP_GROUP                    node1→*
439   L=665   [node1 ] SEND     APP_GROUP                    node1→*
441   L=666   [node1 ] SEND     APP_GROUP                    node1→*
440   L=667   [node1 ] SEND     APP_GROUP                    node1→*
442   L=668   [node1 ] SEND     APP_GROUP                    node1→*
443   L=669   [node1 ] SEND     APP_GROUP                    node1→*
444   L=670   [node1 ] SEND     APP_GROUP                    node1→*
445   L=672   [node1 ] SEND     APP_GROUP                    node1→*
446   L=673   [node1 ] SEND     APP_GROUP                    node1→*
447   L=674   [node1 ] SEND     APP_GROUP                    node1→*
448   L=675   [node1 ] SEND     APP_CREATE_GROUP             node1→*
449   L=676   [node1 ] SEND     APP_GROUP                    node1→*
450   L=677   [node1 ] SEND     APP_GROUP                    node1→*
451   L=679   [node1 ] SEND     APP_GROUP                    node1→*
452   L=680   [node1 ] SEND     APP_GROUP                    node1→*
453   L=681   [node1 ] SEND     APP_GROUP                    node1→*
454   L=682   [node1 ] SEND     APP_GROUP                    node1→*
455   L=683   [node1 ] SEND     APP_GROUP                    node1→*
456   L=684   [node1 ] SEND     APP_CREATE_GROUP             node1→*
457   L=685   [node1 ] SEND     APP_GROUP                    node1→*
458   L=686   [node1 ] SEND     APP_GROUP                    node1→*
459   L=687   [node1 ] SEND     APP_GROUP                    node1→*
460   L=688   [node1 ] SEND     APP_GROUP                    node1→*
461   L=689   [node1 ] SEND     APP_GROUP                    node1→*
462   L=690   [node1 ] SEND     APP_GROUP                    node1→*
463   L=691   [node1 ] SEND     APP_GROUP                    node1→*
464   L=692   [node1 ] SEND     APP_GROUP                    node1→*
465   L=693   [node1 ] SEND     APP_GROUP                    node1→*
466   L=694   [node1 ] SEND     APP_GROUP                    node1→*
467   L=695   [node1 ] SEND     APP_GROUP                    node1→*
468   L=696   [node1 ] SEND     APP_GROUP                    node1→*
469   L=697   [node1 ] SEND     APP_GROUP                    node1→*
470   L=698   [node1 ] SEND     APP_GROUP                    node1→*
471   L=699   [node1 ] SEND     APP_GROUP                    node1→*
472   L=700   [node1 ] SEND     APP_GROUP                    node1→*
473   L=701   [node1 ] SEND     APP_GROUP                    node1→*
475   L=703   [node1 ] SEND     APP_GROUP                    node1→*
474   L=704   [node1 ] SEND     APP_GROUP                    node1→*
476   L=705   [node1 ] SEND     APP_GROUP                    node1→*
477   L=706   [node1 ] SEND     APP_GROUP                    node1→*
478   L=707   [node1 ] SEND     APP_CREATE_GROUP             node1→*
479   L=708   [node1 ] SEND     APP_GROUP                    node1→*
480   L=710   [node1 ] SEND     APP_CREATE_GROUP             node1→*
481   L=711   [node1 ] SEND     APP_GROUP                    node1→*
482   L=712   [node1 ] SEND     APP_GROUP                    node1→*
483   L=713   [node1 ] SEND     APP_GROUP                    node1→*
484   L=714   [node1 ] SEND     APP_GROUP                    node1→*
485   L=715   [node1 ] SEND     APP_GROUP                    node1→*
486   L=716   [node1 ] SEND     APP_GROUP                    node1→*
488   L=717   [node1 ] SEND     APP_GROUP                    node1→*
487   L=718   [node1 ] SEND     APP_GROUP                    node1→*
489   L=719   [node1 ] SEND     APP_GROUP                    node1→*
490   L=720   [node1 ] SEND     APP_GROUP                    node1→*
491   L=721   [node1 ] SEND     APP_GROUP                    node1→*
492   L=723   [node1 ] SEND     APP_GROUP                    node1→*
493   L=724   [node1 ] SEND     APP_CREATE_GROUP             node1→*
494   L=725   [node1 ] SEND     APP_GROUP                    node1→*
495   L=727   [node1 ] SEND     APP_CREATE_GROUP             node1→*
496   L=728   [node1 ] SEND     APP_GROUP                    node1→*
497   L=729   [node1 ] SEND     APP_GROUP                    node1→*
498   L=730   [node1 ] SEND     APP_GROUP                    node1→*
499   L=731   [node1 ] SEND     APP_GROUP                    node1→*
500   L=732   [node1 ] SEND     APP_GROUP                    node1→*
501   L=733   [node1 ] SEND     APP_GROUP                    node1→*
502   L=735   [node1 ] SEND     APP_CREATE_GROUP             node1→*
503   L=736   [node1 ] SEND     APP_GROUP                    node1→*
504   L=737   [node1 ] SEND     APP_GROUP                    node1→*
505   L=738   [node1 ] SEND     APP_GROUP                    node1→*
506   L=739   [node1 ] SEND     APP_GROUP                    node1→*
507   L=740   [node1 ] SEND     APP_GROUP                    node1→*
508   L=741   [node1 ] SEND     APP_GROUP                    node1→*
509   L=742   [node1 ] SEND     APP_GROUP                    node1→*
510   L=744   [node1 ] SEND     APP_GROUP                    node1→*
511   L=745   [node1 ] SEND     APP_GROUP                    node1→*
512   L=746   [node1 ] SEND     APP_GROUP                    node1→*
513   L=747   [node1 ] SEND     APP_CREATE_GROUP             node1→*
514   L=748   [node1 ] SEND     APP_GROUP                    node1→*
515   L=749   [node1 ] SEND     APP_GROUP                    node1→*
516   L=750   [node1 ] SEND     APP_GROUP                    node1→*
517   L=751   [node1 ] SEND     APP_GROUP                    node1→*
518   L=752   [node1 ] SEND     APP_GROUP                    node1→*
519   L=753   [node1 ] SEND     APP_GROUP                    node1→*
520   L=754   [node1 ] SEND     APP_GROUP                    node1→*
521   L=755   [node1 ] SEND     APP_GROUP                    node1→*
522   L=756   [node1 ] SEND     APP_GROUP                    node1→*
523   L=757   [node1 ] SEND     APP_GROUP                    node1→*
524   L=758   [node1 ] SEND     APP_GROUP                    node1→*
525   L=759   [node1 ] SEND     APP_GROUP                    node1→*
526   L=760   [node1 ] SEND     APP_GROUP                    node1→*
527   L=761   [node1 ] SEND     APP_GROUP                    node1→*
528   L=762   [node1 ] SEND     APP_GROUP                    node1→*
529   L=763   [node1 ] SEND     APP_GROUP                    node1→*
530   L=764   [node1 ] SEND     APP_GROUP                    node1→*
531   L=765   [node1 ] SEND     APP_GROUP                    node1→*
532   L=766   [node1 ] SEND     APP_GROUP                    node1→*
533   L=767   [node1 ] SEND     APP_GROUP                    node1→*
534   L=768   [node1 ] SEND     APP_GROUP                    node1→*
535   L=769   [node1 ] SEND     APP_GROUP                    node1→*
536   L=770   [node1 ] SEND     APP_GROUP                    node1→*
537   L=771   [node1 ] SEND     APP_GROUP                    node1→*
538   L=772   [node1 ] SEND     APP_GROUP                    node1→*
539   L=773   [node1 ] SEND     APP_GROUP                    node1→*
540   L=774   [node1 ] SEND     APP_GROUP                    node1→*
541   L=775   [node1 ] SEND     APP_GROUP                    node1→*
542   L=778   [node1 ] SEND     APP_CREATE_GROUP             node1→*
543   L=779   [node1 ] SEND     APP_CREATE_GROUP             node1→*
544   L=780   [node1 ] SEND     APP_GROUP                    node1→*
545   L=781   [node1 ] SEND     APP_GROUP                    node1→*
546   L=782   [node1 ] SEND     APP_GROUP                    node1→*
547   L=783   [node1 ] SEND     APP_GROUP                    node1→*
548   L=784   [node1 ] SEND     APP_GROUP                    node1→*
549   L=785   [node1 ] SEND     APP_GROUP                    node1→*
550   L=786   [node1 ] SEND     APP_GROUP                    node1→*
551   L=788   [node1 ] SEND     APP_GROUP                    node1→*
552   L=789   [node1 ] SEND     APP_GROUP                    node1→*
553   L=790   [node1 ] SEND     APP_GROUP                    node1→*
554   L=791   [node1 ] SEND     APP_GROUP                    node1→*
555   L=792   [node1 ] SEND     APP_GROUP                    node1→*
556   L=793   [node1 ] SEND     APP_GROUP                    node1→*
557   L=794   [node1 ] SEND     APP_GROUP                    node1→*
558   L=795   [node1 ] SEND     APP_GROUP                    node1→*
559   L=796   [node1 ] SEND     APP_GROUP                    node1→*
560   L=797   [node1 ] SEND     APP_CREATE_GROUP             node1→*
561   L=798   [node1 ] SEND     APP_GROUP                    node1→*
562   L=799   [node1 ] SEND     APP_GROUP                    node1→*
563   L=800   [node1 ] SEND     APP_GROUP                    node1→*
564   L=801   [node1 ] SEND     APP_GROUP                    node1→*
565   L=802   [node1 ] SEND     APP_GROUP                    node1→*
566   L=803   [node1 ] SEND     APP_GROUP                    node1→*
568   L=804   [node1 ] SEND     APP_GROUP                    node1→*
567   L=805   [node1 ] SEND     APP_GROUP                    node1→*
569   L=806   [node1 ] SEND     APP_GROUP                    node1→*
570   L=808   [node1 ] SEND     APP_GROUP                    node1→*
571   L=809   [node1 ] SEND     APP_GROUP                    node1→*
572   L=810   [node1 ] SEND     APP_GROUP                    node1→*
573   L=811   [node1 ] SEND     APP_GROUP                    node1→*
574   L=812   [node1 ] SEND     APP_GROUP                    node1→*
575   L=813   [node1 ] SEND     APP_GROUP                    node1→*
576   L=814   [node1 ] SEND     APP_GROUP                    node1→*
577   L=815   [node1 ] SEND     APP_GROUP                    node1→*
578   L=816   [node1 ] SEND     APP_GROUP                    node1→*
579   L=817   [node1 ] SEND     APP_GROUP                    node1→*
582   L=818   [node1 ] SEND     APP_CREATE_GROUP             node1→*
580   L=819   [node1 ] SEND     APP_GROUP                    node1→*
581   L=820   [node1 ] SEND     APP_GROUP                    node1→*
583   L=821   [node1 ] SEND     APP_GROUP                    node1→*
584   L=822   [node1 ] SEND     APP_GROUP                    node1→*
585   L=823   [node1 ] SEND     APP_GROUP                    node1→*
586   L=824   [node1 ] SEND     APP_GROUP                    node1→*
587   L=825   [node1 ] SEND     APP_GROUP                    node1→*
589   L=826   [node1 ] SEND     APP_GROUP                    node1→*
588   L=827   [node1 ] SEND     APP_GROUP                    node1→*
590   L=828   [node1 ] SEND     APP_GROUP                    node1→*
591   L=829   [node1 ] SEND     APP_GROUP                    node1→*
592   L=830   [node1 ] SEND     APP_GROUP                    node1→*
593   L=831   [node1 ] SEND     APP_GROUP                    node1→*
594   L=832   [node1 ] SEND     APP_GROUP                    node1→*
595   L=833   [node1 ] SEND     APP_GROUP                    node1→*
596   L=834   [node1 ] SEND     APP_GROUP                    node1→*
597   L=835   [node1 ] SEND     APP_GROUP                    node1→*
598   L=836   [node1 ] SEND     APP_GROUP                    node1→*
599   L=837   [node1 ] SEND     APP_GROUP                    node1→*
600   L=838   [node1 ] SEND     APP_GROUP                    node1→*
601   L=839   [node1 ] SEND     APP_GROUP                    node1→*
602   L=840   [node1 ] SEND     APP_GROUP                    node1→*
603   L=841   [node1 ] SEND     APP_GROUP                    node1→*
604   L=842   [node1 ] SEND     APP_GROUP                    node1→*
605   L=843   [node1 ] SEND     APP_GROUP                    node1→*
606   L=844   [node1 ] SEND     APP_GROUP                    node1→*
607   L=845   [node1 ] SEND     APP_GROUP                    node1→*
608   L=846   [node1 ] SEND     APP_GROUP                    node1→*
609   L=847   [node1 ] SEND     APP_GROUP                    node1→*
610   L=848   [node1 ] SEND     APP_GROUP                    node1→*
611   L=849   [node1 ] SEND     APP_GROUP                    node1→*
612   L=850   [node1 ] SEND     APP_GROUP                    node1→*
613   L=851   [node1 ] SEND     APP_GROUP                    node1→*
614   L=852   [node1 ] SEND     APP_GROUP                    node1→*
615   L=853   [node1 ] SEND     APP_GROUP                    node1→*
616   L=854   [node1 ] SEND     APP_GROUP                    node1→*
617   L=855   [node1 ] SEND     APP_GROUP                    node1→*
618   L=856   [node1 ] SEND     APP_GROUP                    node1→*
619   L=857   [node1 ] SEND     APP_GROUP                    node1→*
620   L=858   [node1 ] SEND     APP_GROUP                    node1→*
621   L=859   [node1 ] SEND     APP_GROUP                    node1→*
622   L=860   [node1 ] SEND     APP_GROUP                    node1→*
623   L=861   [node1 ] SEND     APP_GROUP                    node1→*
624   L=863   [node1 ] SEND     APP_GROUP                    node1→*
625   L=864   [node1 ] SEND     APP_GROUP                    node1→*
626   L=865   [node1 ] SEND     APP_GROUP                    node1→*
627   L=866   [node1 ] SEND     APP_GROUP                    node1→*
628   L=867   [node1 ] SEND     APP_GROUP                    node1→*
629   L=868   [node1 ] SEND     APP_CREATE_GROUP             node1→*
630   L=870   [node1 ] SEND     APP_GROUP                    node1→*
631   L=871   [node1 ] SEND     APP_GROUP                    node1→*
632   L=872   [node1 ] SEND     APP_GROUP                    node1→*
633   L=873   [node1 ] SEND     APP_GROUP                    node1→*
634   L=874   [node1 ] SEND     APP_GROUP                    node1→*
635   L=875   [node1 ] SEND     APP_GROUP                    node1→*
636   L=877   [node1 ] SEND     APP_GROUP                    node1→*
638   L=878   [node1 ] SEND     APP_GROUP                    node1→*
637   L=879   [node1 ] SEND     APP_GROUP                    node1→*
639   L=880   [node1 ] SEND     APP_GROUP                    node1→*
640   L=881   [node1 ] SEND     APP_GROUP                    node1→*
641   L=882   [node1 ] SEND     APP_CREATE_GROUP             node1→*
642   L=883   [node1 ] SEND     APP_GROUP                    node1→*
643   L=885   [node1 ] SEND     APP_CREATE_GROUP             node1→*
644   L=887   [node1 ] SEND     APP_GROUP                    node1→*
645   L=888   [node1 ] SEND     APP_CREATE_GROUP             node1→*
646   L=889   [node1 ] SEND     APP_GROUP                    node1→*
647   L=890   [node1 ] SEND     APP_GROUP                    node1→*
648   L=891   [node1 ] SEND     APP_GROUP                    node1→*
649   L=892   [node1 ] SEND     APP_GROUP                    node1→*
650   L=893   [node1 ] SEND     APP_GROUP                    node1→*
651   L=894   [node1 ] SEND     APP_CREATE_GROUP             node1→*
652   L=895   [node1 ] SEND     APP_GROUP                    node1→*
653   L=897   [node1 ] SEND     APP_GROUP                    node1→*
654   L=898   [node1 ] SEND     APP_GROUP                    node1→*
655   L=899   [node1 ] SEND     APP_GROUP                    node1→*
656   L=900   [node1 ] SEND     APP_GROUP                    node1→*
657   L=901   [node1 ] SEND     APP_CREATE_GROUP             node1→*
658   L=902   [node1 ] SEND     APP_GROUP                    node1→*
659   L=903   [node1 ] SEND     APP_GROUP                    node1→*
660   L=904   [node1 ] SEND     APP_GROUP                    node1→*
661   L=905   [node1 ] SEND     APP_GROUP                    node1→*
662   L=906   [node1 ] SEND     APP_GROUP                    node1→*
663   L=907   [node1 ] SEND     APP_GROUP                    node1→*
664   L=908   [node1 ] SEND     APP_GROUP                    node1→*
665   L=909   [node1 ] SEND     APP_GROUP                    node1→*
666   L=910   [node1 ] SEND     APP_GROUP                    node1→*
667   L=911   [node1 ] SEND     APP_GROUP                    node1→*
669   L=912   [node1 ] SEND     APP_GROUP                    node1→*
668   L=913   [node1 ] SEND     APP_GROUP                    node1→*
670   L=914   [node1 ] SEND     APP_GROUP                    node1→*
671   L=915   [node1 ] SEND     APP_GROUP                    node1→*
672   L=916   [node1 ] SEND     APP_GROUP                    node1→*
673   L=917   [node1 ] SEND     APP_GROUP                    node1→*
675   L=918   [node1 ] SEND     APP_GROUP                    node1→*
674   L=919   [node1 ] SEND     APP_GROUP                    node1→*
676   L=921   [node1 ] SEND     APP_GROUP                    node1→*
677   L=922   [node1 ] SEND     APP_GROUP                    node1→*
678   L=923   [node1 ] SEND     APP_GROUP                    node1→*
679   L=924   [node1 ] SEND     APP_GROUP                    node1→*
680   L=925   [node1 ] SEND     APP_CREATE_GROUP             node1→*
681   L=926   [node1 ] SEND     APP_GROUP                    node1→*
682   L=927   [node1 ] SEND     APP_GROUP                    node1→*
683   L=928   [node1 ] SEND     APP_GROUP                    node1→*
684   L=929   [node1 ] SEND     APP_GROUP                    node1→*
685   L=930   [node1 ] SEND     APP_GROUP                    node1→*
686   L=931   [node1 ] SEND     APP_GROUP                    node1→*
687   L=932   [node1 ] SEND     APP_GROUP                    node1→*
688   L=933   [node1 ] SEND     APP_GROUP                    node1→*
690   L=934   [node1 ] SEND     APP_GROUP                    node1→*
689   L=935   [node1 ] SEND     APP_GROUP                    node1→*
691   L=936   [node1 ] SEND     APP_GROUP                    node1→*
692   L=937   [node1 ] SEND     APP_GROUP                    node1→*
693   L=938   [node1 ] SEND     APP_GROUP                    node1→*
694   L=939   [node1 ] SEND     APP_GROUP                    node1→*
695   L=940   [node1 ] SEND     APP_GROUP                    node1→*
696   L=941   [node1 ] SEND     APP_GROUP                    node1→*
697   L=942   [node1 ] SEND     APP_GROUP                    node1→*
698   L=943   [node1 ] SEND     APP_GROUP                    node1→*
699   L=944   [node1 ] SEND     APP_GROUP                    node1→*
700   L=945   [node1 ] SEND     APP_GROUP                    node1→*
701   L=946   [node1 ] SEND     APP_GROUP                    node1→*
702   L=947   [node1 ] SEND     APP_GROUP                    node1→*
703   L=948   [node1 ] SEND     APP_GROUP                    node1→*
704   L=949   [node1 ] SEND     APP_GROUP                    node1→*
705   L=950   [node1 ] SEND     APP_GROUP                    node1→*
706   L=952   [node1 ] SEND     APP_GROUP                    node1→*
707   L=953   [node1 ] SEND     APP_GROUP                    node1→*
708   L=954   [node1 ] SEND     APP_GROUP                    node1→*
709   L=955   [node1 ] SEND     APP_GROUP                    node1→*
710   L=956   [node1 ] SEND     APP_GROUP                    node1→*
711   L=957   [node1 ] SEND     APP_GROUP                    node1→*
712   L=958   [node1 ] SEND     APP_CREATE_GROUP             node1→*
713   L=959   [node1 ] SEND     APP_GROUP                    node1→*
714   L=960   [node1 ] SEND     APP_GROUP                    node1→*
715   L=961   [node1 ] SEND     APP_GROUP                    node1→*
716   L=962   [node1 ] SEND     APP_GROUP                    node1→*
717   L=963   [node1 ] SEND     APP_GROUP                    node1→*
718   L=964   [node1 ] SEND     APP_GROUP                    node1→*
719   L=965   [node1 ] SEND     APP_GROUP                    node1→*
720   L=966   [node1 ] SEND     APP_GROUP                    node1→*
721   L=967   [node1 ] SEND     APP_GROUP                    node1→*
722   L=968   [node1 ] SEND     APP_GROUP                    node1→*
723   L=969   [node1 ] SEND     APP_GROUP                    node1→*
724   L=970   [node1 ] SEND     APP_GROUP                    node1→*
725   L=971   [node1 ] SEND     APP_GROUP                    node1→*
726   L=972   [node1 ] SEND     APP_GROUP                    node1→*
727   L=973   [node1 ] SEND     APP_GROUP                    node1→*
728   L=974   [node1 ] SEND     APP_GROUP                    node1→*
729   L=975   [node1 ] SEND     APP_GROUP                    node1→*
730   L=976   [node1 ] SEND     APP_GROUP                    node1→*
731   L=977   [node1 ] SEND     APP_GROUP                    node1→*
732   L=978   [node1 ] SEND     APP_GROUP                    node1→*
733   L=979   [node1 ] SEND     APP_GROUP                    node1→*
734   L=980   [node1 ] SEND     APP_GROUP                    node1→*
735   L=981   [node1 ] SEND     APP_GROUP                    node1→*
736   L=982   [node1 ] SEND     APP_GROUP                    node1→*
737   L=983   [node1 ] SEND     APP_GROUP                    node1→*
738   L=984   [node1 ] SEND     APP_GROUP                    node1→*
739   L=985   [node1 ] SEND     APP_GROUP                    node1→*
740   L=986   [node1 ] SEND     APP_GROUP                    node1→*
741   L=987   [node1 ] SEND     APP_GROUP                    node1→*
742   L=988   [node1 ] SEND     APP_GROUP                    node1→*
743   L=989   [node1 ] SEND     APP_GROUP                    node1→*
744   L=991   [node1 ] SEND     APP_CREATE_GROUP             node1→*
745   L=992   [node1 ] SEND     APP_GROUP                    node1→*
746   L=993   [node1 ] SEND     APP_GROUP                    node1→*
747   L=994   [node1 ] SEND     APP_GROUP                    node1→*
748   L=995   [node1 ] SEND     APP_GROUP                    node1→*
749   L=996   [node1 ] SEND     APP_GROUP                    node1→*
750   L=997   [node1 ] SEND     APP_GROUP                    node1→*
751   L=998   [node1 ] SEND     APP_GROUP                    node1→*
752   L=1000  [node1 ] SEND     APP_CREATE_GROUP             node1→*
753   L=1001  [node1 ] SEND     APP_GROUP                    node1→*
754   L=1002  [node1 ] SEND     APP_GROUP                    node1→*
755   L=1003  [node1 ] SEND     APP_GROUP                    node1→*
756   L=1004  [node1 ] SEND     APP_GROUP                    node1→*
757   L=1005  [node1 ] SEND     APP_GROUP                    node1→*
758   L=1006  [node1 ] SEND     APP_GROUP                    node1→*
759   L=1008  [node1 ] SEND     APP_CREATE_GROUP             node1→*
760   L=1009  [node1 ] SEND     APP_GROUP                    node1→*
761   L=1010  [node1 ] SEND     APP_GROUP                    node1→*
762   L=1011  [node1 ] SEND     APP_GROUP                    node1→*
763   L=1012  [node1 ] SEND     APP_GROUP                    node1→*
764   L=1013  [node1 ] SEND     APP_GROUP                    node1→*
765   L=1014  [node1 ] SEND     APP_GROUP                    node1→*
766   L=1016  [node1 ] SEND     APP_CREATE_GROUP             node1→*
767   L=1017  [node1 ] SEND     APP_GROUP                    node1→*
768   L=1018  [node1 ] SEND     APP_GROUP                    node1→*
769   L=1020  [node1 ] SEND     APP_GROUP                    node1→*
770   L=1021  [node1 ] SEND     APP_GROUP                    node1→*
771   L=1022  [node1 ] SEND     APP_GROUP                    node1→*
772   L=1023  [node1 ] SEND     APP_GROUP                    node1→*
773   L=1024  [node1 ] SEND     APP_GROUP                    node1→*
774   L=1025  [node1 ] SEND     APP_GROUP                    node1→*
775   L=1027  [node1 ] SEND     APP_CREATE_GROUP             node1→*
776   L=1028  [node1 ] SEND     APP_CREATE_GROUP             node1→*
777   L=1029  [node1 ] SEND     APP_GROUP                    node1→*
778   L=1030  [node1 ] SEND     APP_GROUP                    node1→*
779   L=1031  [node1 ] SEND     APP_GROUP                    node1→*
780   L=1032  [node1 ] SEND     APP_GROUP                    node1→*
781   L=1033  [node1 ] SEND     APP_GROUP                    node1→*
782   L=1034  [node1 ] SEND     APP_GROUP                    node1→*
783   L=1035  [node1 ] SEND     APP_GROUP                    node1→*
784   L=1036  [node1 ] SEND     APP_GROUP                    node1→*
785   L=1037  [node1 ] SEND     APP_GROUP                    node1→*
786   L=1038  [node1 ] SEND     APP_GROUP                    node1→*
787   L=1039  [node1 ] SEND     APP_GROUP                    node1→*
788   L=1040  [node1 ] SEND     APP_GROUP                    node1→*
789   L=1041  [node1 ] SEND     APP_GROUP                    node1→*
790   L=1042  [node1 ] SEND     APP_GROUP                    node1→*
791   L=1043  [node1 ] SEND     APP_GROUP                    node1→*
792   L=1044  [node1 ] SEND     APP_GROUP                    node1→*
793   L=1045  [node1 ] SEND     APP_GROUP                    node1→*
794   L=1046  [node1 ] SEND     APP_GROUP                    node1→*
795   L=1047  [node1 ] SEND     APP_GROUP                    node1→*
796   L=1049  [node1 ] SEND     APP_CREATE_GROUP             node1→*
797   L=1050  [node1 ] SEND     APP_GROUP                    node1→*
798   L=1051  [node1 ] SEND     APP_GROUP                    node1→*
799   L=1053  [node1 ] SEND     APP_CREATE_GROUP             node1→*
800   L=1054  [node1 ] SEND     APP_GROUP                    node1→*
801   L=1055  [node1 ] SEND     APP_GROUP                    node1→*
802   L=1056  [node1 ] SEND     APP_GROUP                    node1→*
803   L=1057  [node1 ] SEND     APP_GROUP                    node1→*
804   L=1058  [node1 ] SEND     APP_GROUP                    node1→*
805   L=1059  [node1 ] SEND     APP_GROUP                    node1→*
806   L=1060  [node1 ] SEND     APP_GROUP                    node1→*
807   L=1061  [node1 ] SEND     APP_GROUP                    node1→*
808   L=1062  [node1 ] SEND     APP_GROUP                    node1→*
809   L=1063  [node1 ] SEND     APP_GROUP                    node1→*
810   L=1064  [node1 ] SEND     APP_GROUP                    node1→*
811   L=1065  [node1 ] SEND     APP_GROUP                    node1→*
812   L=1066  [node1 ] SEND     APP_GROUP                    node1→*
813   L=1067  [node1 ] SEND     APP_GROUP                    node1→*
814   L=1068  [node1 ] SEND     APP_GROUP                    node1→*
815   L=1069  [node1 ] SEND     APP_GROUP                    node1→*
816   L=1071  [node1 ] SEND     APP_CREATE_GROUP             node1→*
817   L=1072  [node1 ] SEND     APP_GROUP                    node1→*
818   L=1073  [node1 ] SEND     APP_GROUP                    node1→*
819   L=1075  [node1 ] SEND     APP_GROUP                    node1→*
820   L=1076  [node1 ] SEND     APP_GROUP                    node1→*
821   L=1077  [node1 ] SEND     APP_GROUP                    node1→*
822   L=1078  [node1 ] SEND     APP_GROUP                    node1→*
823   L=1079  [node1 ] SEND     APP_GROUP                    node1→*
824   L=1080  [node1 ] SEND     APP_GROUP                    node1→*
825   L=1081  [node1 ] SEND     APP_GROUP                    node1→*
826   L=1082  [node1 ] SEND     APP_GROUP                    node1→*
827   L=1083  [node1 ] SEND     APP_CREATE_GROUP             node1→*
828   L=1085  [node1 ] SEND     APP_CREATE_GROUP             node1→*
829   L=1087  [node1 ] SEND     APP_GROUP                    node1→*
830   L=1088  [node1 ] SEND     APP_GROUP                    node1→*
831   L=1089  [node1 ] SEND     APP_GROUP                    node1→*
832   L=1090  [node1 ] SEND     APP_GROUP                    node1→*
833   L=1091  [node1 ] SEND     APP_GROUP                    node1→*
834   L=1092  [node1 ] SEND     APP_GROUP                    node1→*
835   L=1093  [node1 ] SEND     APP_GROUP                    node1→*
836   L=1094  [node1 ] SEND     APP_CREATE_GROUP             node1→*
837   L=1097  [node1 ] SEND     APP_GROUP                    node1→*
838   L=1098  [node1 ] SEND     APP_GROUP                    node1→*
839   L=1099  [node1 ] SEND     APP_GROUP                    node1→*
840   L=1100  [node1 ] SEND     APP_GROUP                    node1→*
841   L=1101  [node1 ] SEND     APP_CREATE_GROUP             node1→*
842   L=1103  [node1 ] SEND     APP_GROUP                    node1→*
843   L=1104  [node1 ] SEND     APP_GROUP                    node1→*
844   L=1105  [node1 ] SEND     APP_GROUP                    node1→*
845   L=1106  [node1 ] SEND     APP_GROUP                    node1→*
846   L=1107  [node1 ] SEND     APP_GROUP                    node1→*
847   L=1108  [node1 ] SEND     APP_GROUP                    node1→*
848   L=1109  [node1 ] SEND     APP_GROUP                    node1→*
849   L=1110  [node1 ] SEND     APP_CREATE_GROUP             node1→*
850   L=1111  [node1 ] SEND     APP_GROUP                    node1→*
851   L=1112  [node1 ] SEND     APP_GROUP                    node1→*
852   L=1113  [node1 ] SEND     APP_GROUP                    node1→*
853   L=1114  [node1 ] SEND     APP_GROUP                    node1→*
854   L=1115  [node1 ] SEND     APP_CREATE_GROUP             node1→*
855   L=1117  [node1 ] SEND     APP_CREATE_GROUP             node1→*
856   L=1118  [node1 ] SEND     APP_GROUP                    node1→*
857   L=1119  [node1 ] SEND     APP_GROUP                    node1→*
858   L=1120  [node1 ] SEND     APP_GROUP                    node1→*
859   L=1121  [node1 ] SEND     APP_GROUP                    node1→*
860   L=1122  [node1 ] SEND     APP_GROUP                    node1→*
861   L=1123  [node1 ] SEND     APP_GROUP                    node1→*
862   L=1124  [node1 ] SEND     APP_GROUP                    node1→*
863   L=1125  [node1 ] SEND     APP_GROUP                    node1→*
864   L=1127  [node1 ] SEND     APP_CREATE_GROUP             node1→*
865   L=1128  [node1 ] SEND     APP_GROUP                    node1→*
866   L=1129  [node1 ] SEND     APP_GROUP                    node1→*
867   L=1130  [node1 ] SEND     APP_GROUP                    node1→*
868   L=1131  [node1 ] SEND     APP_GROUP                    node1→*
869   L=1132  [node1 ] SEND     APP_GROUP                    node1→*
870   L=1133  [node1 ] SEND     APP_GROUP                    node1→*
871   L=1135  [node1 ] SEND     APP_GROUP                    node1→*
872   L=1136  [node1 ] SEND     APP_GROUP                    node1→*
873   L=1137  [node1 ] SEND     APP_GROUP                    node1→*
874   L=1138  [node1 ] SEND     APP_GROUP                    node1→*
875   L=1139  [node1 ] SEND     APP_CREATE_GROUP             node1→*
876   L=1140  [node1 ] SEND     APP_GROUP                    node1→*
877   L=1141  [node1 ] SEND     APP_GROUP                    node1→*
878   L=1142  [node1 ] SEND     APP_GROUP                    node1→*
879   L=1143  [node1 ] SEND     APP_GROUP                    node1→*
880   L=1144  [node1 ] SEND     APP_GROUP                    node1→*
881   L=1145  [node1 ] SEND     APP_GROUP                    node1→*
882   L=1146  [node1 ] SEND     APP_GROUP                    node1→*
883   L=1147  [node1 ] SEND     APP_GROUP                    node1→*
884   L=1148  [node1 ] SEND     APP_GROUP                    node1→*
885   L=1149  [node1 ] SEND     APP_GROUP                    node1→*
886   L=1150  [node1 ] SEND     APP_GROUP                    node1→*
887   L=1151  [node1 ] SEND     APP_GROUP                    node1→*
888   L=1153  [node1 ] SEND     APP_CREATE_GROUP             node1→*
889   L=1154  [node1 ] SEND     APP_GROUP                    node1→*
890   L=1155  [node1 ] SEND     APP_GROUP                    node1→*
891   L=1156  [node1 ] SEND     APP_GROUP                    node1→*
892   L=1157  [node1 ] SEND     APP_GROUP                    node1→*
893   L=1158  [node1 ] SEND     APP_GROUP                    node1→*
894   L=1160  [node1 ] SEND     APP_CREATE_GROUP             node1→*
895   L=1161  [node1 ] SEND     APP_GROUP                    node1→*
896   L=1162  [node1 ] SEND     APP_GROUP                    node1→*
897   L=1163  [node1 ] SEND     APP_GROUP                    node1→*
898   L=1164  [node1 ] SEND     APP_GROUP                    node1→*
899   L=1165  [node1 ] SEND     APP_GROUP                    node1→*
900   L=1166  [node1 ] SEND     APP_GROUP                    node1→*
903   L=1167  [node1 ] SEND     APP_GROUP                    node1→*
901   L=1168  [node1 ] SEND     APP_GROUP                    node1→*
902   L=1169  [node1 ] SEND     APP_GROUP                    node1→*
904   L=1170  [node1 ] SEND     APP_GROUP                    node1→*
905   L=1171  [node1 ] SEND     APP_GROUP                    node1→*
906   L=1172  [node1 ] SEND     APP_GROUP                    node1→*
907   L=1173  [node1 ] SEND     APP_GROUP                    node1→*
908   L=1174  [node1 ] SEND     APP_GROUP                    node1→*
909   L=1175  [node1 ] SEND     APP_GROUP                    node1→*
910   L=1176  [node1 ] SEND     APP_GROUP                    node1→*
911   L=1177  [node1 ] SEND     APP_GROUP                    node1→*
912   L=1178  [node1 ] SEND     APP_GROUP                    node1→*
913   L=1179  [node1 ] SEND     APP_GROUP                    node1→*
914   L=1181  [node1 ] SEND     APP_GROUP                    node1→*
915   L=1182  [node1 ] SEND     APP_GROUP                    node1→*
916   L=1183  [node1 ] SEND     APP_GROUP                    node1→*
917   L=1184  [node1 ] SEND     APP_CREATE_GROUP             node1→*
918   L=1185  [node1 ] SEND     APP_GROUP                    node1→*
919   L=1186  [node1 ] SEND     APP_GROUP                    node1→*
920   L=1187  [node1 ] SEND     APP_GROUP                    node1→*
921   L=1188  [node1 ] SEND     APP_GROUP                    node1→*
922   L=1189  [node1 ] SEND     APP_GROUP                    node1→*
923   L=1190  [node1 ] SEND     APP_GROUP                    node1→*
924   L=1191  [node1 ] SEND     APP_GROUP                    node1→*
925   L=1192  [node1 ] SEND     APP_GROUP                    node1→*
926   L=1193  [node1 ] SEND     APP_GROUP                    node1→*
927   L=1194  [node1 ] SEND     APP_GROUP                    node1→*
928   L=1196  [node1 ] SEND     APP_GROUP                    node1→*
929   L=1197  [node1 ] SEND     APP_GROUP                    node1→*
930   L=1198  [node1 ] SEND     APP_GROUP                    node1→*
931   L=1199  [node1 ] SEND     APP_GROUP                    node1→*
932   L=1200  [node1 ] SEND     APP_GROUP                    node1→*
933   L=1201  [node1 ] SEND     APP_GROUP                    node1→*
934   L=1202  [node1 ] SEND     APP_CREATE_GROUP             node1→*
935   L=1203  [node1 ] SEND     APP_GROUP                    node1→*
936   L=1205  [node1 ] SEND     APP_GROUP                    node1→*
937   L=1206  [node1 ] SEND     APP_GROUP                    node1→*
938   L=1207  [node1 ] SEND     APP_GROUP                    node1→*
939   L=1208  [node1 ] SEND     APP_GROUP                    node1→*
940   L=1209  [node1 ] SEND     APP_GROUP                    node1→*
941   L=1210  [node1 ] SEND     APP_CREATE_GROUP             node1→*
942   L=1211  [node1 ] SEND     APP_GROUP                    node1→*
943   L=1212  [node1 ] SEND     APP_GROUP                    node1→*
944   L=1213  [node1 ] SEND     APP_GROUP                    node1→*
945   L=1214  [node1 ] SEND     APP_GROUP                    node1→*
946   L=1215  [node1 ] SEND     APP_GROUP                    node1→*
947   L=1217  [node1 ] SEND     APP_GROUP                    node1→*
948   L=1218  [node1 ] SEND     APP_GROUP                    node1→*
949   L=1219  [node1 ] SEND     APP_GROUP                    node1→*
950   L=1220  [node1 ] SEND     APP_GROUP                    node1→*
951   L=1221  [node1 ] SEND     APP_GROUP                    node1→*
952   L=1222  [node1 ] SEND     APP_GROUP                    node1→*
953   L=1223  [node1 ] SEND     APP_GROUP                    node1→*
954   L=1224  [node1 ] SEND     APP_GROUP                    node1→*
955   L=1225  [node1 ] SEND     APP_GROUP                    node1→*
956   L=1226  [node1 ] SEND     APP_GROUP                    node1→*
957   L=1227  [node1 ] SEND     APP_GROUP                    node1→*
958   L=1228  [node1 ] SEND     APP_GROUP                    node1→*
959   L=1229  [node1 ] SEND     APP_GROUP                    node1→*
960   L=1230  [node1 ] SEND     APP_GROUP                    node1→*
961   L=1231  [node1 ] SEND     APP_GROUP                    node1→*
962   L=1232  [node1 ] SEND     APP_GROUP                    node1→*
963   L=1233  [node1 ] SEND     APP_GROUP                    node1→*
964   L=1234  [node1 ] SEND     APP_GROUP                    node1→*
965   L=1235  [node1 ] SEND     APP_CREATE_GROUP             node1→*
966   L=1236  [node1 ] SEND     APP_GROUP                    node1→*
967   L=1237  [node1 ] SEND     APP_GROUP                    node1→*
968   L=1238  [node1 ] SEND     APP_GROUP                    node1→*
969   L=1239  [node1 ] SEND     APP_GROUP                    node1→*
970   L=1240  [node1 ] SEND     APP_GROUP                    node1→*
971   L=1242  [node1 ] SEND     APP_CREATE_GROUP             node1→*
972   L=1243  [node1 ] SEND     APP_GROUP                    node1→*
974   L=1244  [node1 ] SEND     APP_GROUP                    node1→*
973   L=1245  [node1 ] SEND     APP_GROUP                    node1→*
975   L=1246  [node1 ] SEND     APP_GROUP                    node1→*
976   L=1247  [node1 ] SEND     APP_GROUP                    node1→*
977   L=1249  [node1 ] SEND     APP_CREATE_GROUP             node1→*
978   L=1250  [node1 ] SEND     APP_GROUP                    node1→*
979   L=1251  [node1 ] SEND     APP_GROUP                    node1→*
980   L=1252  [node1 ] SEND     APP_GROUP                    node1→*
981   L=1253  [node1 ] SEND     APP_GROUP                    node1→*
982   L=1254  [node1 ] SEND     APP_GROUP                    node1→*
983   L=1255  [node1 ] SEND     APP_GROUP                    node1→*
984   L=1256  [node1 ] SEND     APP_GROUP                    node1→*
985   L=1257  [node1 ] SEND     APP_GROUP                    node1→*
986   L=1258  [node1 ] SEND     APP_GROUP                    node1→*
987   L=1260  [node1 ] SEND     APP_CREATE_GROUP             node1→*
988   L=1261  [node1 ] SEND     APP_GROUP                    node1→*
989   L=1262  [node1 ] SEND     APP_GROUP                    node1→*
990   L=1263  [node1 ] SEND     APP_GROUP                    node1→*
991   L=1264  [node1 ] SEND     APP_GROUP                    node1→*
992   L=1266  [node1 ] SEND     APP_CREATE_GROUP             node1→*
993   L=1268  [node1 ] SEND     APP_CREATE_GROUP             node1→*
994   L=1269  [node1 ] SEND     APP_GROUP                    node1→*
995   L=1270  [node1 ] SEND     APP_GROUP                    node1→*
996   L=1272  [node1 ] SEND     APP_CREATE_GROUP             node1→*
997   L=1273  [node1 ] SEND     APP_GROUP                    node1→*
998   L=1274  [node1 ] SEND     APP_GROUP                    node1→*
999   L=1275  [node1 ] SEND     APP_GROUP                    node1→*
1000  L=1276  [node1 ] SEND     APP_GROUP                    node1→*
1001  L=1278  [node1 ] SEND     APP_CREATE_GROUP             node1→*
1002  L=1279  [node1 ] SEND     APP_GROUP                    node1→*
1003  L=1280  [node1 ] SEND     APP_GROUP                    node1→*
1004  L=1281  [node1 ] SEND     APP_GROUP                    node1→*
1005  L=1282  [node1 ] SEND     APP_GROUP                    node1→*
1006  L=1284  [node1 ] SEND     APP_CREATE_GROUP             node1→*
1007  L=1285  [node1 ] SEND     APP_GROUP                    node1→*
1008  L=1287  [node1 ] SEND     APP_GROUP                    node1→*
1009  L=1288  [node1 ] SEND     APP_CREATE_GROUP             node1→*
1010  L=1289  [node1 ] SEND     APP_GROUP                    node1→*
1011  L=1290  [node1 ] SEND     APP_GROUP                    node1→*
1012  L=1291  [node1 ] SEND     APP_GROUP                    node1→*
1013  L=1293  [node1 ] SEND     APP_CREATE_GROUP             node1→*
1014  L=1294  [node1 ] SEND     APP_GROUP                    node1→*
1015  L=1295  [node1 ] SEND     APP_GROUP                    node1→*
1016  L=1296  [node1 ] SEND     APP_GROUP                    node1→*
1017  L=1297  [node1 ] SEND     APP_GROUP                    node1→*
1018  L=1298  [node1 ] SEND     APP_GROUP                    node1→*
1019  L=1299  [node1 ] SEND     APP_GROUP                    node1→*
1020  L=1300  [node1 ] SEND     APP_GROUP                    node1→*
1021  L=1302  [node1 ] SEND     APP_GROUP                    node1→*
1022  L=1303  [node1 ] SEND     APP_GROUP                    node1→*
1023  L=1304  [node1 ] SEND     APP_GROUP                    node1→*
1024  L=1305  [node1 ] SEND     APP_GROUP                    node1→*
1025  L=1306  [node1 ] SEND     APP_GROUP                    node1→*
1026  L=1307  [node1 ] SEND     APP_GROUP                    node1→*
1027  L=1308  [node1 ] SEND     APP_GROUP                    node1→*
1028  L=1309  [node1 ] SEND     APP_GROUP                    node1→*
1029  L=1310  [node1 ] SEND     APP_GROUP                    node1→*
1030  L=1311  [node1 ] SEND     APP_GROUP                    node1→*
1031  L=1312  [node1 ] SEND     APP_CREATE_GROUP             node1→*
1032  L=1314  [node1 ] SEND     APP_CREATE_GROUP             node1→*
1033  L=1315  [node1 ] SEND     APP_GROUP                    node1→*
1034  L=1316  [node1 ] SEND     APP_GROUP                    node1→*
1035  L=1317  [node1 ] SEND     APP_GROUP                    node1→*
1036  L=1318  [node1 ] SEND     APP_GROUP                    node1→*
1037  L=1319  [node1 ] SEND     APP_GROUP                    node1→*
1038  L=1320  [node1 ] SEND     APP_GROUP                    node1→*
1039  L=1321  [node1 ] SEND     APP_GROUP                    node1→*
1040  L=1322  [node1 ] SEND     APP_GROUP                    node1→*
1041  L=1323  [node1 ] SEND     APP_GROUP                    node1→*
1042  L=1324  [node1 ] SEND     APP_GROUP                    node1→*
1043  L=1326  [node1 ] SEND     APP_CREATE_GROUP             node1→*
1044  L=1327  [node1 ] SEND     APP_GROUP                    node1→*
1045  L=1328  [node1 ] SEND     APP_GROUP                    node1→*
1046  L=1329  [node1 ] SEND     APP_GROUP                    node1→*
1047  L=1330  [node1 ] SEND     APP_GROUP                    node1→*
1048  L=1331  [node1 ] SEND     APP_GROUP                    node1→*
1049  L=1332  [node1 ] SEND     APP_GROUP                    node1→*
1050  L=1334  [node1 ] SEND     APP_CREATE_GROUP             node1→*
1051  L=1335  [node1 ] SEND     APP_GROUP                    node1→*
1052  L=1336  [node1 ] SEND     APP_GROUP                    node1→*
1054  L=1337  [node1 ] SEND     APP_GROUP                    node1→*
1053  L=1338  [node1 ] SEND     APP_GROUP                    node1→*
1055  L=1339  [node1 ] SEND     APP_GROUP                    node1→*
1056  L=1340  [node1 ] SEND     APP_GROUP                    node1→*
1057  L=1341  [node1 ] SEND     APP_GROUP                    node1→*
1058  L=1342  [node1 ] SEND     APP_GROUP                    node1→*
1059  L=1343  [node1 ] SEND     APP_GROUP                    node1→*
1060  L=1344  [node1 ] SEND     APP_GROUP                    node1→*
1061  L=1345  [node1 ] SEND     APP_GROUP                    node1→*
1062  L=1346  [node1 ] SEND     APP_GROUP                    node1→*
1063  L=1348  [node1 ] SEND     APP_CREATE_GROUP             node1→*
1064  L=1349  [node1 ] SEND     APP_GROUP                    node1→*
1065  L=1350  [node1 ] SEND     APP_GROUP                    node1→*
1066  L=1351  [node1 ] SEND     APP_GROUP                    node1→*
1067  L=1352  [node1 ] SEND     APP_GROUP                    node1→*
1068  L=1354  [node1 ] SEND     APP_GROUP                    node1→*
1069  L=1355  [node1 ] SEND     APP_GROUP                    node1→*
1070  L=1356  [node1 ] SEND     APP_GROUP                    node1→*
1071  L=1357  [node1 ] SEND     APP_GROUP                    node1→*
1072  L=1358  [node1 ] SEND     APP_GROUP                    node1→*
1073  L=1359  [node1 ] SEND     APP_GROUP                    node1→*
1075  L=1360  [node1 ] SEND     APP_GROUP                    node1→*
1074  L=1362  [node1 ] SEND     APP_CREATE_GROUP             node1→*
1076  L=1364  [node1 ] SEND     APP_GROUP                    node1→*
1077  L=1365  [node1 ] SEND     APP_GROUP                    node1→*
1078  L=1366  [node1 ] SEND     APP_GROUP                    node1→*
1079  L=1367  [node1 ] SEND     APP_GROUP                    node1→*
1080  L=1368  [node1 ] SEND     APP_GROUP                    node1→*
1081  L=1369  [node1 ] SEND     APP_CREATE_GROUP             node1→*
1082  L=1370  [node1 ] SEND     APP_GROUP                    node1→*
1083  L=1372  [node1 ] SEND     APP_CREATE_GROUP             node1→*
1084  L=1373  [node1 ] SEND     APP_CREATE_GROUP             node1→*
1085  L=1374  [node1 ] SEND     APP_GROUP                    node1→*
1086  L=1375  [node1 ] SEND     APP_GROUP                    node1→*
1087  L=1376  [node1 ] SEND     APP_GROUP                    node1→*
1088  L=1377  [node1 ] SEND     APP_GROUP                    node1→*
1089  L=1378  [node1 ] SEND     APP_GROUP                    node1→*
1090  L=1379  [node1 ] SEND     APP_GROUP                    node1→*
1091  L=1380  [node1 ] SEND     APP_GROUP                    node1→*
1092  L=1381  [node1 ] SEND     APP_GROUP                    node1→*
1093  L=1382  [node1 ] SEND     APP_GROUP                    node1→*
1094  L=1384  [node1 ] SEND     APP_CREATE_GROUP             node1→*
1095  L=1385  [node1 ] SEND     APP_GROUP                    node1→*
1096  L=1386  [node1 ] SEND     APP_GROUP                    node1→*
1097  L=1387  [node1 ] SEND     APP_GROUP                    node1→*
1098  L=1388  [node1 ] SEND     APP_GROUP                    node1→*
1099  L=1390  [node1 ] SEND     APP_CREATE_GROUP             node1→*
1100  L=1391  [node1 ] SEND     APP_GROUP                    node1→*
1101  L=1392  [node1 ] SEND     APP_GROUP                    node1→*
1102  L=1393  [node1 ] SEND     APP_GROUP                    node1→*
1103  L=1394  [node1 ] SEND     APP_GROUP                    node1→*
1104  L=1396  [node1 ] SEND     APP_GROUP                    node1→*
1105  L=1397  [node1 ] SEND     APP_GROUP                    node1→*
1106  L=1398  [node1 ] SEND     APP_GROUP                    node1→*
1107  L=1399  [node1 ] SEND     APP_GROUP                    node1→*
1108  L=1400  [node1 ] SEND     APP_GROUP                    node1→*
1109  L=1401  [node1 ] SEND     APP_GROUP                    node1→*
1110  L=1402  [node1 ] SEND     APP_GROUP                    node1→*
1111  L=1403  [node1 ] SEND     APP_CREATE_GROUP             node1→*
1112  L=1404  [node1 ] SEND     APP_GROUP                    node1→*
1113  L=1405  [node1 ] SEND     APP_GROUP                    node1→*
1114  L=1406  [node1 ] SEND     APP_GROUP                    node1→*
1115  L=1407  [node1 ] SEND     APP_GROUP                    node1→*
1116  L=1408  [node1 ] SEND     APP_GROUP                    node1→*
1117  L=1410  [node1 ] SEND     APP_CREATE_GROUP             node1→*
1118  L=1411  [node1 ] SEND     APP_GROUP                    node1→*
1119  L=1412  [node1 ] SEND     APP_GROUP                    node1→*
1120  L=1413  [node1 ] SEND     APP_GROUP                    node1→*
1121  L=1414  [node1 ] SEND     APP_GROUP                    node1→*
1122  L=1416  [node1 ] SEND     APP_GROUP                    node1→*
1123  L=1417  [node1 ] SEND     APP_GROUP                    node1→*
1124  L=1418  [node1 ] SEND     APP_GROUP                    node1→*
1125  L=1419  [node1 ] SEND     APP_CREATE_GROUP             node1→*
1126  L=1421  [node1 ] SEND     APP_CREATE_GROUP             node1→*
1127  L=1423  [node1 ] SEND     APP_GROUP                    node1→*
1128  L=1424  [node1 ] SEND     APP_GROUP                    node1→*
1129  L=1425  [node1 ] SEND     APP_GROUP                    node1→*
1130  L=1426  [node1 ] SEND     APP_GROUP                    node1→*
1131  L=1427  [node1 ] SEND     APP_GROUP                    node1→*
1132  L=1428  [node1 ] SEND     APP_GROUP                    node1→*
1133  L=1430  [node1 ] SEND     APP_CREATE_GROUP             node1→*
1134  L=1431  [node1 ] SEND     APP_CREATE_GROUP             node1→*
1135  L=1432  [node1 ] SEND     APP_GROUP                    node1→*
1136  L=1433  [node1 ] SEND     APP_GROUP                    node1→*
1137  L=1434  [node1 ] SEND     APP_GROUP                    node1→*
1138  L=1435  [node1 ] SEND     APP_GROUP                    node1→*
1139  L=1436  [node1 ] SEND     APP_GROUP                    node1→*
1140  L=1437  [node1 ] SEND     APP_GROUP                    node1→*
1141  L=1438  [node1 ] SEND     APP_GROUP                    node1→*
1142  L=1440  [node1 ] SEND     APP_CREATE_GROUP             node1→*
1143  L=1441  [node1 ] SEND     APP_GROUP                    node1→*
1144  L=1442  [node1 ] SEND     APP_GROUP                    node1→*
1145  L=1443  [node1 ] SEND     APP_GROUP                    node1→*
1146  L=1444  [node1 ] SEND     APP_GROUP                    node1→*
1147  L=1445  [node1 ] SEND     APP_GROUP                    node1→*
1148  L=1446  [node1 ] SEND     APP_GROUP                    node1→*
1149  L=1447  [node1 ] SEND     APP_GROUP                    node1→*
1150  L=1448  [node1 ] SEND     APP_GROUP                    node1→*
1151  L=1449  [node1 ] SEND     APP_GROUP                    node1→*
1152  L=1451  [node1 ] SEND     APP_CREATE_GROUP             node1→*
1153  L=1452  [node1 ] SEND     APP_GROUP                    node1→*
1154  L=1453  [node1 ] SEND     APP_GROUP                    node1→*
1155  L=1454  [node1 ] SEND     APP_GROUP                    node1→*
1156  L=1455  [node1 ] SEND     APP_GROUP                    node1→*
1157  L=1456  [node1 ] SEND     APP_GROUP                    node1→*
1158  L=1457  [node1 ] SEND     APP_GROUP                    node1→*
1159  L=1458  [node1 ] SEND     APP_GROUP                    node1→*
1160  L=1459  [node1 ] SEND     APP_GROUP                    node1→*
1161  L=1460  [node1 ] SEND     APP_GROUP                    node1→*
1162  L=1461  [node1 ] SEND     APP_GROUP                    node1→*
1163  L=1462  [node1 ] SEND     APP_GROUP                    node1→*
1164  L=1463  [node1 ] SEND     APP_GROUP                    node1→*
1165  L=1464  [node1 ] SEND     APP_GROUP                    node1→*
1166  L=1465  [node1 ] SEND     APP_GROUP                    node1→*
1167  L=1466  [node1 ] SEND     APP_GROUP                    node1→*
1168  L=1467  [node1 ] SEND     APP_GROUP                    node1→*
1169  L=1468  [node1 ] SEND     APP_GROUP                    node1→*
1170  L=1470  [node1 ] SEND     APP_GROUP                    node1→*
1171  L=1471  [node1 ] SEND     APP_GROUP                    node1→*
1172  L=1472  [node1 ] SEND     APP_GROUP                    node1→*
1173  L=1473  [node1 ] SEND     APP_GROUP                    node1→*
1174  L=1474  [node1 ] SEND     APP_GROUP                    node1→*
1175  L=1475  [node1 ] SEND     APP_GROUP                    node1→*
1176  L=1476  [node1 ] SEND     APP_GROUP                    node1→*
1177  L=1477  [node1 ] SEND     APP_CREATE_GROUP             node1→*
1178  L=1478  [node1 ] SEND     APP_GROUP                    node1→*
1179  L=1479  [node1 ] SEND     APP_GROUP                    node1→*
1180  L=1480  [node1 ] SEND     APP_GROUP                    node1→*
1181  L=1481  [node1 ] SEND     APP_GROUP                    node1→*
1182  L=1482  [node1 ] SEND     APP_GROUP                    node1→*
1183  L=1483  [node1 ] SEND     APP_GROUP                    node1→*
1184  L=1484  [node1 ] SEND     APP_GROUP                    node1→*
1185  L=1485  [node1 ] SEND     APP_GROUP                    node1→*
1186  L=1486  [node1 ] SEND     APP_GROUP                    node1→*
1187  L=1487  [node1 ] SEND     APP_GROUP                    node1→*
1188  L=1488  [node1 ] SEND     APP_GROUP                    node1→*
1189  L=1489  [node1 ] SEND     APP_GROUP                    node1→*
1190  L=1490  [node1 ] SEND     APP_GROUP                    node1→*
1191  L=1491  [node1 ] SEND     APP_GROUP                    node1→*
1192  L=1492  [node1 ] SEND     APP_GROUP                    node1→*
1193  L=1493  [node1 ] SEND     APP_GROUP                    node1→*
1194  L=1494  [node1 ] SEND     APP_GROUP                    node1→*
1195  L=1495  [node1 ] SEND     APP_GROUP                    node1→*
1196  L=1496  [node1 ] SEND     APP_GROUP                    node1→*
1197  L=1497  [node1 ] SEND     APP_GROUP                    node1→*
1198  L=1498  [node1 ] SEND     APP_GROUP                    node1→*
1199  L=1499  [node1 ] SEND     APP_GROUP                    node1→*
1200  L=1500  [node1 ] SEND     APP_GROUP                    node1→*
1201  L=1501  [node1 ] SEND     APP_GROUP                    node1→*
1202  L=1502  [node1 ] SEND     APP_GROUP                    node1→*
1203  L=1503  [node1 ] SEND     APP_GROUP                    node1→*
1204  L=1504  [node1 ] SEND     APP_GROUP                    node1→*
1205  L=1505  [node1 ] SEND     APP_GROUP                    node1→*
1206  L=1506  [node1 ] SEND     APP_GROUP                    node1→*
1207  L=1507  [node1 ] SEND     APP_GROUP                    node1→*
1208  L=1508  [node1 ] SEND     APP_GROUP                    node1→*
1209  L=1509  [node1 ] SEND     APP_GROUP                    node1→*
1210  L=1510  [node1 ] SEND     APP_GROUP                    node1→*
1211  L=1511  [node1 ] SEND     APP_GROUP                    node1→*
1212  L=1512  [node1 ] SEND     APP_GROUP                    node1→*
1213  L=1513  [node1 ] SEND     APP_GROUP                    node1→*
1214  L=1514  [node1 ] SEND     APP_GROUP                    node1→*
1215  L=1515  [node1 ] SEND     APP_GROUP                    node1→*
1216  L=1516  [node1 ] SEND     APP_GROUP                    node1→*
1217  L=1517  [node1 ] SEND     APP_GROUP                    node1→*
1218  L=1518  [node1 ] SEND     APP_GROUP                    node1→*
1219  L=1519  [node1 ] SEND     APP_GROUP                    node1→*
1220  L=1520  [node1 ] SEND     APP_GROUP                    node1→*
1221  L=1521  [node1 ] SEND     APP_GROUP                    node1→*
1222  L=1523  [node1 ] SEND     APP_GROUP                    node1→*
1223  L=1524  [node1 ] SEND     APP_GROUP                    node1→*
1224  L=1525  [node1 ] SEND     APP_GROUP                    node1→*
1225  L=1526  [node1 ] SEND     APP_GROUP                    node1→*
1226  L=1527  [node1 ] SEND     APP_GROUP                    node1→*
1227  L=1528  [node1 ] SEND     APP_GROUP                    node1→*
1228  L=1529  [node1 ] SEND     APP_CREATE_GROUP             node1→*
1229  L=1530  [node1 ] SEND     APP_GROUP                    node1→*
1230  L=1531  [node1 ] SEND     APP_GROUP                    node1→*
1231  L=1533  [node1 ] SEND     APP_GROUP                    node1→*
1232  L=1534  [node1 ] SEND     APP_GROUP                    node1→*
1233  L=1535  [node1 ] SEND     APP_GROUP                    node1→*
1234  L=1536  [node1 ] SEND     APP_GROUP                    node1→*
1235  L=1537  [node1 ] SEND     APP_CREATE_GROUP             node1→*
1236  L=1538  [node1 ] SEND     APP_GROUP                    node1→*
1237  L=1539  [node1 ] SEND     APP_GROUP                    node1→*
1238  L=1540  [node1 ] SEND     APP_GROUP                    node1→*
1239  L=1541  [node1 ] SEND     APP_GROUP                    node1→*
1240  L=1542  [node1 ] SEND     APP_GROUP                    node1→*
1241  L=1544  [node1 ] SEND     APP_GROUP                    node1→*
1242  L=1545  [node1 ] SEND     APP_GROUP                    node1→*
1243  L=1546  [node1 ] SEND     APP_GROUP                    node1→*
1244  L=1547  [node1 ] SEND     APP_GROUP                    node1→*
1245  L=1548  [node1 ] SEND     APP_GROUP                    node1→*
1246  L=1549  [node1 ] SEND     APP_CREATE_GROUP             node1→*
1247  L=1550  [node1 ] SEND     APP_GROUP                    node1→*
1248  L=1551  [node1 ] SEND     APP_GROUP                    node1→*
1249  L=1552  [node1 ] SEND     APP_GROUP                    node1→*
1250  L=1553  [node1 ] SEND     APP_GROUP                    node1→*
1251  L=1555  [node1 ] SEND     APP_GROUP                    node1→*
1252  L=1556  [node1 ] SEND     APP_GROUP                    node1→*
1253  L=1557  [node1 ] SEND     APP_CREATE_GROUP             node1→*
1254  L=1559  [node1 ] SEND     APP_GROUP                    node1→*
1255  L=1560  [node1 ] SEND     APP_GROUP                    node1→*
1256  L=1561  [node1 ] SEND     APP_GROUP                    node1→*
1257  L=1562  [node1 ] SEND     APP_GROUP                    node1→*
1258  L=1563  [node1 ] SEND     APP_GROUP                    node1→*
1259  L=1564  [node1 ] SEND     APP_GROUP                    node1→*
1260  L=1565  [node1 ] SEND     APP_GROUP                    node1→*
1261  L=1566  [node1 ] SEND     APP_CREATE_GROUP             node1→*
1262  L=1568  [node1 ] SEND     APP_GROUP                    node1→*
1263  L=1569  [node1 ] SEND     APP_GROUP                    node1→*
1264  L=1570  [node1 ] SEND     APP_GROUP                    node1→*
1265  L=1571  [node1 ] SEND     APP_CREATE_GROUP             node1→*
1266  L=1573  [node1 ] SEND     APP_GROUP                    node1→*
1267  L=1574  [node1 ] SEND     APP_GROUP                    node1→*
1268  L=1575  [node1 ] SEND     APP_GROUP                    node1→*
1269  L=1576  [node1 ] SEND     APP_GROUP                    node1→*
1270  L=1577  [node1 ] SEND     APP_GROUP                    node1→*
1271  L=1578  [node1 ] SEND     APP_GROUP                    node1→*
1272  L=1579  [node1 ] SEND     APP_GROUP                    node1→*
1273  L=1580  [node1 ] SEND     APP_GROUP                    node1→*
1274  L=1581  [node1 ] SEND     APP_CREATE_GROUP             node1→*
1275  L=1583  [node1 ] SEND     APP_GROUP                    node1→*
1276  L=1584  [node1 ] SEND     APP_GROUP                    node1→*
1277  L=1585  [node1 ] SEND     APP_GROUP                    node1→*
1278  L=1586  [node1 ] SEND     APP_GROUP                    node1→*
1279  L=1587  [node1 ] SEND     APP_GROUP                    node1→*
1280  L=1588  [node1 ] SEND     APP_CREATE_GROUP             node1→*
1281  L=1590  [node1 ] SEND     APP_GROUP                    node1→*
1282  L=1591  [node1 ] SEND     APP_GROUP                    node1→*
1283  L=1592  [node1 ] SEND     APP_GROUP                    node1→*
1284  L=1593  [node1 ] SEND     APP_GROUP                    node1→*
1285  L=1594  [node1 ] SEND     APP_GROUP                    node1→*
1286  L=1595  [node1 ] SEND     APP_GROUP                    node1→*
1287  L=1596  [node1 ] SEND     APP_GROUP                    node1→*
1288  L=1598  [node1 ] SEND     APP_CREATE_GROUP             node1→*
1289  L=1599  [node1 ] SEND     APP_GROUP                    node1→*
1290  L=1600  [node1 ] SEND     APP_GROUP                    node1→*
1291  L=1602  [node1 ] SEND     APP_CREATE_GROUP             node1→*
1292  L=1603  [node1 ] SEND     APP_GROUP                    node1→*
1293  L=1604  [node1 ] SEND     APP_GROUP                    node1→*
1294  L=1605  [node1 ] SEND     APP_GROUP                    node1→*
1295  L=1606  [node1 ] SEND     APP_GROUP                    node1→*
1296  L=1607  [node1 ] SEND     APP_CREATE_GROUP             node1→*
1297  L=1609  [node1 ] SEND     APP_GROUP                    node1→*
1298  L=1610  [node1 ] SEND     APP_GROUP                    node1→*
1299  L=1611  [node1 ] SEND     APP_GROUP                    node1→*
1300  L=1612  [node1 ] SEND     APP_GROUP                    node1→*
1301  L=1613  [node1 ] SEND     APP_GROUP                    node1→*
1302  L=1614  [node1 ] SEND     APP_GROUP                    node1→*
1303  L=1615  [node1 ] SEND     APP_GROUP                    node1→*
1304  L=1616  [node1 ] SEND     APP_GROUP                    node1→*
1305  L=1617  [node1 ] SEND     APP_CREATE_GROUP             node1→*
1306  L=1619  [node1 ] SEND     APP_CREATE_GROUP             node1→*
1307  L=1620  [node1 ] SEND     APP_GROUP                    node1→*
1308  L=1621  [node1 ] SEND     APP_GROUP                    node1→*
1309  L=1622  [node1 ] SEND     APP_GROUP                    node1→*
1310  L=1623  [node1 ] SEND     APP_GROUP                    node1→*
1311  L=1624  [node1 ] SEND     APP_GROUP                    node1→*
1312  L=1625  [node1 ] SEND     APP_GROUP                    node1→*
1313  L=1626  [node1 ] SEND     APP_GROUP                    node1→*
1314  L=1627  [node1 ] SEND     APP_GROUP                    node1→*
1315  L=1628  [node1 ] SEND     APP_GROUP                    node1→*
1316  L=1629  [node1 ] SEND     APP_GROUP                    node1→*
1317  L=1630  [node1 ] SEND     APP_GROUP                    node1→*
1318  L=1632  [node1 ] SEND     APP_CREATE_GROUP             node1→*
1319  L=1633  [node1 ] SEND     APP_GROUP                    node1→*
1320  L=1634  [node1 ] SEND     APP_GROUP                    node1→*
1321  L=1635  [node1 ] SEND     APP_GROUP                    node1→*
1322  L=1636  [node1 ] SEND     APP_GROUP                    node1→*
1323  L=1637  [node1 ] SEND     APP_GROUP                    node1→*
1324  L=1638  [node1 ] SEND     APP_GROUP                    node1→*
1325  L=1639  [node1 ] SEND     APP_GROUP                    node1→*
1326  L=1640  [node1 ] SEND     APP_GROUP                    node1→*
1327  L=1641  [node1 ] SEND     APP_GROUP                    node1→*
1328  L=1642  [node1 ] SEND     APP_GROUP                    node1→*
1329  L=1643  [node1 ] SEND     APP_GROUP                    node1→*
1330  L=1644  [node1 ] SEND     APP_GROUP                    node1→*
1331  L=1645  [node1 ] SEND     APP_GROUP                    node1→*
1332  L=1646  [node1 ] SEND     APP_GROUP                    node1→*
1333  L=1648  [node1 ] SEND     APP_CREATE_GROUP             node1→*
1334  L=1649  [node1 ] SEND     APP_GROUP                    node1→*
1335  L=1650  [node1 ] SEND     APP_GROUP                    node1→*
1336  L=1651  [node1 ] SEND     APP_GROUP                    node1→*
1337  L=1652  [node1 ] SEND     APP_GROUP                    node1→*
1338  L=1653  [node1 ] SEND     APP_GROUP                    node1→*
1339  L=1655  [node1 ] SEND     APP_GROUP                    node1→*
1340  L=1656  [node1 ] SEND     APP_GROUP                    node1→*
1341  L=1657  [node1 ] SEND     APP_GROUP                    node1→*
1342  L=1658  [node1 ] SEND     APP_GROUP                    node1→*
1344  L=1659  [node1 ] SEND     APP_GROUP                    node1→*
1343  L=1660  [node1 ] SEND     APP_GROUP                    node1→*
1345  L=1661  [node1 ] SEND     APP_GROUP                    node1→*
1346  L=1664  [node1 ] SEND     APP_GROUP                    node1→*
1347  L=1665  [node1 ] SEND     APP_CREATE_GROUP             node1→*
1348  L=1666  [node1 ] SEND     APP_GROUP                    node1→*
1349  L=1667  [node1 ] SEND     APP_GROUP                    node1→*
1350  L=1668  [node1 ] SEND     APP_GROUP                    node1→*
1351  L=1669  [node1 ] SEND     APP_GROUP                    node1→*
1352  L=1670  [node1 ] SEND     APP_CREATE_GROUP             node1→*
1353  L=1671  [node1 ] SEND     APP_GROUP                    node1→*
1354  L=1672  [node1 ] SEND     APP_GROUP                    node1→*
1355  L=1673  [node1 ] SEND     APP_GROUP                    node1→*
1356  L=1674  [node1 ] SEND     APP_GROUP                    node1→*
1357  L=1675  [node1 ] SEND     APP_CREATE_GROUP             node1→*
1358  L=1677  [node1 ] SEND     APP_CREATE_GROUP             node1→*
1359  L=1678  [node1 ] SEND     APP_GROUP                    node1→*
1360  L=1679  [node1 ] SEND     APP_GROUP                    node1→*
1361  L=1680  [node1 ] SEND     APP_GROUP                    node1→*
1362  L=1681  [node1 ] SEND     APP_GROUP                    node1→*
1363  L=1682  [node1 ] SEND     APP_GROUP                    node1→*
1364  L=1683  [node1 ] SEND     APP_GROUP                    node1→*
1365  L=1684  [node1 ] SEND     APP_GROUP                    node1→*
1366  L=1685  [node1 ] SEND     APP_GROUP                    node1→*
1367  L=1686  [node1 ] SEND     APP_GROUP                    node1→*
1368  L=1687  [node1 ] SEND     APP_GROUP                    node1→*
1369  L=1688  [node1 ] SEND     APP_GROUP                    node1→*
1370  L=1689  [node1 ] SEND     APP_GROUP                    node1→*
1371  L=1690  [node1 ] SEND     APP_GROUP                    node1→*
1372  L=1691  [node1 ] SEND     APP_GROUP                    node1→*
1373  L=1692  [node1 ] SEND     APP_GROUP                    node1→*
1374  L=1693  [node1 ] SEND     APP_GROUP                    node1→*
1375  L=1694  [node1 ] SEND     APP_GROUP                    node1→*
1376  L=1695  [node1 ] SEND     APP_GROUP                    node1→*
1377  L=1696  [node1 ] SEND     APP_GROUP                    node1→*
1378  L=1697  [node1 ] SEND     APP_GROUP                    node1→*
1379  L=1699  [node1 ] SEND     APP_CREATE_GROUP             node1→*
1380  L=1700  [node1 ] SEND     APP_GROUP                    node1→*
1381  L=1701  [node1 ] SEND     APP_GROUP                    node1→*
1382  L=1702  [node1 ] SEND     APP_GROUP                    node1→*
1383  L=1703  [node1 ] SEND     APP_GROUP                    node1→*
1384  L=1704  [node1 ] SEND     APP_GROUP                    node1→*
1385  L=1705  [node1 ] SEND     APP_GROUP                    node1→*
1386  L=1706  [node1 ] SEND     APP_GROUP                    node1→*
1387  L=1707  [node1 ] SEND     APP_GROUP                    node1→*
1388  L=1708  [node1 ] SEND     APP_GROUP                    node1→*
1389  L=1709  [node1 ] SEND     APP_GROUP                    node1→*
1390  L=1710  [node1 ] SEND     APP_GROUP                    node1→*
1391  L=1711  [node1 ] SEND     APP_GROUP                    node1→*
1392  L=1712  [node1 ] SEND     APP_GROUP                    node1→*
1393  L=1713  [node1 ] SEND     APP_GROUP                    node1→*
1394  L=1714  [node1 ] SEND     APP_GROUP                    node1→*
1395  L=1715  [node1 ] SEND     APP_GROUP                    node1→*
1396  L=1716  [node1 ] SEND     APP_GROUP                    node1→*
1397  L=1717  [node1 ] SEND     APP_GROUP                    node1→*
1398  L=1718  [node1 ] SEND     APP_GROUP                    node1→*
1399  L=1719  [node1 ] SEND     APP_GROUP                    node1→*
1400  L=1720  [node1 ] SEND     APP_GROUP                    node1→*
1401  L=1721  [node1 ] SEND     APP_GROUP                    node1→*
1402  L=1722  [node1 ] SEND     APP_GROUP                    node1→*
1403  L=1723  [node1 ] SEND     APP_GROUP                    node1→*
1404  L=1724  [node1 ] SEND     APP_GROUP                    node1→*
1405  L=1725  [node1 ] SEND     APP_GROUP                    node1→*
1406  L=1726  [node1 ] SEND     APP_GROUP                    node1→*
1407  L=1727  [node1 ] SEND     APP_GROUP                    node1→*
1408  L=1729  [node1 ] SEND     APP_CREATE_GROUP             node1→*
1409  L=1730  [node1 ] SEND     APP_GROUP                    node1→*
1410  L=1731  [node1 ] SEND     APP_GROUP                    node1→*
1411  L=1732  [node1 ] SEND     APP_GROUP                    node1→*
1412  L=1733  [node1 ] SEND     APP_GROUP                    node1→*
1413  L=1734  [node1 ] SEND     APP_GROUP                    node1→*
1414  L=1736  [node1 ] SEND     APP_GROUP                    node1→*
1415  L=1737  [node1 ] SEND     APP_GROUP                    node1→*
1416  L=1738  [node1 ] SEND     APP_GROUP                    node1→*
1417  L=1739  [node1 ] SEND     APP_GROUP                    node1→*
1418  L=1740  [node1 ] SEND     APP_CREATE_GROUP             node1→*
1419  L=1742  [node1 ] SEND     APP_GROUP                    node1→*
1420  L=1743  [node1 ] SEND     APP_GROUP                    node1→*
1421  L=1744  [node1 ] SEND     APP_GROUP                    node1→*
1422  L=1745  [node1 ] SEND     APP_GROUP                    node1→*
1423  L=1746  [node1 ] SEND     APP_GROUP                    node1→*
1424  L=1747  [node1 ] SEND     APP_GROUP                    node1→*
1425  L=1748  [node1 ] SEND     APP_GROUP                    node1→*
1426  L=1749  [node1 ] SEND     APP_GROUP                    node1→*
1427  L=1750  [node1 ] SEND     APP_GROUP                    node1→*
1428  L=1751  [node1 ] SEND     APP_CREATE_GROUP             node1→*
1429  L=1752  [node1 ] SEND     APP_GROUP                    node1→*
1430  L=1753  [node1 ] SEND     APP_GROUP                    node1→*
1431  L=1754  [node1 ] SEND     APP_GROUP                    node1→*
1432  L=1755  [node1 ] SEND     APP_GROUP                    node1→*
1433  L=1756  [node1 ] SEND     APP_GROUP                    node1→*
1434  L=1757  [node1 ] SEND     APP_GROUP                    node1→*
1435  L=1758  [node1 ] SEND     APP_GROUP                    node1→*
1436  L=1759  [node1 ] SEND     APP_GROUP                    node1→*
1437  L=1760  [node1 ] SEND     APP_GROUP                    node1→*
1438  L=1761  [node1 ] SEND     APP_GROUP                    node1→*
1439  L=1763  [node1 ] SEND     APP_CREATE_GROUP             node1→*
1440  L=1764  [node1 ] SEND     APP_GROUP                    node1→*
1441  L=1765  [node1 ] SEND     APP_GROUP                    node1→*
1442  L=1766  [node1 ] SEND     APP_GROUP                    node1→*
1443  L=1767  [node1 ] SEND     APP_GROUP                    node1→*
1444  L=1768  [node1 ] SEND     APP_GROUP                    node1→*
1445  L=1769  [node1 ] SEND     APP_GROUP                    node1→*
1446  L=1770  [node1 ] SEND     APP_GROUP                    node1→*
1447  L=1771  [node1 ] SEND     APP_GROUP                    node1→*
1448  L=1772  [node1 ] SEND     APP_GROUP                    node1→*
1449  L=1773  [node1 ] SEND     APP_GROUP                    node1→*
1450  L=1774  [node1 ] SEND     APP_GROUP                    node1→*
1451  L=1775  [node1 ] SEND     APP_GROUP                    node1→*
1452  L=1776  [node1 ] SEND     APP_GROUP                    node1→*
1453  L=1777  [node1 ] SEND     APP_GROUP                    node1→*
1454  L=1778  [node1 ] SEND     APP_GROUP                    node1→*
1455  L=1779  [node1 ] SEND     APP_GROUP                    node1→*
1456  L=1780  [node1 ] SEND     APP_GROUP                    node1→*
1457  L=1781  [node1 ] SEND     APP_GROUP                    node1→*
1458  L=1782  [node1 ] SEND     APP_GROUP                    node1→*
1459  L=1783  [node1 ] SEND     APP_GROUP                    node1→*
1460  L=1784  [node1 ] SEND     APP_GROUP                    node1→*
1461  L=1785  [node1 ] SEND     APP_GROUP                    node1→*
1462  L=1786  [node1 ] SEND     APP_GROUP                    node1→*
1463  L=1787  [node1 ] SEND     APP_GROUP                    node1→*
1464  L=1788  [node1 ] SEND     APP_GROUP                    node1→*
1465  L=1789  [node1 ] SEND     APP_GROUP                    node1→*
1466  L=1790  [node1 ] SEND     APP_GROUP                    node1→*
1467  L=1791  [node1 ] SEND     APP_GROUP                    node1→*
1468  L=1792  [node1 ] SEND     APP_GROUP                    node1→*
1469  L=1793  [node1 ] SEND     APP_GROUP                    node1→*
1470  L=1794  [node1 ] SEND     APP_GROUP                    node1→*
1471  L=1795  [node1 ] SEND     APP_GROUP                    node1→*
1472  L=1796  [node1 ] SEND     APP_GROUP                    node1→*
1473  L=1797  [node1 ] SEND     APP_GROUP                    node1→*
1474  L=1798  [node1 ] SEND     APP_GROUP                    node1→*
1475  L=1799  [node1 ] SEND     APP_GROUP                    node1→*
1476  L=1800  [node1 ] SEND     APP_GROUP                    node1→*
1477  L=1801  [node1 ] SEND     APP_GROUP                    node1→*
1478  L=1802  [node1 ] SEND     APP_GROUP                    node1→*
1479  L=1803  [node1 ] SEND     APP_GROUP                    node1→*
1480  L=1804  [node1 ] SEND     APP_GROUP                    node1→*
1481  L=1805  [node1 ] SEND     APP_GROUP                    node1→*
1482  L=1806  [node1 ] SEND     APP_GROUP                    node1→*
1483  L=1807  [node1 ] SEND     APP_GROUP                    node1→*
1484  L=1808  [node1 ] SEND     APP_GROUP                    node1→*
1485  L=1809  [node1 ] SEND     APP_GROUP                    node1→*
1486  L=1810  [node1 ] SEND     APP_GROUP                    node1→*
1487  L=1811  [node1 ] SEND     APP_GROUP                    node1→*
1488  L=1812  [node1 ] SEND     APP_GROUP                    node1→*
1489  L=1813  [node1 ] SEND     APP_GROUP                    node1→*
1490  L=1814  [node1 ] SEND     APP_GROUP                    node1→*
1491  L=1815  [node1 ] SEND     APP_GROUP                    node1→*
1492  L=1816  [node1 ] SEND     APP_GROUP                    node1→*
1493  L=1817  [node1 ] SEND     APP_GROUP                    node1→*
1494  L=1818  [node1 ] SEND     APP_GROUP                    node1→*
1495  L=1819  [node1 ] SEND     APP_GROUP                    node1→*
1496  L=1821  [node1 ] SEND     APP_GROUP                    node1→*
1497  L=1822  [node1 ] SEND     APP_GROUP                    node1→*
1498  L=1823  [node1 ] SEND     APP_GROUP                    node1→*
1499  L=1824  [node1 ] SEND     APP_GROUP                    node1→*
1500  L=1825  [node1 ] SEND     APP_GROUP                    node1→*
1501  L=1826  [node1 ] SEND     APP_GROUP                    node1→*
1502  L=1827  [node1 ] SEND     APP_GROUP                    node1→*
1503  L=1828  [node1 ] SEND     APP_GROUP                    node1→*
1504  L=1829  [node1 ] SEND     APP_GROUP                    node1→*
1505  L=1830  [node1 ] SEND     APP_GROUP                    node1→*
1506  L=1831  [node1 ] SEND     APP_GROUP                    node1→*
1507  L=1832  [node1 ] SEND     APP_GROUP                    node1→*
1508  L=1833  [node1 ] SEND     APP_GROUP                    node1→*
1509  L=1834  [node1 ] SEND     APP_CREATE_GROUP             node1→*
1510  L=1835  [node1 ] SEND     APP_GROUP                    node1→*
1511  L=1836  [node1 ] SEND     APP_GROUP                    node1→*
1512  L=1837  [node1 ] SEND     APP_GROUP                    node1→*
1513  L=1838  [node1 ] SEND     APP_GROUP                    node1→*
1514  L=1839  [node1 ] SEND     APP_GROUP                    node1→*
1515  L=1840  [node1 ] SEND     APP_GROUP                    node1→*
1516  L=1841  [node1 ] SEND     APP_GROUP                    node1→*
1517  L=1842  [node1 ] SEND     APP_GROUP                    node1→*
1518  L=1843  [node1 ] SEND     APP_GROUP                    node1→*
1519  L=1844  [node1 ] SEND     APP_GROUP                    node1→*
1520  L=1846  [node1 ] SEND     APP_GROUP                    node1→*
1521  L=1847  [node1 ] SEND     APP_GROUP                    node1→*
1522  L=1848  [node1 ] SEND     APP_GROUP                    node1→*
1523  L=1849  [node1 ] SEND     APP_GROUP                    node1→*
1524  L=1850  [node1 ] SEND     APP_GROUP                    node1→*
1525  L=1851  [node1 ] SEND     APP_GROUP                    node1→*
1526  L=1852  [node1 ] SEND     APP_GROUP                    node1→*
1527  L=1853  [node1 ] SEND     APP_CREATE_GROUP             node1→*
1528  L=1854  [node1 ] SEND     APP_GROUP                    node1→*
1529  L=1855  [node1 ] SEND     APP_GROUP                    node1→*
1530  L=1856  [node1 ] SEND     APP_GROUP                    node1→*
1531  L=1857  [node1 ] SEND     APP_GROUP                    node1→*
1532  L=1859  [node1 ] SEND     APP_CREATE_GROUP             node1→*
1533  L=1860  [node1 ] SEND     APP_GROUP                    node1→*
1534  L=1862  [node1 ] SEND     APP_GROUP                    node1→*
1535  L=1863  [node1 ] SEND     APP_GROUP                    node1→*
1536  L=1864  [node1 ] SEND     APP_GROUP                    node1→*
1537  L=1865  [node1 ] SEND     APP_GROUP                    node1→*
1538  L=1866  [node1 ] SEND     APP_GROUP                    node1→*
1539  L=1867  [node1 ] SEND     APP_GROUP                    node1→*
1540  L=1868  [node1 ] SEND     APP_CREATE_GROUP             node1→*
1541  L=1870  [node1 ] SEND     APP_GROUP                    node1→*
1542  L=1871  [node1 ] SEND     APP_GROUP                    node1→*
1543  L=1872  [node1 ] SEND     APP_GROUP                    node1→*
1544  L=1873  [node1 ] SEND     APP_GROUP                    node1→*
1545  L=1874  [node1 ] SEND     APP_GROUP                    node1→*
1546  L=1875  [node1 ] SEND     APP_GROUP                    node1→*
1547  L=1876  [node1 ] SEND     APP_GROUP                    node1→*
1548  L=1877  [node1 ] SEND     APP_CREATE_GROUP             node1→*
1549  L=1879  [node1 ] SEND     APP_GROUP                    node1→*
1550  L=1880  [node1 ] SEND     APP_CREATE_GROUP             node1→*
1551  L=1882  [node1 ] SEND     APP_CREATE_GROUP             node1→*
1552  L=1883  [node1 ] SEND     APP_GROUP                    node1→*
1553  L=1885  [node1 ] SEND     APP_GROUP                    node1→*
1554  L=1886  [node1 ] SEND     APP_GROUP                    node1→*
1555  L=1887  [node1 ] SEND     APP_CREATE_GROUP             node1→*
1556  L=1888  [node1 ] SEND     APP_GROUP                    node1→*
1557  L=1889  [node1 ] SEND     APP_GROUP                    node1→*
1558  L=1890  [node1 ] SEND     APP_GROUP                    node1→*
1559  L=1891  [node1 ] SEND     APP_GROUP                    node1→*
1560  L=1892  [node1 ] SEND     APP_GROUP                    node1→*
1561  L=1893  [node1 ] SEND     APP_GROUP                    node1→*
1562  L=1894  [node1 ] SEND     APP_GROUP                    node1→*
1563  L=1895  [node1 ] SEND     APP_GROUP                    node1→*
1564  L=1896  [node1 ] SEND     APP_GROUP                    node1→*
1565  L=1897  [node1 ] SEND     APP_GROUP                    node1→*
1566  L=1898  [node1 ] SEND     APP_GROUP                    node1→*
1567  L=1899  [node1 ] SEND     APP_GROUP                    node1→*
1568  L=1900  [node1 ] SEND     APP_GROUP                    node1→*
1569  L=1901  [node1 ] SEND     APP_GROUP                    node1→*
1570  L=1902  [node1 ] SEND     APP_GROUP                    node1→*
1571  L=1903  [node1 ] SEND     APP_GROUP                    node1→*
1572  L=1904  [node1 ] SEND     APP_GROUP                    node1→*
1573  L=1905  [node1 ] SEND     APP_GROUP                    node1→*
1574  L=1906  [node1 ] SEND     APP_GROUP                    node1→*
1575  L=1907  [node1 ] SEND     APP_GROUP                    node1→*
1576  L=1908  [node1 ] SEND     APP_GROUP                    node1→*
1577  L=1909  [node1 ] SEND     APP_GROUP                    node1→*
1578  L=1911  [node1 ] SEND     APP_CREATE_GROUP             node1→*
1579  L=1912  [node1 ] SEND     APP_GROUP                    node1→*
1580  L=1913  [node1 ] SEND     APP_GROUP                    node1→*
1581  L=1914  [node1 ] SEND     APP_GROUP                    node1→*
1582  L=1916  [node1 ] SEND     APP_GROUP                    node1→*
1583  L=1917  [node1 ] SEND     APP_CREATE_GROUP             node1→*
1584  L=1918  [node1 ] SEND     APP_GROUP                    node1→*
1585  L=1919  [node1 ] SEND     APP_GROUP                    node1→*
1586  L=1920  [node1 ] SEND     APP_GROUP                    node1→*
1587  L=1921  [node1 ] SEND     APP_GROUP                    node1→*
1588  L=1923  [node1 ] SEND     APP_GROUP                    node1→*
1589  L=1924  [node1 ] SEND     APP_GROUP                    node1→*
1590  L=1925  [node1 ] SEND     APP_GROUP                    node1→*
1591  L=1926  [node1 ] SEND     APP_GROUP                    node1→*
1592  L=1927  [node1 ] SEND     APP_CREATE_GROUP             node1→*
1593  L=1929  [node1 ] SEND     APP_GROUP                    node1→*
1594  L=1930  [node1 ] SEND     APP_GROUP                    node1→*
1595  L=1931  [node1 ] SEND     APP_GROUP                    node1→*
1596  L=1932  [node1 ] SEND     APP_GROUP                    node1→*
1599  L=1934  [node1 ] SEND     APP_CREATE_GROUP             node1→*
1597  L=1935  [node1 ] SEND     APP_GROUP                    node1→*
1598  L=1936  [node1 ] SEND     APP_GROUP                    node1→*
1600  L=1937  [node1 ] SEND     APP_GROUP                    node1→*
1601  L=1938  [node1 ] SEND     APP_CREATE_GROUP             node1→*
1602  L=1940  [node1 ] SEND     APP_GROUP                    node1→*
1603  L=1941  [node1 ] SEND     APP_GROUP                    node1→*
1604  L=1942  [node1 ] SEND     APP_GROUP                    node1→*
1605  L=1943  [node1 ] SEND     APP_GROUP                    node1→*
1606  L=1944  [node1 ] SEND     APP_GROUP                    node1→*
1607  L=1945  [node1 ] SEND     APP_GROUP                    node1→*
1608  L=1946  [node1 ] SEND     APP_GROUP                    node1→*
1609  L=1947  [node1 ] SEND     APP_GROUP                    node1→*
1610  L=1948  [node1 ] SEND     APP_GROUP                    node1→*
1611  L=1949  [node1 ] SEND     APP_GROUP                    node1→*
1612  L=1950  [node1 ] SEND     APP_GROUP                    node1→*
1613  L=1951  [node1 ] SEND     APP_GROUP                    node1→*
1614  L=1952  [node1 ] SEND     APP_CREATE_GROUP             node1→*
1615  L=1953  [node1 ] SEND     APP_GROUP                    node1→*
1616  L=1954  [node1 ] SEND     APP_GROUP                    node1→*
1617  L=1955  [node1 ] SEND     APP_GROUP                    node1→*
1618  L=1956  [node1 ] SEND     APP_GROUP                    node1→*
1619  L=1958  [node1 ] SEND     APP_CREATE_GROUP             node1→*
1620  L=1959  [node1 ] SEND     APP_GROUP                    node1→*
1621  L=1960  [node1 ] SEND     APP_GROUP                    node1→*
1622  L=1961  [node1 ] SEND     APP_GROUP                    node1→*
1623  L=1962  [node1 ] SEND     APP_GROUP                    node1→*
1624  L=1963  [node1 ] SEND     APP_GROUP                    node1→*
1625  L=1964  [node1 ] SEND     APP_GROUP                    node1→*
1626  L=1965  [node1 ] SEND     APP_GROUP                    node1→*
1627  L=1966  [node1 ] SEND     APP_GROUP                    node1→*
1628  L=1967  [node1 ] SEND     APP_GROUP                    node1→*
1629  L=1968  [node1 ] SEND     APP_GROUP                    node1→*
1630  L=1969  [node1 ] SEND     APP_GROUP                    node1→*
1631  L=1970  [node1 ] SEND     APP_GROUP                    node1→*
1632  L=1971  [node1 ] SEND     APP_GROUP                    node1→*
1633  L=1972  [node1 ] SEND     APP_GROUP                    node1→*
1634  L=1973  [node1 ] SEND     APP_GROUP                    node1→*
1635  L=1974  [node1 ] SEND     APP_GROUP                    node1→*
1636  L=1976  [node1 ] SEND     APP_GROUP                    node1→*
1637  L=1977  [node1 ] SEND     APP_GROUP                    node1→*
1638  L=1978  [node1 ] SEND     APP_GROUP                    node1→*
1639  L=1979  [node1 ] SEND     APP_GROUP                    node1→*
1640  L=1980  [node1 ] SEND     APP_GROUP                    node1→*
1641  L=1981  [node1 ] SEND     APP_GROUP                    node1→*
1642  L=1982  [node1 ] SEND     APP_GROUP                    node1→*
1643  L=1983  [node1 ] SEND     APP_GROUP                    node1→*
1644  L=1985  [node1 ] SEND     APP_CREATE_GROUP             node1→*
1645  L=1987  [node1 ] SEND     APP_CREATE_GROUP             node1→*
1646  L=1988  [node1 ] SEND     APP_CREATE_GROUP             node1→*
1647  L=1989  [node1 ] SEND     APP_GROUP                    node1→*
1648  L=1990  [node1 ] SEND     APP_GROUP                    node1→*
1649  L=1991  [node1 ] SEND     APP_GROUP                    node1→*
1650  L=1992  [node1 ] SEND     APP_GROUP                    node1→*
1651  L=1993  [node1 ] SEND     APP_GROUP                    node1→*
1652  L=1994  [node1 ] SEND     APP_GROUP                    node1→*
1653  L=1995  [node1 ] SEND     APP_GROUP                    node1→*
1654  L=1996  [node1 ] SEND     APP_GROUP                    node1→*
1655  L=1997  [node1 ] SEND     APP_GROUP                    node1→*
1656  L=1998  [node1 ] SEND     APP_GROUP                    node1→*
1657  L=2000  [node1 ] SEND     APP_CREATE_GROUP             node1→*
1658  L=2001  [node1 ] SEND     APP_GROUP                    node1→*
1659  L=2002  [node1 ] SEND     APP_GROUP                    node1→*
1660  L=2003  [node1 ] SEND     APP_GROUP                    node1→*
1661  L=2004  [node1 ] SEND     APP_GROUP                    node1→*
1662  L=2005  [node1 ] SEND     APP_GROUP                    node1→*
1663  L=2006  [node1 ] SEND     APP_GROUP                    node1→*
1664  L=2007  [node1 ] SEND     APP_GROUP                    node1→*
1665  L=2008  [node1 ] SEND     APP_GROUP                    node1→*
1666  L=2009  [node1 ] SEND     APP_GROUP                    node1→*
1667  L=2010  [node1 ] SEND     APP_GROUP                    node1→*
1668  L=2011  [node1 ] SEND     APP_GROUP                    node1→*
1669  L=2012  [node1 ] SEND     APP_GROUP                    node1→*
1670  L=2013  [node1 ] SEND     APP_GROUP                    node1→*
1671  L=2014  [node1 ] SEND     APP_GROUP                    node1→*
1672  L=2015  [node1 ] SEND     APP_GROUP                    node1→*
1673  L=2016  [node1 ] SEND     APP_GROUP                    node1→*
1674  L=2017  [node1 ] SEND     APP_GROUP                    node1→*
1675  L=2018  [node1 ] SEND     APP_GROUP                    node1→*
1676  L=2019  [node1 ] SEND     APP_GROUP                    node1→*
1677  L=2020  [node1 ] SEND     APP_GROUP                    node1→*
1678  L=2021  [node1 ] SEND     APP_GROUP                    node1→*
1679  L=2022  [node1 ] SEND     APP_GROUP                    node1→*
1680  L=2023  [node1 ] SEND     APP_GROUP                    node1→*
1681  L=2024  [node1 ] SEND     APP_GROUP                    node1→*
1682  L=2025  [node1 ] SEND     APP_GROUP                    node1→*
1683  L=2026  [node1 ] SEND     APP_GROUP                    node1→*
1684  L=2027  [node1 ] SEND     APP_GROUP                    node1→*
1685  L=2028  [node1 ] SEND     APP_GROUP                    node1→*
1686  L=2029  [node1 ] SEND     APP_GROUP                    node1→*
1687  L=2030  [node1 ] SEND     APP_GROUP                    node1→*
1688  L=2031  [node1 ] SEND     APP_GROUP                    node1→*
1689  L=2032  [node1 ] SEND     APP_GROUP                    node1→*
1690  L=2033  [node1 ] SEND     APP_GROUP                    node1→*
1691  L=2035  [node1 ] SEND     APP_CREATE_GROUP             node1→*
1692  L=2036  [node1 ] SEND     APP_GROUP                    node1→*
1693  L=2037  [node1 ] SEND     APP_GROUP                    node1→*
1694  L=2038  [node1 ] SEND     APP_GROUP                    node1→*
1695  L=2039  [node1 ] SEND     APP_GROUP                    node1→*
1696  L=2040  [node1 ] SEND     APP_GROUP                    node1→*
1697  L=2041  [node1 ] SEND     APP_GROUP                    node1→*
1698  L=2042  [node1 ] SEND     APP_GROUP                    node1→*
1699  L=2043  [node1 ] SEND     APP_GROUP                    node1→*
1700  L=2044  [node1 ] SEND     APP_GROUP                    node1→*
1701  L=2045  [node1 ] SEND     APP_GROUP                    node1→*
1702  L=2046  [node1 ] SEND     APP_GROUP                    node1→*
1703  L=2047  [node1 ] SEND     APP_GROUP                    node1→*
1704  L=2048  [node1 ] SEND     APP_GROUP                    node1→*
1705  L=2049  [node1 ] SEND     APP_GROUP                    node1→*
1706  L=2050  [node1 ] SEND     APP_GROUP                    node1→*
1707  L=2051  [node1 ] SEND     APP_GROUP                    node1→*
1708  L=2052  [node1 ] SEND     APP_GROUP                    node1→*
1709  L=2053  [node1 ] SEND     APP_GROUP                    node1→*
1710  L=2054  [node1 ] SEND     APP_GROUP                    node1→*
1711  L=2055  [node1 ] SEND     APP_GROUP                    node1→*
1712  L=2056  [node1 ] SEND     APP_GROUP                    node1→*
1713  L=2057  [node1 ] SEND     APP_GROUP                    node1→*
1714  L=2058  [node1 ] SEND     APP_GROUP                    node1→*
1715  L=2059  [node1 ] SEND     APP_GROUP                    node1→*
1716  L=2060  [node1 ] SEND     APP_GROUP                    node1→*
1717  L=2061  [node1 ] SEND     APP_GROUP                    node1→*
1718  L=2062  [node1 ] SEND     APP_GROUP                    node1→*
1719  L=2063  [node1 ] SEND     APP_GROUP                    node1→*
1720  L=2064  [node1 ] SEND     APP_GROUP                    node1→*
1721  L=2065  [node1 ] SEND     APP_GROUP                    node1→*
1722  L=2066  [node1 ] SEND     APP_GROUP                    node1→*
1723  L=2067  [node1 ] SEND     APP_GROUP                    node1→*
1724  L=2068  [node1 ] SEND     APP_GROUP                    node1→*
1725  L=2069  [node1 ] SEND     APP_GROUP                    node1→*
1726  L=2070  [node1 ] SEND     APP_GROUP                    node1→*
1727  L=2071  [node1 ] SEND     APP_GROUP                    node1→*
1728  L=2072  [node1 ] SEND     APP_GROUP                    node1→*
1729  L=2073  [node1 ] SEND     APP_GROUP                    node1→*
1730  L=2074  [node1 ] SEND     APP_GROUP                    node1→*
1731  L=2075  [node1 ] SEND     APP_GROUP                    node1→*
1732  L=2076  [node1 ] SEND     APP_GROUP                    node1→*
1733  L=2077  [node1 ] SEND     APP_GROUP                    node1→*
1734  L=2078  [node1 ] SEND     APP_GROUP                    node1→*
1735  L=2080  [node1 ] SEND     APP_CREATE_GROUP             node1→*
1736  L=2081  [node1 ] SEND     APP_GROUP                    node1→*
1737  L=2082  [node1 ] SEND     APP_GROUP                    node1→*
1738  L=2083  [node1 ] SEND     APP_GROUP                    node1→*
1739  L=2084  [node1 ] SEND     APP_GROUP                    node1→*
1740  L=2086  [node1 ] SEND     APP_GROUP                    node1→*
1741  L=2087  [node1 ] SEND     APP_GROUP                    node1→*
1742  L=2088  [node1 ] SEND     APP_GROUP                    node1→*
1743  L=2089  [node1 ] SEND     APP_GROUP                    node1→*
1744  L=2090  [node1 ] SEND     APP_GROUP                    node1→*
1746  L=2091  [node1 ] SEND     APP_GROUP                    node1→*
1745  L=2092  [node1 ] SEND     APP_GROUP                    node1→*
1747  L=2093  [node1 ] SEND     APP_GROUP                    node1→*
1748  L=2094  [node1 ] SEND     APP_GROUP                    node1→*
1749  L=2095  [node1 ] SEND     APP_CREATE_GROUP             node1→*
1750  L=2097  [node1 ] SEND     APP_CREATE_GROUP             node1→*
1751  L=2098  [node1 ] SEND     APP_GROUP                    node1→*
1752  L=2099  [node1 ] SEND     APP_GROUP                    node1→*
1753  L=2101  [node1 ] SEND     APP_GROUP                    node1→*
1754  L=2102  [node1 ] SEND     APP_GROUP                    node1→*
1755  L=2103  [node1 ] SEND     APP_GROUP                    node1→*
1756  L=2104  [node1 ] SEND     APP_GROUP                    node1→*
1757  L=2105  [node1 ] SEND     APP_CREATE_GROUP             node1→*
1758  L=2106  [node1 ] SEND     APP_GROUP                    node1→*
1759  L=2107  [node1 ] SEND     APP_GROUP                    node1→*
1760  L=2108  [node1 ] SEND     APP_GROUP                    node1→*
1761  L=2109  [node1 ] SEND     APP_GROUP                    node1→*
1762  L=2110  [node1 ] SEND     APP_GROUP                    node1→*
1763  L=2111  [node1 ] SEND     APP_GROUP                    node1→*
1764  L=2112  [node1 ] SEND     APP_GROUP                    node1→*
1765  L=2113  [node1 ] SEND     APP_GROUP                    node1→*
1766  L=2114  [node1 ] SEND     APP_GROUP                    node1→*
1767  L=2115  [node1 ] SEND     APP_GROUP                    node1→*
1768  L=2116  [node1 ] SEND     APP_GROUP                    node1→*
1769  L=2118  [node1 ] SEND     APP_GROUP                    node1→*
1770  L=2119  [node1 ] SEND     APP_GROUP                    node1→*
1771  L=2120  [node1 ] SEND     APP_GROUP                    node1→*
1772  L=2121  [node1 ] SEND     APP_CREATE_GROUP             node1→*
1773  L=2122  [node1 ] SEND     APP_GROUP                    node1→*
1774  L=2123  [node1 ] SEND     APP_GROUP                    node1→*
1775  L=2124  [node1 ] SEND     APP_GROUP                    node1→*
1776  L=2125  [node1 ] SEND     APP_GROUP                    node1→*
1777  L=2126  [node1 ] SEND     APP_GROUP                    node1→*
1778  L=2127  [node1 ] SEND     APP_GROUP                    node1→*
1779  L=2128  [node1 ] SEND     APP_GROUP                    node1→*
1780  L=2129  [node1 ] SEND     APP_GROUP                    node1→*
1781  L=2130  [node1 ] SEND     APP_GROUP                    node1→*
1782  L=2132  [node1 ] SEND     APP_CREATE_GROUP             node1→*
1783  L=2133  [node1 ] SEND     APP_GROUP                    node1→*
1784  L=2134  [node1 ] SEND     APP_GROUP                    node1→*
1785  L=2135  [node1 ] SEND     APP_GROUP                    node1→*
1786  L=2136  [node1 ] SEND     APP_GROUP                    node1→*
1787  L=2137  [node1 ] SEND     APP_GROUP                    node1→*
1788  L=2138  [node1 ] SEND     APP_GROUP                    node1→*
1789  L=2139  [node1 ] SEND     APP_GROUP                    node1→*
1790  L=2140  [node1 ] SEND     APP_GROUP                    node1→*
1791  L=2141  [node1 ] SEND     APP_GROUP                    node1→*
1792  L=2142  [node1 ] SEND     APP_GROUP                    node1→*
1793  L=2143  [node1 ] SEND     APP_GROUP                    node1→*
1794  L=2144  [node1 ] SEND     APP_GROUP                    node1→*
1795  L=2145  [node1 ] SEND     APP_GROUP                    node1→*
1796  L=2146  [node1 ] SEND     APP_GROUP                    node1→*
1797  L=2147  [node1 ] SEND     APP_GROUP                    node1→*
1798  L=2148  [node1 ] SEND     APP_GROUP                    node1→*
1799  L=2149  [node1 ] SEND     APP_GROUP                    node1→*
1800  L=2150  [node1 ] SEND     APP_GROUP                    node1→*
1801  L=2151  [node1 ] SEND     APP_GROUP                    node1→*
1802  L=2153  [node1 ] SEND     APP_GROUP                    node1→*
1803  L=2154  [node1 ] SEND     APP_GROUP                    node1→*
1804  L=2155  [node1 ] SEND     APP_GROUP                    node1→*
1805  L=2156  [node1 ] SEND     APP_GROUP                    node1→*
1806  L=2157  [node1 ] SEND     APP_CREATE_GROUP             node1→*
1807  L=2158  [node1 ] SEND     APP_GROUP                    node1→*
1808  L=2159  [node1 ] SEND     APP_GROUP                    node1→*
1809  L=2160  [node1 ] SEND     APP_GROUP                    node1→*
1810  L=2161  [node1 ] SEND     APP_GROUP                    node1→*
1811  L=2162  [node1 ] SEND     APP_GROUP                    node1→*
1812  L=2163  [node1 ] SEND     APP_GROUP                    node1→*
1813  L=2165  [node1 ] SEND     APP_CREATE_GROUP             node1→*
1814  L=2166  [node1 ] SEND     APP_GROUP                    node1→*
1815  L=2167  [node1 ] SEND     APP_GROUP                    node1→*
1816  L=2168  [node1 ] SEND     APP_GROUP                    node1→*
1817  L=2169  [node1 ] SEND     APP_GROUP                    node1→*
1818  L=2170  [node1 ] SEND     APP_GROUP                    node1→*
1819  L=2171  [node1 ] SEND     APP_GROUP                    node1→*
1820  L=2172  [node1 ] SEND     APP_GROUP                    node1→*
1821  L=2173  [node1 ] SEND     APP_GROUP                    node1→*
1822  L=2174  [node1 ] SEND     APP_GROUP                    node1→*
1823  L=2175  [node1 ] SEND     APP_GROUP                    node1→*
1824  L=2176  [node1 ] SEND     APP_GROUP                    node1→*
1825  L=2177  [node1 ] SEND     APP_GROUP                    node1→*
1826  L=2178  [node1 ] SEND     APP_GROUP                    node1→*
1827  L=2179  [node1 ] SEND     APP_GROUP                    node1→*
1828  L=2181  [node1 ] SEND     APP_GROUP                    node1→*
1829  L=2182  [node1 ] SEND     APP_GROUP                    node1→*
1830  L=2183  [node1 ] SEND     APP_GROUP                    node1→*
1831  L=2184  [node1 ] SEND     APP_GROUP                    node1→*
1832  L=2185  [node1 ] SEND     APP_GROUP                    node1→*
1833  L=2186  [node1 ] SEND     APP_GROUP                    node1→*
1834  L=2187  [node1 ] SEND     APP_GROUP                    node1→*
1835  L=2188  [node1 ] SEND     APP_CREATE_GROUP             node1→*
1836  L=2190  [node1 ] SEND     APP_CREATE_GROUP             node1→*
1837  L=2191  [node1 ] SEND     APP_GROUP                    node1→*
1838  L=2193  [node1 ] SEND     APP_GROUP                    node1→*
1839  L=2194  [node1 ] SEND     APP_GROUP                    node1→*
1840  L=2195  [node1 ] SEND     APP_GROUP                    node1→*
1841  L=2196  [node1 ] SEND     APP_GROUP                    node1→*
1842  L=2197  [node1 ] SEND     APP_GROUP                    node1→*
1843  L=2198  [node1 ] SEND     APP_GROUP                    node1→*
1844  L=2199  [node1 ] SEND     APP_GROUP                    node1→*
1845  L=2200  [node1 ] SEND     APP_GROUP                    node1→*
1846  L=2201  [node1 ] SEND     APP_GROUP                    node1→*
1847  L=2202  [node1 ] SEND     APP_GROUP                    node1→*
1848  L=2203  [node1 ] SEND     APP_GROUP                    node1→*
1849  L=2204  [node1 ] SEND     APP_GROUP                    node1→*
1850  L=2205  [node1 ] SEND     APP_CREATE_GROUP             node1→*
1851  L=2207  [node1 ] SEND     APP_GROUP                    node1→*
1852  L=2208  [node1 ] SEND     APP_GROUP                    node1→*
1853  L=2209  [node1 ] SEND     APP_GROUP                    node1→*
1854  L=2210  [node1 ] SEND     APP_GROUP                    node1→*
1856  L=2211  [node1 ] SEND     APP_CREATE_GROUP             node1→*
1855  L=2212  [node1 ] SEND     APP_GROUP                    node1→*
1857  L=2213  [node1 ] SEND     APP_GROUP                    node1→*
1858  L=2214  [node1 ] SEND     APP_GROUP                    node1→*
1859  L=2215  [node1 ] SEND     APP_GROUP                    node1→*
1860  L=2216  [node1 ] SEND     APP_GROUP                    node1→*
1861  L=2217  [node1 ] SEND     APP_GROUP                    node1→*
1862  L=2218  [node1 ] SEND     APP_GROUP                    node1→*
1863  L=2220  [node1 ] SEND     APP_CREATE_GROUP             node1→*
1864  L=2222  [node1 ] SEND     APP_GROUP                    node1→*
1865  L=2223  [node1 ] SEND     APP_GROUP                    node1→*
1866  L=2224  [node1 ] SEND     APP_CREATE_GROUP             node1→*
1867  L=2225  [node1 ] SEND     APP_GROUP                    node1→*
1868  L=2226  [node1 ] SEND     APP_GROUP                    node1→*
1869  L=2227  [node1 ] SEND     APP_GROUP                    node1→*
1870  L=2228  [node1 ] SEND     APP_GROUP                    node1→*
1871  L=2229  [node1 ] SEND     APP_GROUP                    node1→*
1872  L=2230  [node1 ] SEND     APP_GROUP                    node1→*
1873  L=2231  [node1 ] SEND     APP_GROUP                    node1→*
1874  L=2232  [node1 ] SEND     APP_GROUP                    node1→*
1875  L=2233  [node1 ] SEND     APP_GROUP                    node1→*
1876  L=2234  [node1 ] SEND     APP_GROUP                    node1→*
1877  L=2235  [node1 ] SEND     APP_GROUP                    node1→*
1878  L=2236  [node1 ] SEND     APP_GROUP                    node1→*
1879  L=2237  [node1 ] SEND     APP_GROUP                    node1→*
1880  L=2238  [node1 ] SEND     APP_GROUP                    node1→*
1881  L=2239  [node1 ] SEND     APP_GROUP                    node1→*
1882  L=2240  [node1 ] SEND     APP_GROUP                    node1→*
1883  L=2241  [node1 ] SEND     APP_GROUP                    node1→*
1884  L=2242  [node1 ] SEND     APP_GROUP                    node1→*
1885  L=2243  [node1 ] SEND     APP_GROUP                    node1→*
1886  L=2244  [node1 ] SEND     APP_GROUP                    node1→*
1887  L=2246  [node1 ] SEND     APP_CREATE_GROUP             node1→*
1888  L=2247  [node1 ] SEND     APP_GROUP                    node1→*
1889  L=2248  [node1 ] SEND     APP_GROUP                    node1→*
1890  L=2249  [node1 ] SEND     APP_GROUP                    node1→*
1891  L=2250  [node1 ] SEND     APP_GROUP                    node1→*
1892  L=2251  [node1 ] SEND     APP_GROUP                    node1→*
1893  L=2252  [node1 ] SEND     APP_GROUP                    node1→*
1894  L=2253  [node1 ] SEND     APP_GROUP                    node1→*
1895  L=2254  [node1 ] SEND     APP_GROUP                    node1→*
1896  L=2255  [node1 ] SEND     APP_GROUP                    node1→*
1897  L=2256  [node1 ] SEND     APP_GROUP                    node1→*
1898  L=2257  [node1 ] SEND     APP_GROUP                    node1→*
1899  L=2258  [node1 ] SEND     APP_GROUP                    node1→*
1900  L=2259  [node1 ] SEND     APP_GROUP                    node1→*
1901  L=2260  [node1 ] SEND     APP_GROUP                    node1→*
1902  L=2261  [node1 ] SEND     APP_GROUP                    node1→*
1903  L=2263  [node1 ] SEND     APP_GROUP                    node1→*
1904  L=2264  [node1 ] SEND     APP_GROUP                    node1→*
1905  L=2265  [node1 ] SEND     APP_GROUP                    node1→*
1906  L=2266  [node1 ] SEND     APP_GROUP                    node1→*
1907  L=2267  [node1 ] SEND     APP_GROUP                    node1→*
1908  L=2268  [node1 ] SEND     APP_GROUP                    node1→*
1909  L=2269  [node1 ] SEND     APP_GROUP                    node1→*
1910  L=2270  [node1 ] SEND     APP_GROUP                    node1→*
1911  L=2271  [node1 ] SEND     APP_GROUP                    node1→*
1912  L=2272  [node1 ] SEND     APP_GROUP                    node1→*
1913  L=2273  [node1 ] SEND     APP_CREATE_GROUP             node1→*
1914  L=2274  [node1 ] SEND     APP_GROUP                    node1→*
1915  L=2275  [node1 ] SEND     APP_GROUP                    node1→*
1916  L=2276  [node1 ] SEND     APP_GROUP                    node1→*
1917  L=2277  [node1 ] SEND     APP_GROUP                    node1→*
1918  L=2278  [node1 ] SEND     APP_GROUP                    node1→*
1919  L=2280  [node1 ] SEND     APP_CREATE_GROUP             node1→*
1920  L=2281  [node1 ] SEND     APP_GROUP                    node1→*
1921  L=2282  [node1 ] SEND     APP_GROUP                    node1→*
1922  L=2283  [node1 ] SEND     APP_GROUP                    node1→*
1923  L=2284  [node1 ] SEND     APP_GROUP                    node1→*
1924  L=2285  [node1 ] SEND     APP_GROUP                    node1→*
1925  L=2286  [node1 ] SEND     APP_GROUP                    node1→*
1926  L=2287  [node1 ] SEND     APP_GROUP                    node1→*
1927  L=2289  [node1 ] SEND     APP_GROUP                    node1→*
1928  L=2290  [node1 ] SEND     APP_CREATE_GROUP             node1→*
1929  L=2291  [node1 ] SEND     APP_GROUP                    node1→*
1930  L=2292  [node1 ] SEND     APP_GROUP                    node1→*
1931  L=2293  [node1 ] SEND     APP_GROUP                    node1→*
1932  L=2294  [node1 ] SEND     APP_GROUP                    node1→*
1933  L=2295  [node1 ] SEND     APP_GROUP                    node1→*
1934  L=2296  [node1 ] SEND     APP_GROUP                    node1→*
1935  L=2297  [node1 ] SEND     APP_GROUP                    node1→*
1936  L=2298  [node1 ] SEND     APP_GROUP                    node1→*
1937  L=2299  [node1 ] SEND     APP_GROUP                    node1→*
1938  L=2300  [node1 ] SEND     APP_GROUP                    node1→*
1939  L=2301  [node1 ] SEND     APP_GROUP                    node1→*
1940  L=2302  [node1 ] SEND     APP_GROUP                    node1→*
1941  L=2304  [node1 ] SEND     APP_CREATE_GROUP             node1→*
1942  L=2305  [node1 ] SEND     APP_GROUP                    node1→*
1943  L=2307  [node1 ] SEND     APP_CREATE_GROUP             node1→*
1944  L=2309  [node1 ] SEND     APP_CREATE_GROUP             node1→*
1945  L=2310  [node1 ] SEND     APP_GROUP                    node1→*
1946  L=2311  [node1 ] SEND     APP_GROUP                    node1→*
1947  L=2312  [node1 ] SEND     APP_GROUP                    node1→*
1948  L=2313  [node1 ] SEND     APP_GROUP                    node1→*
1949  L=2314  [node1 ] SEND     APP_GROUP                    node1→*
1950  L=2316  [node1 ] SEND     APP_GROUP                    node1→*
1951  L=2317  [node1 ] SEND     APP_GROUP                    node1→*
1952  L=2318  [node1 ] SEND     APP_GROUP                    node1→*
1953  L=2319  [node1 ] SEND     APP_CREATE_GROUP             node1→*
1954  L=2320  [node1 ] SEND     APP_GROUP                    node1→*
1955  L=2321  [node1 ] SEND     APP_GROUP                    node1→*
1956  L=2322  [node1 ] SEND     APP_GROUP                    node1→*
1957  L=2323  [node1 ] SEND     APP_GROUP                    node1→*
1958  L=2325  [node1 ] SEND     APP_GROUP                    node1→*
1959  L=2326  [node1 ] SEND     APP_GROUP                    node1→*
1960  L=2327  [node1 ] SEND     APP_GROUP                    node1→*
1961  L=2328  [node1 ] SEND     APP_GROUP                    node1→*
1962  L=2329  [node1 ] SEND     APP_GROUP                    node1→*
1963  L=2330  [node1 ] SEND     APP_GROUP                    node1→*
1964  L=2331  [node1 ] SEND     APP_GROUP                    node1→*
1965  L=2332  [node1 ] SEND     APP_GROUP                    node1→*
1966  L=2333  [node1 ] SEND     APP_CREATE_GROUP             node1→*
1967  L=2335  [node1 ] SEND     APP_GROUP                    node1→*
1968  L=2336  [node1 ] SEND     APP_GROUP                    node1→*
1969  L=2337  [node1 ] SEND     APP_GROUP                    node1→*
1970  L=2338  [node1 ] SEND     APP_CREATE_GROUP             node1→*
1971  L=2339  [node1 ] SEND     APP_GROUP                    node1→*
1972  L=2340  [node1 ] SEND     APP_GROUP                    node1→*
1973  L=2341  [node1 ] SEND     APP_GROUP                    node1→*
1974  L=2342  [node1 ] SEND     APP_GROUP                    node1→*
1975  L=2343  [node1 ] SEND     APP_GROUP                    node1→*
1976  L=2344  [node1 ] SEND     APP_GROUP                    node1→*
1977  L=2345  [node1 ] SEND     APP_GROUP                    node1→*
1978  L=2346  [node1 ] SEND     APP_GROUP                    node1→*
1980  L=2347  [node1 ] SEND     APP_GROUP                    node1→*
1979  L=2348  [node1 ] SEND     APP_GROUP                    node1→*
1981  L=2349  [node1 ] SEND     APP_GROUP                    node1→*
1982  L=2350  [node1 ] SEND     APP_GROUP                    node1→*
1983  L=2351  [node1 ] SEND     APP_GROUP                    node1→*
1984  L=2352  [node1 ] SEND     APP_GROUP                    node1→*
1985  L=2353  [node1 ] SEND     APP_GROUP                    node1→*
1986  L=2354  [node1 ] SEND     APP_GROUP                    node1→*
1987  L=2355  [node1 ] SEND     APP_GROUP                    node1→*
1989  L=2356  [node1 ] SEND     APP_GROUP                    node1→*
1988  L=2357  [node1 ] SEND     APP_GROUP                    node1→*
1990  L=2358  [node1 ] SEND     APP_GROUP                    node1→*
1991  L=2359  [node1 ] SEND     APP_GROUP                    node1→*
1992  L=2360  [node1 ] SEND     APP_GROUP                    node1→*
1993  L=2361  [node1 ] SEND     APP_GROUP                    node1→*
1994  L=2362  [node1 ] SEND     APP_GROUP                    node1→*
1995  L=2363  [node1 ] SEND     APP_GROUP                    node1→*
1996  L=2364  [node1 ] SEND     APP_GROUP                    node1→*
1997  L=2365  [node1 ] SEND     APP_GROUP                    node1→*
1998  L=2366  [node1 ] SEND     APP_GROUP                    node1→*
1999  L=2367  [node1 ] SEND     APP_GROUP                    node1→*
2000  L=2368  [node1 ] SEND     APP_GROUP                    node1→*
2001  L=2369  [node1 ] SEND     APP_GROUP                    node1→*
2002  L=2370  [node1 ] SEND     APP_GROUP                    node1→*
2005  L=2371  [node1 ] SEND     APP_GROUP                    node1→*
2003  L=2372  [node1 ] SEND     APP_GROUP                    node1→*
2004  L=2373  [node1 ] SEND     APP_GROUP                    node1→*
2006  L=2374  [node1 ] SEND     APP_GROUP                    node1→*
2007  L=2375  [node1 ] SEND     APP_GROUP                    node1→*
2008  L=2377  [node1 ] SEND     APP_CREATE_GROUP             node1→*
2009  L=2378  [node1 ] SEND     APP_GROUP                    node1→*
2010  L=2379  [node1 ] SEND     APP_GROUP                    node1→*
2011  L=2380  [node1 ] SEND     APP_GROUP                    node1→*
2012  L=2381  [node1 ] SEND     APP_GROUP                    node1→*
2013  L=2382  [node1 ] SEND     APP_GROUP                    node1→*
2014  L=2384  [node1 ] SEND     APP_GROUP                    node1→*
2015  L=2385  [node1 ] SEND     APP_GROUP                    node1→*
2016  L=2386  [node1 ] SEND     APP_GROUP                    node1→*
2017  L=2387  [node1 ] SEND     APP_GROUP                    node1→*
2018  L=2388  [node1 ] SEND     APP_CREATE_GROUP             node1→*
2019  L=2390  [node1 ] SEND     APP_CREATE_GROUP             node1→*
2020  L=2391  [node1 ] SEND     APP_GROUP                    node1→*
2021  L=2392  [node1 ] SEND     APP_GROUP                    node1→*
2022  L=2393  [node1 ] SEND     APP_GROUP                    node1→*
2023  L=2394  [node1 ] SEND     APP_GROUP                    node1→*
2024  L=2395  [node1 ] SEND     APP_GROUP                    node1→*
2025  L=2396  [node1 ] SEND     APP_GROUP                    node1→*
2026  L=2397  [node1 ] SEND     APP_GROUP                    node1→*
2027  L=2398  [node1 ] SEND     APP_GROUP                    node1→*
2028  L=2399  [node1 ] SEND     APP_GROUP                    node1→*
2029  L=2400  [node1 ] SEND     APP_GROUP                    node1→*
2030  L=2401  [node1 ] SEND     APP_GROUP                    node1→*
2031  L=2402  [node1 ] SEND     APP_GROUP                    node1→*
2032  L=2403  [node1 ] SEND     APP_GROUP                    node1→*
2033  L=2404  [node1 ] SEND     APP_GROUP                    node1→*
2034  L=2405  [node1 ] SEND     APP_GROUP                    node1→*
2035  L=2407  [node1 ] SEND     APP_GROUP                    node1→*
2036  L=2408  [node1 ] SEND     APP_GROUP                    node1→*
2037  L=2409  [node1 ] SEND     APP_GROUP                    node1→*
2038  L=2410  [node1 ] SEND     APP_GROUP                    node1→*
2039  L=2411  [node1 ] SEND     APP_GROUP                    node1→*
2040  L=2412  [node1 ] SEND     APP_GROUP                    node1→*
2041  L=2413  [node1 ] SEND     APP_CREATE_GROUP             node1→*
2042  L=2414  [node1 ] SEND     APP_GROUP                    node1→*
2043  L=2415  [node1 ] SEND     APP_GROUP                    node1→*
2044  L=2416  [node1 ] SEND     APP_GROUP                    node1→*
2045  L=2418  [node1 ] SEND     APP_CREATE_GROUP             node1→*
2046  L=2419  [node1 ] SEND     APP_GROUP                    node1→*
2047  L=2420  [node1 ] SEND     APP_GROUP                    node1→*
2048  L=2421  [node1 ] SEND     APP_GROUP                    node1→*
2049  L=2422  [node1 ] SEND     APP_GROUP                    node1→*
2050  L=2423  [node1 ] SEND     APP_GROUP                    node1→*
2051  L=2424  [node1 ] SEND     APP_GROUP                    node1→*
2052  L=2425  [node1 ] SEND     APP_GROUP                    node1→*
2053  L=2426  [node1 ] SEND     APP_GROUP                    node1→*
2054  L=2428  [node1 ] SEND     APP_CREATE_GROUP             node1→*
2055  L=2429  [node1 ] SEND     APP_GROUP                    node1→*
2056  L=2430  [node1 ] SEND     APP_GROUP                    node1→*
2057  L=2431  [node1 ] SEND     APP_GROUP                    node1→*
2058  L=2432  [node1 ] SEND     APP_GROUP                    node1→*
2059  L=2433  [node1 ] SEND     APP_GROUP                    node1→*
2060  L=2434  [node1 ] SEND     APP_GROUP                    node1→*
2061  L=2435  [node1 ] SEND     APP_GROUP                    node1→*
2062  L=2436  [node1 ] SEND     APP_GROUP                    node1→*
2063  L=2438  [node1 ] SEND     APP_CREATE_GROUP             node1→*
2064  L=2439  [node1 ] SEND     APP_GROUP                    node1→*
2065  L=2440  [node1 ] SEND     APP_GROUP                    node1→*
2066  L=2441  [node1 ] SEND     APP_GROUP                    node1→*
2067  L=2442  [node1 ] SEND     APP_GROUP                    node1→*
2068  L=2443  [node1 ] SEND     APP_GROUP                    node1→*
2069  L=2444  [node1 ] SEND     APP_GROUP                    node1→*
2070  L=2445  [node1 ] SEND     APP_GROUP                    node1→*
2071  L=2446  [node1 ] SEND     APP_GROUP                    node1→*
2072  L=2447  [node1 ] SEND     APP_GROUP                    node1→*
2073  L=2448  [node1 ] SEND     APP_GROUP                    node1→*
2074  L=2449  [node1 ] SEND     APP_GROUP                    node1→*
2075  L=2451  [node1 ] SEND     APP_GROUP                    node1→*
2076  L=2452  [node1 ] SEND     APP_GROUP                    node1→*
2077  L=2453  [node1 ] SEND     APP_GROUP                    node1→*
2078  L=2454  [node1 ] SEND     APP_GROUP                    node1→*
2079  L=2455  [node1 ] SEND     APP_GROUP                    node1→*
2080  L=2456  [node1 ] SEND     APP_GROUP                    node1→*
2081  L=2457  [node1 ] SEND     APP_GROUP                    node1→*
2082  L=2458  [node1 ] SEND     APP_CREATE_GROUP             node1→*
2083  L=2459  [node1 ] SEND     APP_GROUP                    node1→*
2084  L=2460  [node1 ] SEND     APP_GROUP                    node1→*
2085  L=2461  [node1 ] SEND     APP_GROUP                    node1→*
2086  L=2462  [node1 ] SEND     APP_GROUP                    node1→*
2087  L=2463  [node1 ] SEND     APP_GROUP                    node1→*
2088  L=2464  [node1 ] SEND     APP_GROUP                    node1→*
2089  L=2465  [node1 ] SEND     APP_GROUP                    node1→*
2090  L=2466  [node1 ] SEND     APP_GROUP                    node1→*
2091  L=2467  [node1 ] SEND     APP_GROUP                    node1→*
2092  L=2468  [node1 ] SEND     APP_GROUP                    node1→*
2093  L=2469  [node1 ] SEND     APP_GROUP                    node1→*
2094  L=2470  [node1 ] SEND     APP_GROUP                    node1→*
2095  L=2471  [node1 ] SEND     APP_GROUP                    node1→*
2096  L=2472  [node1 ] SEND     APP_GROUP                    node1→*
2097  L=2473  [node1 ] SEND     APP_GROUP                    node1→*
2098  L=2474  [node1 ] SEND     APP_GROUP                    node1→*
2099  L=2476  [node1 ] SEND     APP_CREATE_GROUP             node1→*
2100  L=2478  [node1 ] SEND     APP_CREATE_GROUP             node1→*
2101  L=2479  [node1 ] SEND     APP_GROUP                    node1→*
2102  L=2480  [node1 ] SEND     APP_GROUP                    node1→*
2103  L=2481  [node1 ] SEND     APP_GROUP                    node1→*
2104  L=2483  [node1 ] SEND     APP_CREATE_GROUP             node1→*
2105  L=2484  [node1 ] SEND     APP_GROUP                    node1→*
2106  L=2485  [node1 ] SEND     APP_GROUP                    node1→*
2107  L=2486  [node1 ] SEND     APP_GROUP                    node1→*
2108  L=2487  [node1 ] SEND     APP_GROUP                    node1→*
2109  L=2488  [node1 ] SEND     APP_GROUP                    node1→*
2110  L=2489  [node1 ] SEND     APP_GROUP                    node1→*
2111  L=2490  [node1 ] SEND     APP_GROUP                    node1→*
2112  L=2491  [node1 ] SEND     APP_GROUP                    node1→*
2113  L=2492  [node1 ] SEND     APP_GROUP                    node1→*
2114  L=2494  [node1 ] SEND     APP_CREATE_GROUP             node1→*
2115  L=2495  [node1 ] SEND     APP_GROUP                    node1→*
2116  L=2497  [node1 ] SEND     APP_GROUP                    node1→*
2117  L=2498  [node1 ] SEND     APP_GROUP                    node1→*
2118  L=2499  [node1 ] SEND     APP_GROUP                    node1→*
2119  L=2500  [node1 ] SEND     APP_GROUP                    node1→*
2120  L=2501  [node1 ] SEND     APP_CREATE_GROUP             node1→*
2121  L=2502  [node1 ] SEND     APP_GROUP                    node1→*
2122  L=2503  [node1 ] SEND     APP_GROUP                    node1→*
2123  L=2505  [node1 ] SEND     APP_GROUP                    node1→*
2124  L=2506  [node1 ] SEND     APP_GROUP                    node1→*
2125  L=2507  [node1 ] SEND     APP_GROUP                    node1→*
2126  L=2508  [node1 ] SEND     APP_GROUP                    node1→*
2127  L=2509  [node1 ] SEND     APP_CREATE_GROUP             node1→*
2128  L=2510  [node1 ] SEND     APP_GROUP                    node1→*
2129  L=2511  [node1 ] SEND     APP_GROUP                    node1→*
2130  L=2513  [node1 ] SEND     APP_CREATE_GROUP             node1→*
2131  L=2515  [node1 ] SEND     APP_GROUP                    node1→*
2132  L=2516  [node1 ] SEND     APP_GROUP                    node1→*
2133  L=2517  [node1 ] SEND     APP_GROUP                    node1→*
2134  L=2518  [node1 ] SEND     APP_GROUP                    node1→*
2135  L=2519  [node1 ] SEND     APP_CREATE_GROUP             node1→*
2136  L=2521  [node1 ] SEND     APP_GROUP                    node1→*
2137  L=2522  [node1 ] SEND     APP_GROUP                    node1→*
2138  L=2523  [node1 ] SEND     APP_GROUP                    node1→*
2139  L=2524  [node1 ] SEND     APP_CREATE_GROUP             node1→*
2140  L=2526  [node1 ] SEND     APP_CREATE_GROUP             node1→*
2141  L=2528  [node1 ] SEND     APP_GROUP                    node1→*
2142  L=2529  [node1 ] SEND     APP_GROUP                    node1→*
2143  L=2530  [node1 ] SEND     APP_GROUP                    node1→*
2144  L=2531  [node1 ] SEND     APP_GROUP                    node1→*
2146  L=2532  [node1 ] SEND     APP_CREATE_GROUP             node1→*
2145  L=2533  [node1 ] SEND     APP_GROUP                    node1→*
2147  L=2534  [node1 ] SEND     APP_GROUP                    node1→*
2148  L=2535  [node1 ] SEND     APP_GROUP                    node1→*
2149  L=2536  [node1 ] SEND     APP_GROUP                    node1→*
2150  L=2537  [node1 ] SEND     APP_GROUP                    node1→*
2151  L=2539  [node1 ] SEND     APP_GROUP                    node1→*
2152  L=2540  [node1 ] SEND     APP_GROUP                    node1→*
2153  L=2541  [node1 ] SEND     APP_GROUP                    node1→*
2154  L=2542  [node1 ] SEND     APP_GROUP                    node1→*
2155  L=2544  [node1 ] SEND     APP_GROUP                    node1→*
2156  L=2545  [node1 ] SEND     APP_GROUP                    node1→*
2157  L=2546  [node1 ] SEND     APP_GROUP                    node1→*
2158  L=2547  [node1 ] SEND     APP_GROUP                    node1→*
2159  L=2548  [node1 ] SEND     APP_CREATE_GROUP             node1→*
2160  L=2549  [node1 ] SEND     APP_CREATE_GROUP             node1→*
2161  L=2550  [node1 ] SEND     APP_GROUP                    node1→*
2162  L=2551  [node1 ] SEND     APP_GROUP                    node1→*
2163  L=2552  [node1 ] SEND     APP_GROUP                    node1→*
2164  L=2554  [node1 ] SEND     APP_GROUP                    node1→*
2165  L=2555  [node1 ] SEND     APP_GROUP                    node1→*
2166  L=2556  [node1 ] SEND     APP_GROUP                    node1→*
2167  L=2557  [node1 ] SEND     APP_CREATE_GROUP             node1→*
2168  L=2559  [node1 ] SEND     APP_GROUP                    node1→*
2169  L=2560  [node1 ] SEND     APP_GROUP                    node1→*
2170  L=2561  [node1 ] SEND     APP_GROUP                    node1→*
2171  L=2562  [node1 ] SEND     APP_GROUP                    node1→*
2172  L=2563  [node1 ] SEND     APP_GROUP                    node1→*
2173  L=2564  [node1 ] SEND     APP_GROUP                    node1→*
2174  L=2565  [node1 ] SEND     APP_CREATE_GROUP             node1→*
2175  L=2566  [node1 ] SEND     APP_GROUP                    node1→*
2176  L=2567  [node1 ] SEND     APP_GROUP                    node1→*
2177  L=2568  [node1 ] SEND     APP_GROUP                    node1→*
2178  L=2569  [node1 ] SEND     APP_GROUP                    node1→*
2179  L=2570  [node1 ] SEND     APP_GROUP                    node1→*
2180  L=2571  [node1 ] SEND     APP_GROUP                    node1→*
2181  L=2572  [node1 ] SEND     APP_GROUP                    node1→*
2182  L=2573  [node1 ] SEND     APP_GROUP                    node1→*
2183  L=2574  [node1 ] SEND     APP_GROUP                    node1→*
2184  L=2575  [node1 ] SEND     APP_GROUP                    node1→*
2185  L=2576  [node1 ] SEND     APP_GROUP                    node1→*
2186  L=2578  [node1 ] SEND     APP_GROUP                    node1→*
2187  L=2579  [node1 ] SEND     APP_GROUP                    node1→*
2188  L=2580  [node1 ] SEND     APP_GROUP                    node1→*
2189  L=2581  [node1 ] SEND     APP_CREATE_GROUP             node1→*
2190  L=2582  [node1 ] SEND     APP_GROUP                    node1→*
2191  L=2583  [node1 ] SEND     APP_GROUP                    node1→*
2192  L=2584  [node1 ] SEND     APP_GROUP                    node1→*
2193  L=2585  [node1 ] SEND     APP_GROUP                    node1→*
2194  L=2586  [node1 ] SEND     APP_GROUP                    node1→*
2195  L=2587  [node1 ] SEND     APP_GROUP                    node1→*
2196  L=2588  [node1 ] SEND     APP_GROUP                    node1→*
2197  L=2589  [node1 ] SEND     APP_GROUP                    node1→*
2198  L=2591  [node1 ] SEND     APP_GROUP                    node1→*
2199  L=2592  [node1 ] SEND     APP_GROUP                    node1→*
2200  L=2593  [node1 ] SEND     APP_GROUP                    node1→*
2201  L=2594  [node1 ] SEND     APP_CREATE_GROUP             node1→*
2202  L=2595  [node1 ] SEND     APP_GROUP                    node1→*
2203  L=2596  [node1 ] SEND     APP_GROUP                    node1→*
2204  L=2598  [node1 ] SEND     APP_CREATE_GROUP             node1→*
2205  L=2599  [node1 ] SEND     APP_GROUP                    node1→*
2206  L=2600  [node1 ] SEND     APP_GROUP                    node1→*
2207  L=2601  [node1 ] SEND     APP_GROUP                    node1→*
2208  L=2602  [node1 ] SEND     APP_GROUP                    node1→*
2209  L=2603  [node1 ] SEND     APP_GROUP                    node1→*
2210  L=2604  [node1 ] SEND     APP_GROUP                    node1→*
2211  L=2605  [node1 ] SEND     APP_GROUP                    node1→*
2212  L=2606  [node1 ] SEND     APP_GROUP                    node1→*
2213  L=2607  [node1 ] SEND     APP_GROUP                    node1→*
2214  L=2609  [node1 ] SEND     APP_GROUP                    node1→*
2215  L=2610  [node1 ] SEND     APP_GROUP                    node1→*
2216  L=2611  [node1 ] SEND     APP_GROUP                    node1→*
2217  L=2612  [node1 ] SEND     APP_GROUP                    node1→*
2218  L=2613  [node1 ] SEND     APP_GROUP                    node1→*
2219  L=2614  [node1 ] SEND     APP_GROUP                    node1→*
2220  L=2615  [node1 ] SEND     APP_GROUP                    node1→*
2221  L=2616  [node1 ] SEND     APP_GROUP                    node1→*
2222  L=2617  [node1 ] SEND     APP_GROUP                    node1→*
2223  L=2618  [node1 ] SEND     APP_GROUP                    node1→*
2224  L=2619  [node1 ] SEND     APP_GROUP                    node1→*
2225  L=2620  [node1 ] SEND     APP_GROUP                    node1→*
2226  L=2621  [node1 ] SEND     APP_GROUP                    node1→*
2227  L=2622  [node1 ] SEND     APP_GROUP                    node1→*
2228  L=2623  [node1 ] SEND     APP_CREATE_GROUP             node1→*
2229  L=2624  [node1 ] SEND     APP_GROUP                    node1→*
2231  L=2625  [node1 ] SEND     APP_GROUP                    node1→*
2230  L=2626  [node1 ] SEND     APP_GROUP                    node1→*
2232  L=2627  [node1 ] SEND     APP_GROUP                    node1→*
2233  L=2628  [node1 ] SEND     APP_GROUP                    node1→*
2234  L=2629  [node1 ] SEND     APP_GROUP                    node1→*
2235  L=2630  [node1 ] SEND     APP_GROUP                    node1→*
2236  L=2631  [node1 ] SEND     APP_GROUP                    node1→*
2237  L=2632  [node1 ] SEND     APP_GROUP                    node1→*
2238  L=2634  [node1 ] SEND     APP_GROUP                    node1→*
2239  L=2635  [node1 ] SEND     APP_GROUP                    node1→*
2240  L=2636  [node1 ] SEND     APP_GROUP                    node1→*
2241  L=2637  [node1 ] SEND     APP_GROUP                    node1→*
2242  L=2638  [node1 ] SEND     APP_GROUP                    node1→*
2243  L=2639  [node1 ] SEND     APP_GROUP                    node1→*
2244  L=2640  [node1 ] SEND     APP_GROUP                    node1→*
2245  L=2641  [node1 ] SEND     APP_GROUP                    node1→*
2246  L=2642  [node1 ] SEND     APP_GROUP                    node1→*
2247  L=2643  [node1 ] SEND     APP_GROUP                    node1→*
2248  L=2644  [node1 ] SEND     APP_CREATE_GROUP             node1→*
2249  L=2645  [node1 ] SEND     APP_GROUP                    node1→*
2250  L=2646  [node1 ] SEND     APP_GROUP                    node1→*
2251  L=2647  [node1 ] SEND     APP_GROUP                    node1→*
2252  L=2649  [node1 ] SEND     APP_GROUP                    node1→*
2253  L=2650  [node1 ] SEND     APP_GROUP                    node1→*
2254  L=2651  [node1 ] SEND     APP_GROUP                    node1→*
2255  L=2652  [node1 ] SEND     APP_GROUP                    node1→*
2256  L=2653  [node1 ] SEND     APP_GROUP                    node1→*
2257  L=2654  [node1 ] SEND     APP_GROUP                    node1→*
2258  L=2655  [node1 ] SEND     APP_GROUP                    node1→*
2259  L=2656  [node1 ] SEND     APP_CREATE_GROUP             node1→*
2260  L=2657  [node1 ] SEND     APP_GROUP                    node1→*
2261  L=2658  [node1 ] SEND     APP_GROUP                    node1→*
2262  L=2659  [node1 ] SEND     APP_GROUP                    node1→*
2263  L=2660  [node1 ] SEND     APP_GROUP                    node1→*
2264  L=2661  [node1 ] SEND     APP_GROUP                    node1→*
2266  L=2662  [node1 ] SEND     APP_GROUP                    node1→*
2265  L=2663  [node1 ] SEND     APP_GROUP                    node1→*
2267  L=2664  [node1 ] SEND     APP_GROUP                    node1→*
2268  L=2665  [node1 ] SEND     APP_GROUP                    node1→*
2269  L=2666  [node1 ] SEND     APP_GROUP                    node1→*
2270  L=2667  [node1 ] SEND     APP_GROUP                    node1→*
2271  L=2669  [node1 ] SEND     APP_GROUP                    node1→*
2272  L=2670  [node1 ] SEND     APP_GROUP                    node1→*
2273  L=2671  [node1 ] SEND     APP_GROUP                    node1→*
2274  L=2672  [node1 ] SEND     APP_GROUP                    node1→*
2275  L=2673  [node1 ] SEND     APP_GROUP                    node1→*
2276  L=2674  [node1 ] SEND     APP_CREATE_GROUP             node1→*
2277  L=2675  [node1 ] SEND     APP_GROUP                    node1→*
2278  L=2676  [node1 ] SEND     APP_GROUP                    node1→*
2279  L=2677  [node1 ] SEND     APP_GROUP                    node1→*
2280  L=2678  [node1 ] SEND     APP_GROUP                    node1→*
2281  L=2679  [node1 ] SEND     APP_GROUP                    node1→*
2282  L=2680  [node1 ] SEND     APP_GROUP                    node1→*
2283  L=2681  [node1 ] SEND     APP_GROUP                    node1→*
2284  L=2682  [node1 ] SEND     APP_GROUP                    node1→*
2285  L=2684  [node1 ] SEND     APP_GROUP                    node1→*
2286  L=2685  [node1 ] SEND     APP_GROUP                    node1→*
2287  L=2686  [node1 ] SEND     APP_CREATE_GROUP             node1→*
2288  L=2688  [node1 ] SEND     APP_CREATE_GROUP             node1→*
2289  L=2689  [node1 ] SEND     APP_GROUP                    node1→*
2290  L=2690  [node1 ] SEND     APP_GROUP                    node1→*
2291  L=2691  [node1 ] SEND     APP_GROUP                    node1→*
2292  L=2692  [node1 ] SEND     APP_GROUP                    node1→*
2293  L=2693  [node1 ] SEND     APP_GROUP                    node1→*
2294  L=2694  [node1 ] SEND     APP_GROUP                    node1→*
2295  L=2695  [node1 ] SEND     APP_GROUP                    node1→*
2296  L=2696  [node1 ] SEND     APP_GROUP                    node1→*
2297  L=2697  [node1 ] SEND     APP_GROUP                    node1→*
2298  L=2698  [node1 ] SEND     APP_GROUP                    node1→*
2299  L=2699  [node1 ] SEND     APP_GROUP                    node1→*
2300  L=2700  [node1 ] SEND     APP_GROUP                    node1→*
2301  L=2701  [node1 ] SEND     APP_GROUP                    node1→*
2302  L=2702  [node1 ] SEND     APP_GROUP                    node1→*
2304  L=2703  [node1 ] SEND     APP_GROUP                    node1→*
2303  L=2704  [node1 ] SEND     APP_GROUP                    node1→*
2305  L=2706  [node1 ] SEND     APP_GROUP                    node1→*
2306  L=2707  [node1 ] SEND     APP_CREATE_GROUP             node1→*
2307  L=2708  [node1 ] SEND     APP_GROUP                    node1→*
2308  L=2709  [node1 ] SEND     APP_GROUP                    node1→*
2309  L=2711  [node1 ] SEND     APP_CREATE_GROUP             node1→*
2310  L=2712  [node1 ] SEND     APP_GROUP                    node1→*
2311  L=2713  [node1 ] SEND     APP_GROUP                    node1→*
2313  L=2714  [node1 ] SEND     APP_GROUP                    node1→*
2312  L=2715  [node1 ] SEND     APP_GROUP                    node1→*
2314  L=2716  [node1 ] SEND     APP_GROUP                    node1→*
2315  L=2717  [node1 ] SEND     APP_GROUP                    node1→*
2316  L=2718  [node1 ] SEND     APP_GROUP                    node1→*
2317  L=2719  [node1 ] SEND     APP_GROUP                    node1→*
2318  L=2720  [node1 ] SEND     APP_GROUP                    node1→*
2319  L=2721  [node1 ] SEND     APP_GROUP                    node1→*
2320  L=2722  [node1 ] SEND     APP_GROUP                    node1→*
2321  L=2723  [node1 ] SEND     APP_GROUP                    node1→*
2322  L=2724  [node1 ] SEND     APP_GROUP                    node1→*
2323  L=2725  [node1 ] SEND     APP_GROUP                    node1→*
2324  L=2726  [node1 ] SEND     APP_GROUP                    node1→*
2325  L=2727  [node1 ] SEND     APP_GROUP                    node1→*
2326  L=2728  [node1 ] SEND     APP_GROUP                    node1→*
2327  L=2729  [node1 ] SEND     APP_GROUP                    node1→*
2328  L=2730  [node1 ] SEND     APP_GROUP                    node1→*
2329  L=2731  [node1 ] SEND     APP_GROUP                    node1→*
2330  L=2732  [node1 ] SEND     APP_GROUP                    node1→*
2331  L=2733  [node1 ] SEND     APP_GROUP                    node1→*
2332  L=2734  [node1 ] SEND     APP_GROUP                    node1→*
2333  L=2735  [node1 ] SEND     APP_GROUP                    node1→*
2334  L=2736  [node1 ] SEND     APP_GROUP                    node1→*
2335  L=2737  [node1 ] SEND     APP_GROUP                    node1→*
2336  L=2738  [node1 ] SEND     APP_GROUP                    node1→*
2337  L=2739  [node1 ] SEND     APP_GROUP                    node1→*
2338  L=2740  [node1 ] SEND     APP_GROUP                    node1→*
2339  L=2741  [node1 ] SEND     APP_GROUP                    node1→*
2340  L=2742  [node1 ] SEND     APP_GROUP                    node1→*
2341  L=2743  [node1 ] SEND     APP_GROUP                    node1→*
2342  L=2744  [node1 ] SEND     APP_GROUP                    node1→*
2343  L=2745  [node1 ] SEND     APP_GROUP                    node1→*
2344  L=2746  [node1 ] SEND     APP_GROUP                    node1→*
2345  L=2747  [node1 ] SEND     APP_GROUP                    node1→*
2346  L=2748  [node1 ] SEND     APP_GROUP                    node1→*
2347  L=2749  [node1 ] SEND     APP_GROUP                    node1→*
2348  L=2750  [node1 ] SEND     APP_GROUP                    node1→*
2349  L=2751  [node1 ] SEND     APP_GROUP                    node1→*
2350  L=2753  [node1 ] SEND     APP_CREATE_GROUP             node1→*
2351  L=2754  [node1 ] SEND     APP_GROUP                    node1→*
2352  L=2755  [node1 ] SEND     APP_GROUP                    node1→*
2353  L=2756  [node1 ] SEND     APP_GROUP                    node1→*
2354  L=2757  [node1 ] SEND     APP_GROUP                    node1→*
2355  L=2758  [node1 ] SEND     APP_GROUP                    node1→*
2356  L=2759  [node1 ] SEND     APP_GROUP                    node1→*
2357  L=2760  [node1 ] SEND     APP_GROUP                    node1→*
2358  L=2761  [node1 ] SEND     APP_GROUP                    node1→*
2359  L=2762  [node1 ] SEND     APP_GROUP                    node1→*
2360  L=2763  [node1 ] SEND     APP_GROUP                    node1→*
2361  L=2764  [node1 ] SEND     APP_GROUP                    node1→*
2362  L=2765  [node1 ] SEND     APP_GROUP                    node1→*
2363  L=2766  [node1 ] SEND     APP_GROUP                    node1→*
2364  L=2768  [node1 ] SEND     APP_CREATE_GROUP             node1→*
2365  L=2769  [node1 ] SEND     APP_GROUP                    node1→*
2366  L=2770  [node1 ] SEND     APP_GROUP                    node1→*
2367  L=2771  [node1 ] SEND     APP_GROUP                    node1→*
2368  L=2772  [node1 ] SEND     APP_GROUP                    node1→*
2369  L=2773  [node1 ] SEND     APP_GROUP                    node1→*
2370  L=2774  [node1 ] SEND     APP_GROUP                    node1→*
2371  L=2775  [node1 ] SEND     APP_GROUP                    node1→*
2372  L=2776  [node1 ] SEND     APP_GROUP                    node1→*
2373  L=2777  [node1 ] SEND     APP_GROUP                    node1→*
2374  L=2778  [node1 ] SEND     APP_GROUP                    node1→*
2375  L=2779  [node1 ] SEND     APP_GROUP                    node1→*
2376  L=2781  [node1 ] SEND     APP_GROUP                    node1→*
2377  L=2782  [node1 ] SEND     APP_CREATE_GROUP             node1→*
2378  L=2783  [node1 ] SEND     APP_GROUP                    node1→*
2379  L=2785  [node1 ] SEND     APP_CREATE_GROUP             node1→*
2380  L=2786  [node1 ] SEND     APP_GROUP                    node1→*
2381  L=2788  [node1 ] SEND     APP_CREATE_GROUP             node1→*
2382  L=2789  [node1 ] SEND     APP_GROUP                    node1→*
2383  L=2790  [node1 ] SEND     APP_GROUP                    node1→*
2384  L=2791  [node1 ] SEND     APP_GROUP                    node1→*
2385  L=2792  [node1 ] SEND     APP_GROUP                    node1→*
2386  L=2793  [node1 ] SEND     APP_GROUP                    node1→*
2388  L=2794  [node1 ] SEND     APP_GROUP                    node1→*
2387  L=2795  [node1 ] SEND     APP_GROUP                    node1→*
2389  L=2796  [node1 ] SEND     APP_GROUP                    node1→*
2390  L=2797  [node1 ] SEND     APP_GROUP                    node1→*
2391  L=2798  [node1 ] SEND     APP_GROUP                    node1→*
2392  L=2800  [node1 ] SEND     APP_GROUP                    node1→*
2393  L=2801  [node1 ] SEND     APP_GROUP                    node1→*
2394  L=2802  [node1 ] SEND     APP_GROUP                    node1→*
2395  L=2803  [node1 ] SEND     APP_GROUP                    node1→*
2396  L=2804  [node1 ] SEND     APP_GROUP                    node1→*
2397  L=2805  [node1 ] SEND     APP_GROUP                    node1→*
2398  L=2806  [node1 ] SEND     APP_GROUP                    node1→*
2399  L=2807  [node1 ] SEND     APP_GROUP                    node1→*
2400  L=2808  [node1 ] SEND     APP_GROUP                    node1→*
2401  L=2809  [node1 ] SEND     APP_CREATE_GROUP             node1→*
2402  L=2810  [node1 ] SEND     APP_GROUP                    node1→*
2403  L=2811  [node1 ] SEND     APP_GROUP                    node1→*
2404  L=2812  [node1 ] SEND     APP_GROUP                    node1→*
2405  L=2814  [node1 ] SEND     APP_GROUP                    node1→*
2406  L=2815  [node1 ] SEND     APP_GROUP                    node1→*
2407  L=2816  [node1 ] SEND     APP_GROUP                    node1→*
2408  L=2817  [node1 ] SEND     APP_CREATE_GROUP             node1→*
2409  L=2818  [node1 ] SEND     APP_GROUP                    node1→*
2410  L=2820  [node1 ] SEND     APP_GROUP                    node1→*
2411  L=2821  [node1 ] SEND     APP_GROUP                    node1→*
2412  L=2822  [node1 ] SEND     APP_GROUP                    node1→*
2413  L=2823  [node1 ] SEND     APP_GROUP                    node1→*
2414  L=2824  [node1 ] SEND     APP_GROUP                    node1→*
2415  L=2825  [node1 ] SEND     APP_CREATE_GROUP             node1→*
2416  L=2826  [node1 ] SEND     APP_GROUP                    node1→*
2417  L=2827  [node1 ] SEND     APP_GROUP                    node1→*
2418  L=2828  [node1 ] SEND     APP_GROUP                    node1→*
2419  L=2829  [node1 ] SEND     APP_GROUP                    node1→*
2420  L=2830  [node1 ] SEND     APP_GROUP                    node1→*
2421  L=2831  [node1 ] SEND     APP_GROUP                    node1→*
2422  L=2832  [node1 ] SEND     APP_GROUP                    node1→*
2423  L=2834  [node1 ] SEND     APP_GROUP                    node1→*
2424  L=2835  [node1 ] SEND     APP_CREATE_GROUP             node1→*
2425  L=2836  [node1 ] SEND     APP_GROUP                    node1→*
2426  L=2838  [node1 ] SEND     APP_GROUP                    node1→*
2427  L=2839  [node1 ] SEND     APP_GROUP                    node1→*
2428  L=2840  [node1 ] SEND     APP_GROUP                    node1→*
2429  L=2841  [node1 ] SEND     APP_GROUP                    node1→*
2430  L=2842  [node1 ] SEND     APP_GROUP                    node1→*
2431  L=2843  [node1 ] SEND     APP_GROUP                    node1→*
2432  L=2844  [node1 ] SEND     APP_GROUP                    node1→*
2433  L=2845  [node1 ] SEND     APP_GROUP                    node1→*
2434  L=2846  [node1 ] SEND     APP_GROUP                    node1→*
2435  L=2847  [node1 ] SEND     APP_GROUP                    node1→*
2436  L=2848  [node1 ] SEND     APP_GROUP                    node1→*
2437  L=2849  [node1 ] SEND     APP_CREATE_GROUP             node1→*
2438  L=2851  [node1 ] SEND     APP_GROUP                    node1→*
2439  L=2852  [node1 ] SEND     APP_GROUP                    node1→*
2440  L=2853  [node1 ] SEND     APP_GROUP                    node1→*
2441  L=2854  [node1 ] SEND     APP_GROUP                    node1→*
2442  L=2855  [node1 ] SEND     APP_GROUP                    node1→*
2443  L=2856  [node1 ] SEND     APP_GROUP                    node1→*
2444  L=2857  [node1 ] SEND     APP_CREATE_GROUP             node1→*
2445  L=2858  [node1 ] SEND     APP_GROUP                    node1→*
2446  L=2859  [node1 ] SEND     APP_GROUP                    node1→*
2447  L=2860  [node1 ] SEND     APP_GROUP                    node1→*
2448  L=2861  [node1 ] SEND     APP_GROUP                    node1→*
2449  L=2862  [node1 ] SEND     APP_GROUP                    node1→*
2450  L=2863  [node1 ] SEND     APP_GROUP                    node1→*
2451  L=2864  [node1 ] SEND     APP_GROUP                    node1→*
2452  L=2865  [node1 ] SEND     APP_GROUP                    node1→*
2453  L=2866  [node1 ] SEND     APP_GROUP                    node1→*
2454  L=2867  [node1 ] SEND     APP_GROUP                    node1→*
2455  L=2868  [node1 ] SEND     APP_GROUP                    node1→*
2456  L=2869  [node1 ] SEND     APP_GROUP                    node1→*
2457  L=2870  [node1 ] SEND     APP_GROUP                    node1→*
2458  L=2871  [node1 ] SEND     APP_GROUP                    node1→*
2459  L=2872  [node1 ] SEND     APP_GROUP                    node1→*
2460  L=2873  [node1 ] SEND     APP_GROUP                    node1→*
2461  L=2874  [node1 ] SEND     APP_GROUP                    node1→*
2462  L=2875  [node1 ] SEND     APP_GROUP                    node1→*
2463  L=2876  [node1 ] SEND     APP_GROUP                    node1→*
2464  L=2877  [node1 ] SEND     APP_GROUP                    node1→*
2465  L=2878  [node1 ] SEND     APP_GROUP                    node1→*
2466  L=2879  [node1 ] SEND     APP_GROUP                    node1→*
2467  L=2880  [node1 ] SEND     APP_GROUP                    node1→*
2468  L=2881  [node1 ] SEND     APP_GROUP                    node1→*
2469  L=2882  [node1 ] SEND     APP_GROUP                    node1→*
2470  L=2884  [node1 ] SEND     APP_CREATE_GROUP             node1→*
2471  L=2885  [node1 ] SEND     APP_GROUP                    node1→*
2472  L=2886  [node1 ] SEND     APP_GROUP                    node1→*
2473  L=2887  [node1 ] SEND     APP_GROUP                    node1→*
2474  L=2888  [node1 ] SEND     APP_GROUP                    node1→*
2475  L=2889  [node1 ] SEND     APP_GROUP                    node1→*
2476  L=2890  [node1 ] SEND     APP_GROUP                    node1→*
2477  L=2891  [node1 ] SEND     APP_GROUP                    node1→*
2478  L=2892  [node1 ] SEND     APP_GROUP                    node1→*
2479  L=2893  [node1 ] SEND     APP_GROUP                    node1→*
2480  L=2894  [node1 ] SEND     APP_GROUP                    node1→*
2481  L=2895  [node1 ] SEND     APP_GROUP                    node1→*
2482  L=2896  [node1 ] SEND     APP_GROUP                    node1→*
2483  L=2897  [node1 ] SEND     APP_GROUP                    node1→*
2484  L=2899  [node1 ] SEND     APP_GROUP                    node1→*
2485  L=2900  [node1 ] SEND     APP_GROUP                    node1→*
2486  L=2901  [node1 ] SEND     APP_GROUP                    node1→*
2487  L=2902  [node1 ] SEND     APP_CREATE_GROUP             node1→*
2488  L=2903  [node1 ] SEND     APP_GROUP                    node1→*
2489  L=2904  [node1 ] SEND     APP_GROUP                    node1→*
2490  L=2905  [node1 ] SEND     APP_GROUP                    node1→*
2491  L=2906  [node1 ] SEND     APP_GROUP                    node1→*
2492  L=2907  [node1 ] SEND     APP_GROUP                    node1→*
2493  L=2909  [node1 ] SEND     APP_GROUP                    node1→*
2494  L=2910  [node1 ] SEND     APP_GROUP                    node1→*
2495  L=2912  [node1 ] SEND     APP_CREATE_GROUP             node1→*
2496  L=2913  [node1 ] SEND     APP_GROUP                    node1→*
2497  L=2914  [node1 ] SEND     APP_GROUP                    node1→*
2498  L=2915  [node1 ] SEND     APP_CREATE_GROUP             node1→*
2499  L=2916  [node1 ] SEND     APP_GROUP                    node1→*
2500  L=2917  [node1 ] SEND     APP_GROUP                    node1→*
2501  L=2918  [node1 ] SEND     APP_GROUP                    node1→*
2502  L=2920  [node1 ] SEND     APP_CREATE_GROUP             node1→*
2503  L=2921  [node1 ] SEND     APP_GROUP                    node1→*
2504  L=2922  [node1 ] SEND     APP_GROUP                    node1→*
2505  L=2923  [node1 ] SEND     APP_GROUP                    node1→*
2506  L=2924  [node1 ] SEND     APP_GROUP                    node1→*
2507  L=2925  [node1 ] SEND     APP_GROUP                    node1→*
2508  L=2926  [node1 ] SEND     APP_GROUP                    node1→*
2509  L=2927  [node1 ] SEND     APP_GROUP                    node1→*
2510  L=2928  [node1 ] SEND     APP_GROUP                    node1→*
2511  L=2929  [node1 ] SEND     APP_GROUP                    node1→*
2512  L=2931  [node1 ] SEND     APP_CREATE_GROUP             node1→*
2513  L=2932  [node1 ] SEND     APP_GROUP                    node1→*
2514  L=2933  [node1 ] SEND     APP_GROUP                    node1→*
2515  L=2934  [node1 ] SEND     APP_GROUP                    node1→*
2516  L=2935  [node1 ] SEND     APP_GROUP                    node1→*
2517  L=2936  [node1 ] SEND     APP_GROUP                    node1→*
2518  L=2937  [node1 ] SEND     APP_GROUP                    node1→*
2519  L=2938  [node1 ] SEND     APP_GROUP                    node1→*
2520  L=2939  [node1 ] SEND     APP_GROUP                    node1→*
2521  L=2940  [node1 ] SEND     APP_GROUP                    node1→*
2522  L=2941  [node1 ] SEND     APP_GROUP                    node1→*
2523  L=2942  [node1 ] SEND     APP_GROUP                    node1→*
2524  L=2943  [node1 ] SEND     APP_GROUP                    node1→*
2525  L=2944  [node1 ] SEND     APP_GROUP                    node1→*
2526  L=2945  [node1 ] SEND     APP_GROUP                    node1→*
2527  L=2946  [node1 ] SEND     APP_GROUP                    node1→*
2528  L=2947  [node1 ] SEND     APP_GROUP                    node1→*
2529  L=2948  [node1 ] SEND     APP_GROUP                    node1→*
2530  L=2950  [node1 ] SEND     APP_CREATE_GROUP             node1→*
2531  L=2951  [node1 ] SEND     APP_GROUP                    node1→*
2532  L=2952  [node1 ] SEND     APP_GROUP                    node1→*
2533  L=2954  [node1 ] SEND     APP_CREATE_GROUP             node1→*
2534  L=2955  [node1 ] SEND     APP_GROUP                    node1→*
2535  L=2956  [node1 ] SEND     APP_GROUP                    node1→*
2537  L=2957  [node1 ] SEND     APP_GROUP                    node1→*
2536  L=2958  [node1 ] SEND     APP_GROUP                    node1→*
2538  L=2959  [node1 ] SEND     APP_GROUP                    node1→*
2539  L=2960  [node1 ] SEND     APP_GROUP                    node1→*
2540  L=2962  [node1 ] SEND     APP_CREATE_GROUP             node1→*
2541  L=2963  [node1 ] SEND     APP_GROUP                    node1→*
2542  L=2964  [node1 ] SEND     APP_GROUP                    node1→*
2543  L=2966  [node1 ] SEND     APP_GROUP                    node1→*
2544  L=2967  [node1 ] SEND     APP_CREATE_GROUP             node1→*
2545  L=2969  [node1 ] SEND     APP_GROUP                    node1→*
2546  L=2970  [node1 ] SEND     APP_GROUP                    node1→*
2547  L=2971  [node1 ] SEND     APP_GROUP                    node1→*
2548  L=2972  [node1 ] SEND     APP_GROUP                    node1→*
2549  L=2973  [node1 ] SEND     APP_GROUP                    node1→*
2550  L=2974  [node1 ] SEND     APP_CREATE_GROUP             node1→*
2551  L=2975  [node1 ] SEND     APP_GROUP                    node1→*
2552  L=2976  [node1 ] SEND     APP_GROUP                    node1→*
2553  L=2977  [node1 ] SEND     APP_GROUP                    node1→*
2554  L=2979  [node1 ] SEND     APP_CREATE_GROUP             node1→*
2555  L=2980  [node1 ] SEND     APP_GROUP                    node1→*
2556  L=2981  [node1 ] SEND     APP_GROUP                    node1→*
2557  L=2982  [node1 ] SEND     APP_GROUP                    node1→*
2558  L=2983  [node1 ] SEND     APP_GROUP                    node1→*
2559  L=2984  [node1 ] SEND     APP_GROUP                    node1→*
2560  L=2985  [node1 ] SEND     APP_GROUP                    node1→*
2561  L=2986  [node1 ] SEND     APP_GROUP                    node1→*
2562  L=2988  [node1 ] SEND     APP_CREATE_GROUP             node1→*
2563  L=2989  [node1 ] SEND     APP_GROUP                    node1→*
2564  L=2990  [node1 ] SEND     APP_GROUP                    node1→*
2565  L=2991  [node1 ] SEND     APP_GROUP                    node1→*
2566  L=2992  [node1 ] SEND     APP_GROUP                    node1→*
2567  L=2993  [node1 ] SEND     APP_GROUP                    node1→*
2568  L=2994  [node1 ] SEND     APP_GROUP                    node1→*
2569  L=2995  [node1 ] SEND     APP_GROUP                    node1→*
2570  L=2996  [node1 ] SEND     APP_GROUP                    node1→*
2571  L=2997  [node1 ] SEND     APP_GROUP                    node1→*
2572  L=2998  [node1 ] SEND     APP_GROUP                    node1→*
2573  L=2999  [node1 ] SEND     APP_GROUP                    node1→*
2574  L=3000  [node1 ] SEND     APP_GROUP                    node1→*
2575  L=3001  [node1 ] SEND     APP_GROUP                    node1→*
2576  L=3002  [node1 ] SEND     APP_GROUP                    node1→*
2577  L=3003  [node1 ] SEND     APP_GROUP                    node1→*
2578  L=3004  [node1 ] SEND     APP_GROUP                    node1→*
2579  L=3005  [node1 ] SEND     APP_GROUP                    node1→*
2580  L=3006  [node1 ] SEND     APP_GROUP                    node1→*
2581  L=3007  [node1 ] SEND     APP_GROUP                    node1→*
2582  L=3008  [node1 ] SEND     APP_GROUP                    node1→*
2583  L=3009  [node1 ] SEND     APP_GROUP                    node1→*
2584  L=3010  [node1 ] SEND     APP_GROUP                    node1→*
2585  L=3011  [node1 ] SEND     APP_GROUP                    node1→*
2586  L=3013  [node1 ] SEND     APP_CREATE_GROUP             node1→*
2587  L=3014  [node1 ] SEND     APP_GROUP                    node1→*
2588  L=3015  [node1 ] SEND     APP_GROUP                    node1→*
2589  L=3016  [node1 ] SEND     APP_GROUP                    node1→*
2590  L=3017  [node1 ] SEND     APP_GROUP                    node1→*
2591  L=3018  [node1 ] SEND     APP_GROUP                    node1→*
2592  L=3020  [node1 ] SEND     APP_CREATE_GROUP             node1→*
2593  L=3021  [node1 ] SEND     APP_GROUP                    node1→*
2594  L=3022  [node1 ] SEND     APP_GROUP                    node1→*
2595  L=3023  [node1 ] SEND     APP_GROUP                    node1→*
2596  L=3024  [node1 ] SEND     APP_GROUP                    node1→*
2597  L=3025  [node1 ] SEND     APP_GROUP                    node1→*
2598  L=3026  [node1 ] SEND     APP_GROUP                    node1→*
2599  L=3027  [node1 ] SEND     APP_GROUP                    node1→*
2600  L=3028  [node1 ] SEND     APP_GROUP                    node1→*
2601  L=3029  [node1 ] SEND     APP_GROUP                    node1→*
2602  L=3030  [node1 ] SEND     APP_GROUP                    node1→*
2603  L=3031  [node1 ] SEND     APP_GROUP                    node1→*
2604  L=3032  [node1 ] SEND     APP_GROUP                    node1→*
2605  L=3033  [node1 ] SEND     APP_GROUP                    node1→*
2606  L=3034  [node1 ] SEND     APP_GROUP                    node1→*
2607  L=3035  [node1 ] SEND     APP_GROUP                    node1→*
2608  L=3036  [node1 ] SEND     APP_GROUP                    node1→*
2609  L=3037  [node1 ] SEND     APP_GROUP                    node1→*
2610  L=3038  [node1 ] SEND     APP_GROUP                    node1→*
2611  L=3039  [node1 ] SEND     APP_GROUP                    node1→*
2612  L=3040  [node1 ] SEND     APP_GROUP                    node1→*
2613  L=3041  [node1 ] SEND     APP_GROUP                    node1→*
2614  L=3042  [node1 ] SEND     APP_GROUP                    node1→*
2615  L=3043  [node1 ] SEND     APP_GROUP                    node1→*
2616  L=3044  [node1 ] SEND     APP_GROUP                    node1→*
2617  L=3045  [node1 ] SEND     APP_GROUP                    node1→*
2618  L=3046  [node1 ] SEND     APP_GROUP                    node1→*
2619  L=3047  [node1 ] SEND     APP_GROUP                    node1→*
2620  L=3049  [node1 ] SEND     APP_CREATE_GROUP             node1→*
2621  L=3050  [node1 ] SEND     APP_GROUP                    node1→*
2622  L=3051  [node1 ] SEND     APP_GROUP                    node1→*
2623  L=3052  [node1 ] SEND     APP_GROUP                    node1→*
2624  L=3053  [node1 ] SEND     APP_GROUP                    node1→*
2625  L=3054  [node1 ] SEND     APP_GROUP                    node1→*
2626  L=3055  [node1 ] SEND     APP_GROUP                    node1→*
2627  L=3056  [node1 ] SEND     APP_GROUP                    node1→*
2628  L=3057  [node1 ] SEND     APP_GROUP                    node1→*
2629  L=3058  [node1 ] SEND     APP_GROUP                    node1→*
2630  L=3060  [node1 ] SEND     APP_CREATE_GROUP             node1→*
2631  L=3061  [node1 ] SEND     APP_GROUP                    node1→*
2632  L=3062  [node1 ] SEND     APP_GROUP                    node1→*
2633  L=3063  [node1 ] SEND     APP_GROUP                    node1→*
2634  L=3064  [node1 ] SEND     APP_GROUP                    node1→*
2635  L=3065  [node1 ] SEND     APP_GROUP                    node1→*
2636  L=3066  [node1 ] SEND     APP_GROUP                    node1→*
2637  L=3067  [node1 ] SEND     APP_GROUP                    node1→*
2638  L=3068  [node1 ] SEND     APP_GROUP                    node1→*
2639  L=3070  [node1 ] SEND     APP_GROUP                    node1→*
2640  L=3071  [node1 ] SEND     APP_GROUP                    node1→*
2641  L=3072  [node1 ] SEND     APP_GROUP                    node1→*
2642  L=3073  [node1 ] SEND     APP_CREATE_GROUP             node1→*
2643  L=3074  [node1 ] SEND     APP_GROUP                    node1→*
2644  L=3075  [node1 ] SEND     APP_GROUP                    node1→*
2645  L=3076  [node1 ] SEND     APP_GROUP                    node1→*
2646  L=3077  [node1 ] SEND     APP_GROUP                    node1→*
2647  L=3078  [node1 ] SEND     APP_GROUP                    node1→*
2648  L=3079  [node1 ] SEND     APP_GROUP                    node1→*
2649  L=3080  [node1 ] SEND     APP_GROUP                    node1→*
2650  L=3081  [node1 ] SEND     APP_GROUP                    node1→*
2651  L=3082  [node1 ] SEND     APP_GROUP                    node1→*
2652  L=3083  [node1 ] SEND     APP_GROUP                    node1→*
2653  L=3084  [node1 ] SEND     APP_GROUP                    node1→*
2654  L=3085  [node1 ] SEND     APP_GROUP                    node1→*
2655  L=3086  [node1 ] SEND     APP_GROUP                    node1→*
2656  L=3087  [node1 ] SEND     APP_GROUP                    node1→*
2657  L=3088  [node1 ] SEND     APP_GROUP                    node1→*
2658  L=3089  [node1 ] SEND     APP_GROUP                    node1→*
2659  L=3090  [node1 ] SEND     APP_GROUP                    node1→*
2660  L=3091  [node1 ] SEND     APP_GROUP                    node1→*
2661  L=3092  [node1 ] SEND     APP_GROUP                    node1→*
2662  L=3093  [node1 ] SEND     APP_GROUP                    node1→*
2663  L=3094  [node1 ] SEND     APP_GROUP                    node1→*
2664  L=3095  [node1 ] SEND     APP_GROUP                    node1→*
2665  L=3096  [node1 ] SEND     APP_GROUP                    node1→*
2666  L=3097  [node1 ] SEND     APP_GROUP                    node1→*
2667  L=3098  [node1 ] SEND     APP_GROUP                    node1→*
2668  L=3099  [node1 ] SEND     APP_GROUP                    node1→*
2669  L=3100  [node1 ] SEND     APP_GROUP                    node1→*
2670  L=3102  [node1 ] SEND     APP_GROUP                    node1→*
2671  L=3103  [node1 ] SEND     APP_CREATE_GROUP             node1→*
2672  L=3104  [node1 ] SEND     APP_GROUP                    node1→*
2673  L=3105  [node1 ] SEND     APP_GROUP                    node1→*
2674  L=3106  [node1 ] SEND     APP_GROUP                    node1→*
2675  L=3107  [node1 ] SEND     APP_GROUP                    node1→*
2676  L=3108  [node1 ] SEND     APP_GROUP                    node1→*
2677  L=3109  [node1 ] SEND     APP_GROUP                    node1→*
2678  L=3110  [node1 ] SEND     APP_GROUP                    node1→*
2679  L=3111  [node1 ] SEND     APP_GROUP                    node1→*
2680  L=3112  [node1 ] SEND     APP_GROUP                    node1→*
2681  L=3114  [node1 ] SEND     APP_CREATE_GROUP             node1→*
2682  L=3115  [node1 ] SEND     APP_GROUP                    node1→*
2683  L=3116  [node1 ] SEND     APP_GROUP                    node1→*
2684  L=3117  [node1 ] SEND     APP_GROUP                    node1→*
2685  L=3118  [node1 ] SEND     APP_GROUP                    node1→*
2686  L=3120  [node1 ] SEND     APP_CREATE_GROUP             node1→*
2687  L=3121  [node1 ] SEND     APP_GROUP                    node1→*
2688  L=3122  [node1 ] SEND     APP_GROUP                    node1→*
2689  L=3123  [node1 ] SEND     APP_GROUP                    node1→*
2690  L=3124  [node1 ] SEND     APP_GROUP                    node1→*
2691  L=3125  [node1 ] SEND     APP_GROUP                    node1→*
2692  L=3127  [node1 ] SEND     APP_GROUP                    node1→*
2693  L=3128  [node1 ] SEND     APP_GROUP                    node1→*
2694  L=3129  [node1 ] SEND     APP_GROUP                    node1→*
2695  L=3130  [node1 ] SEND     APP_GROUP                    node1→*
2696  L=3131  [node1 ] SEND     APP_GROUP                    node1→*
2697  L=3132  [node1 ] SEND     APP_GROUP                    node1→*
2698  L=3133  [node1 ] SEND     APP_GROUP                    node1→*
2699  L=3135  [node1 ] SEND     APP_CREATE_GROUP             node1→*
2700  L=3136  [node1 ] SEND     APP_GROUP                    node1→*
2701  L=3137  [node1 ] SEND     APP_GROUP                    node1→*
2702  L=3138  [node1 ] SEND     APP_GROUP                    node1→*
2703  L=3139  [node1 ] SEND     APP_GROUP                    node1→*
2704  L=3140  [node1 ] SEND     APP_GROUP                    node1→*
2705  L=3141  [node1 ] SEND     APP_GROUP                    node1→*
2706  L=3142  [node1 ] SEND     APP_CREATE_GROUP             node1→*
2707  L=3143  [node1 ] SEND     APP_GROUP                    node1→*
2708  L=3145  [node1 ] SEND     APP_CREATE_GROUP             node1→*
2709  L=3147  [node1 ] SEND     APP_CREATE_GROUP             node1→*
2710  L=3149  [node1 ] SEND     APP_CREATE_GROUP             node1→*
2711  L=3151  [node1 ] SEND     APP_GROUP                    node1→*
2713  L=3152  [node1 ] SEND     APP_GROUP                    node1→*
2712  L=3153  [node1 ] SEND     APP_GROUP                    node1→*
2714  L=3154  [node1 ] SEND     APP_GROUP                    node1→*
2715  L=3155  [node1 ] SEND     APP_GROUP                    node1→*
2716  L=3156  [node1 ] SEND     APP_GROUP                    node1→*
2717  L=3157  [node1 ] SEND     APP_GROUP                    node1→*
2718  L=3159  [node1 ] SEND     APP_CREATE_GROUP             node1→*
2719  L=3160  [node1 ] SEND     APP_CREATE_GROUP             node1→*
2720  L=3161  [node1 ] SEND     APP_GROUP                    node1→*
2721  L=3162  [node1 ] SEND     APP_GROUP                    node1→*
2722  L=3163  [node1 ] SEND     APP_GROUP                    node1→*
2723  L=3164  [node1 ] SEND     APP_GROUP                    node1→*
2724  L=3165  [node1 ] SEND     APP_GROUP                    node1→*
2725  L=3166  [node1 ] SEND     APP_GROUP                    node1→*
2726  L=3167  [node1 ] SEND     APP_GROUP                    node1→*
2727  L=3168  [node1 ] SEND     APP_GROUP                    node1→*
2728  L=3169  [node1 ] SEND     APP_GROUP                    node1→*
2729  L=3170  [node1 ] SEND     APP_GROUP                    node1→*
2730  L=3171  [node1 ] SEND     APP_GROUP                    node1→*
2731  L=3172  [node1 ] SEND     APP_GROUP                    node1→*
2732  L=3174  [node1 ] SEND     APP_CREATE_GROUP             node1→*
2733  L=3175  [node1 ] SEND     APP_GROUP                    node1→*
2734  L=3176  [node1 ] SEND     APP_GROUP                    node1→*
2735  L=3177  [node1 ] SEND     APP_GROUP                    node1→*
2736  L=3179  [node1 ] SEND     APP_GROUP                    node1→*
2737  L=3180  [node1 ] SEND     APP_GROUP                    node1→*
2738  L=3181  [node1 ] SEND     APP_GROUP                    node1→*
2739  L=3182  [node1 ] SEND     APP_GROUP                    node1→*
2740  L=3183  [node1 ] SEND     APP_GROUP                    node1→*
2741  L=3184  [node1 ] SEND     APP_GROUP                    node1→*
2742  L=3185  [node1 ] SEND     APP_GROUP                    node1→*
2743  L=3186  [node1 ] SEND     APP_GROUP                    node1→*
2744  L=3187  [node1 ] SEND     APP_CREATE_GROUP             node1→*
2745  L=3188  [node1 ] SEND     APP_GROUP                    node1→*
2746  L=3189  [node1 ] SEND     APP_GROUP                    node1→*
2747  L=3190  [node1 ] SEND     APP_GROUP                    node1→*
2748  L=3192  [node1 ] SEND     APP_GROUP                    node1→*
2749  L=3193  [node1 ] SEND     APP_GROUP                    node1→*
2750  L=3194  [node1 ] SEND     APP_GROUP                    node1→*
2751  L=3195  [node1 ] SEND     APP_GROUP                    node1→*
2752  L=3196  [node1 ] SEND     APP_GROUP                    node1→*
2753  L=3197  [node1 ] SEND     APP_GROUP                    node1→*
2754  L=3198  [node1 ] SEND     APP_GROUP                    node1→*
2755  L=3199  [node1 ] SEND     APP_GROUP                    node1→*
2756  L=3200  [node1 ] SEND     APP_CREATE_GROUP             node1→*
2757  L=3202  [node1 ] SEND     APP_CREATE_GROUP             node1→*
2758  L=3203  [node1 ] SEND     APP_GROUP                    node1→*
2759  L=3204  [node1 ] SEND     APP_GROUP                    node1→*
2760  L=3205  [node1 ] SEND     APP_GROUP                    node1→*
2761  L=3207  [node1 ] SEND     APP_CREATE_GROUP             node1→*
2762  L=3208  [node1 ] SEND     APP_GROUP                    node1→*
2763  L=3209  [node1 ] SEND     APP_GROUP                    node1→*
2764  L=3210  [node1 ] SEND     APP_GROUP                    node1→*
2765  L=3211  [node1 ] SEND     APP_GROUP                    node1→*
2766  L=3212  [node1 ] SEND     APP_GROUP                    node1→*
2767  L=3214  [node1 ] SEND     APP_GROUP                    node1→*
2768  L=3215  [node1 ] SEND     APP_GROUP                    node1→*
2769  L=3216  [node1 ] SEND     APP_GROUP                    node1→*
2770  L=3217  [node1 ] SEND     APP_GROUP                    node1→*
2771  L=3218  [node1 ] SEND     APP_GROUP                    node1→*
2772  L=3219  [node1 ] SEND     APP_GROUP                    node1→*
2773  L=3220  [node1 ] SEND     APP_GROUP                    node1→*
2774  L=3221  [node1 ] SEND     APP_GROUP                    node1→*
2775  L=3222  [node1 ] SEND     APP_GROUP                    node1→*
2776  L=3223  [node1 ] SEND     APP_CREATE_GROUP             node1→*
2777  L=3225  [node1 ] SEND     APP_GROUP                    node1→*
2778  L=3226  [node1 ] SEND     APP_GROUP                    node1→*
2779  L=3227  [node1 ] SEND     APP_GROUP                    node1→*
2780  L=3228  [node1 ] SEND     APP_GROUP                    node1→*
2781  L=3230  [node1 ] SEND     APP_GROUP                    node1→*
2782  L=3231  [node1 ] SEND     APP_GROUP                    node1→*
2783  L=3232  [node1 ] SEND     APP_CREATE_GROUP             node1→*
2784  L=3233  [node1 ] SEND     APP_CREATE_GROUP             node1→*
2785  L=3234  [node1 ] SEND     APP_GROUP                    node1→*
2786  L=3236  [node1 ] SEND     APP_CREATE_GROUP             node1→*
2787  L=3237  [node1 ] SEND     APP_GROUP                    node1→*
2788  L=3238  [node1 ] SEND     APP_GROUP                    node1→*
2790  L=3239  [node1 ] SEND     APP_GROUP                    node1→*
2789  L=3240  [node1 ] SEND     APP_GROUP                    node1→*
2791  L=3241  [node1 ] SEND     APP_GROUP                    node1→*
2792  L=3242  [node1 ] SEND     APP_GROUP                    node1→*
2793  L=3243  [node1 ] SEND     APP_GROUP                    node1→*
2794  L=3244  [node1 ] SEND     APP_GROUP                    node1→*
2795  L=3245  [node1 ] SEND     APP_GROUP                    node1→*
2796  L=3246  [node1 ] SEND     APP_GROUP                    node1→*
2797  L=3247  [node1 ] SEND     APP_GROUP                    node1→*
2798  L=3248  [node1 ] SEND     APP_GROUP                    node1→*
2799  L=3249  [node1 ] SEND     APP_GROUP                    node1→*
2801  L=3250  [node1 ] SEND     APP_GROUP                    node1→*
2800  L=3251  [node1 ] SEND     APP_GROUP                    node1→*
2802  L=3252  [node1 ] SEND     APP_GROUP                    node1→*
2803  L=3253  [node1 ] SEND     APP_GROUP                    node1→*
2804  L=3254  [node1 ] SEND     APP_GROUP                    node1→*
2805  L=3255  [node1 ] SEND     APP_GROUP                    node1→*
2806  L=3257  [node1 ] SEND     APP_GROUP                    node1→*
2807  L=3258  [node1 ] SEND     APP_GROUP                    node1→*
2808  L=3259  [node1 ] SEND     APP_GROUP                    node1→*
2809  L=3260  [node1 ] SEND     APP_GROUP                    node1→*
2810  L=3261  [node1 ] SEND     APP_GROUP                    node1→*
2811  L=3262  [node1 ] SEND     APP_GROUP                    node1→*
2812  L=3263  [node1 ] SEND     APP_CREATE_GROUP             node1→*
2813  L=3264  [node1 ] SEND     APP_GROUP                    node1→*
2814  L=3265  [node1 ] SEND     APP_GROUP                    node1→*
2815  L=3266  [node1 ] SEND     APP_GROUP                    node1→*
2816  L=3267  [node1 ] SEND     APP_GROUP                    node1→*
2817  L=3268  [node1 ] SEND     APP_GROUP                    node1→*
2818  L=3269  [node1 ] SEND     APP_GROUP                    node1→*
2819  L=3270  [node1 ] SEND     APP_GROUP                    node1→*
2820  L=3271  [node1 ] SEND     APP_GROUP                    node1→*
2821  L=3272  [node1 ] SEND     APP_GROUP                    node1→*
2822  L=3273  [node1 ] SEND     APP_GROUP                    node1→*
2823  L=3274  [node1 ] SEND     APP_GROUP                    node1→*
2824  L=3275  [node1 ] SEND     APP_GROUP                    node1→*
2825  L=3276  [node1 ] SEND     APP_GROUP                    node1→*
2826  L=3277  [node1 ] SEND     APP_GROUP                    node1→*
2827  L=3278  [node1 ] SEND     APP_GROUP                    node1→*
2828  L=3279  [node1 ] SEND     APP_GROUP                    node1→*
2829  L=3280  [node1 ] SEND     APP_GROUP                    node1→*
2830  L=3281  [node1 ] SEND     APP_GROUP                    node1→*
2831  L=3282  [node1 ] SEND     APP_GROUP                    node1→*
2832  L=3283  [node1 ] SEND     APP_GROUP                    node1→*
2833  L=3284  [node1 ] SEND     APP_GROUP                    node1→*
2834  L=3285  [node1 ] SEND     APP_GROUP                    node1→*
2835  L=3286  [node1 ] SEND     APP_GROUP                    node1→*
2836  L=3287  [node1 ] SEND     APP_GROUP                    node1→*
2837  L=3288  [node1 ] SEND     APP_GROUP                    node1→*
2838  L=3289  [node1 ] SEND     APP_GROUP                    node1→*
2839  L=3290  [node1 ] SEND     APP_GROUP                    node1→*
2840  L=3291  [node1 ] SEND     APP_GROUP                    node1→*
2841  L=3292  [node1 ] SEND     APP_GROUP                    node1→*
2842  L=3293  [node1 ] SEND     APP_GROUP                    node1→*
2843  L=3294  [node1 ] SEND     APP_GROUP                    node1→*
2844  L=3295  [node1 ] SEND     APP_GROUP                    node1→*
2845  L=3296  [node1 ] SEND     APP_GROUP                    node1→*
2846  L=3297  [node1 ] SEND     APP_GROUP                    node1→*
2847  L=3299  [node1 ] SEND     APP_GROUP                    node1→*
2848  L=3300  [node1 ] SEND     APP_GROUP                    node1→*
2849  L=3301  [node1 ] SEND     APP_GROUP                    node1→*
2850  L=3302  [node1 ] SEND     APP_GROUP                    node1→*
2851  L=3303  [node1 ] SEND     APP_GROUP                    node1→*
2852  L=3304  [node1 ] SEND     APP_CREATE_GROUP             node1→*
2853  L=3305  [node1 ] SEND     APP_GROUP                    node1→*
2854  L=3306  [node1 ] SEND     APP_GROUP                    node1→*
2855  L=3307  [node1 ] SEND     APP_GROUP                    node1→*
2856  L=3308  [node1 ] SEND     APP_GROUP                    node1→*
2857  L=3309  [node1 ] SEND     APP_GROUP                    node1→*
2858  L=3310  [node1 ] SEND     APP_GROUP                    node1→*
2859  L=3311  [node1 ] SEND     APP_GROUP                    node1→*
2860  L=3312  [node1 ] SEND     APP_GROUP                    node1→*
2861  L=3313  [node1 ] SEND     APP_GROUP                    node1→*
2862  L=3314  [node1 ] SEND     APP_GROUP                    node1→*
2863  L=3315  [node1 ] SEND     APP_GROUP                    node1→*
2864  L=3316  [node1 ] SEND     APP_GROUP                    node1→*
2865  L=3317  [node1 ] SEND     APP_GROUP                    node1→*
2866  L=3318  [node1 ] SEND     APP_GROUP                    node1→*
2867  L=3320  [node1 ] SEND     APP_CREATE_GROUP             node1→*
2868  L=3321  [node1 ] SEND     APP_GROUP                    node1→*
2869  L=3322  [node1 ] SEND     APP_GROUP                    node1→*
2870  L=3323  [node1 ] SEND     APP_GROUP                    node1→*
2871  L=3324  [node1 ] SEND     APP_GROUP                    node1→*
2872  L=3325  [node1 ] SEND     APP_GROUP                    node1→*
2873  L=3326  [node1 ] SEND     APP_GROUP                    node1→*
2874  L=3327  [node1 ] SEND     APP_GROUP                    node1→*
2875  L=3328  [node1 ] SEND     APP_GROUP                    node1→*
2876  L=3329  [node1 ] SEND     APP_GROUP                    node1→*
2877  L=3330  [node1 ] SEND     APP_GROUP                    node1→*
2878  L=3331  [node1 ] SEND     APP_GROUP                    node1→*
2879  L=3332  [node1 ] SEND     APP_GROUP                    node1→*
2880  L=3334  [node1 ] SEND     APP_GROUP                    node1→*
2881  L=3335  [node1 ] SEND     APP_GROUP                    node1→*
2882  L=3336  [node1 ] SEND     APP_GROUP                    node1→*
2883  L=3337  [node1 ] SEND     APP_GROUP                    node1→*
2884  L=3338  [node1 ] SEND     APP_GROUP                    node1→*
2885  L=3339  [node1 ] SEND     APP_GROUP                    node1→*
2886  L=3340  [node1 ] SEND     APP_GROUP                    node1→*
2887  L=3341  [node1 ] SEND     APP_GROUP                    node1→*
2888  L=3342  [node1 ] SEND     APP_GROUP                    node1→*
2889  L=3343  [node1 ] SEND     APP_GROUP                    node1→*
2890  L=3344  [node1 ] SEND     APP_GROUP                    node1→*
2891  L=3345  [node1 ] SEND     APP_GROUP                    node1→*
2892  L=3346  [node1 ] SEND     APP_GROUP                    node1→*
2893  L=3347  [node1 ] SEND     APP_CREATE_GROUP             node1→*
2894  L=3349  [node1 ] SEND     APP_GROUP                    node1→*
2895  L=3350  [node1 ] SEND     APP_GROUP                    node1→*
2896  L=3351  [node1 ] SEND     APP_GROUP                    node1→*
2897  L=3352  [node1 ] SEND     APP_CREATE_GROUP             node1→*
2898  L=3353  [node1 ] SEND     APP_GROUP                    node1→*
2899  L=3354  [node1 ] SEND     APP_GROUP                    node1→*
2900  L=3355  [node1 ] SEND     APP_GROUP                    node1→*
2901  L=3356  [node1 ] SEND     APP_GROUP                    node1→*
2902  L=3357  [node1 ] SEND     APP_GROUP                    node1→*
2903  L=3358  [node1 ] SEND     APP_GROUP                    node1→*
2904  L=3359  [node1 ] SEND     APP_GROUP                    node1→*
2905  L=3361  [node1 ] SEND     APP_CREATE_GROUP             node1→*
2906  L=3362  [node1 ] SEND     APP_GROUP                    node1→*
2907  L=3363  [node1 ] SEND     APP_GROUP                    node1→*
2908  L=3364  [node1 ] SEND     APP_GROUP                    node1→*
2909  L=3365  [node1 ] SEND     APP_GROUP                    node1→*
2910  L=3366  [node1 ] SEND     APP_GROUP                    node1→*
2911  L=3367  [node1 ] SEND     APP_GROUP                    node1→*
2912  L=3368  [node1 ] SEND     APP_GROUP                    node1→*
2913  L=3369  [node1 ] SEND     APP_GROUP                    node1→*
2914  L=3370  [node1 ] SEND     APP_GROUP                    node1→*
2915  L=3371  [node1 ] SEND     APP_GROUP                    node1→*
2916  L=3372  [node1 ] SEND     APP_GROUP                    node1→*
2917  L=3373  [node1 ] SEND     APP_GROUP                    node1→*
2918  L=3374  [node1 ] SEND     APP_GROUP                    node1→*
2919  L=3375  [node1 ] SEND     APP_GROUP                    node1→*
2920  L=3377  [node1 ] SEND     APP_CREATE_GROUP             node1→*
2921  L=3378  [node1 ] SEND     APP_GROUP                    node1→*
2922  L=3379  [node1 ] SEND     APP_GROUP                    node1→*
2923  L=3380  [node1 ] SEND     APP_GROUP                    node1→*
2924  L=3381  [node1 ] SEND     APP_GROUP                    node1→*
2925  L=3382  [node1 ] SEND     APP_GROUP                    node1→*
2926  L=3383  [node1 ] SEND     APP_GROUP                    node1→*
2927  L=3384  [node1 ] SEND     APP_GROUP                    node1→*
2928  L=3385  [node1 ] SEND     APP_GROUP                    node1→*
2929  L=3386  [node1 ] SEND     APP_GROUP                    node1→*
2930  L=3387  [node1 ] SEND     APP_GROUP                    node1→*
2931  L=3388  [node1 ] SEND     APP_GROUP                    node1→*
2932  L=3389  [node1 ] SEND     APP_GROUP                    node1→*
2933  L=3390  [node1 ] SEND     APP_GROUP                    node1→*
2934  L=3392  [node1 ] SEND     APP_GROUP                    node1→*
2935  L=3393  [node1 ] SEND     APP_GROUP                    node1→*
2936  L=3394  [node1 ] SEND     APP_GROUP                    node1→*
2937  L=3395  [node1 ] SEND     APP_GROUP                    node1→*
2938  L=3396  [node1 ] SEND     APP_GROUP                    node1→*
2939  L=3397  [node1 ] SEND     APP_CREATE_GROUP             node1→*
2940  L=3398  [node1 ] SEND     APP_GROUP                    node1→*
2941  L=3399  [node1 ] SEND     APP_GROUP                    node1→*
2942  L=3400  [node1 ] SEND     APP_GROUP                    node1→*
2943  L=3401  [node1 ] SEND     APP_GROUP                    node1→*
2944  L=3402  [node1 ] SEND     APP_GROUP                    node1→*
2945  L=3403  [node1 ] SEND     APP_GROUP                    node1→*
2946  L=3404  [node1 ] SEND     APP_GROUP                    node1→*
2947  L=3405  [node1 ] SEND     APP_GROUP                    node1→*
2948  L=3406  [node1 ] SEND     APP_GROUP                    node1→*
2949  L=3407  [node1 ] SEND     APP_GROUP                    node1→*
2950  L=3408  [node1 ] SEND     APP_GROUP                    node1→*
2951  L=3409  [node1 ] SEND     APP_GROUP                    node1→*
2952  L=3410  [node1 ] SEND     APP_GROUP                    node1→*
2953  L=3411  [node1 ] SEND     APP_GROUP                    node1→*
2954  L=3413  [node1 ] SEND     APP_GROUP                    node1→*
2955  L=3414  [node1 ] SEND     APP_GROUP                    node1→*
2956  L=3415  [node1 ] SEND     APP_GROUP                    node1→*
2957  L=3416  [node1 ] SEND     APP_GROUP                    node1→*
2958  L=3417  [node1 ] SEND     APP_GROUP                    node1→*
2959  L=3418  [node1 ] SEND     APP_CREATE_GROUP             node1→*
2960  L=3420  [node1 ] SEND     APP_CREATE_GROUP             node1→*
2961  L=3421  [node1 ] SEND     APP_GROUP                    node1→*
2962  L=3422  [node1 ] SEND     APP_GROUP                    node1→*
2963  L=3423  [node1 ] SEND     APP_GROUP                    node1→*
2964  L=3424  [node1 ] SEND     APP_GROUP                    node1→*
2965  L=3425  [node1 ] SEND     APP_GROUP                    node1→*
2966  L=3426  [node1 ] SEND     APP_GROUP                    node1→*
2967  L=3427  [node1 ] SEND     APP_GROUP                    node1→*
2968  L=3428  [node1 ] SEND     APP_GROUP                    node1→*
2969  L=3429  [node1 ] SEND     APP_GROUP                    node1→*
2970  L=3430  [node1 ] SEND     APP_GROUP                    node1→*
2971  L=3431  [node1 ] SEND     APP_GROUP                    node1→*
2972  L=3432  [node1 ] SEND     APP_GROUP                    node1→*
2973  L=3434  [node1 ] SEND     APP_GROUP                    node1→*
2974  L=3435  [node1 ] SEND     APP_CREATE_GROUP             node1→*
2975  L=3437  [node1 ] SEND     APP_CREATE_GROUP             node1→*
2976  L=3438  [node1 ] SEND     APP_GROUP                    node1→*
2977  L=3439  [node1 ] SEND     APP_GROUP                    node1→*
2978  L=3440  [node1 ] SEND     APP_GROUP                    node1→*
2979  L=3442  [node1 ] SEND     APP_GROUP                    node1→*
2980  L=3443  [node1 ] SEND     APP_GROUP                    node1→*
2981  L=3444  [node1 ] SEND     APP_GROUP                    node1→*
2982  L=3445  [node1 ] SEND     APP_GROUP                    node1→*
2983  L=3446  [node1 ] SEND     APP_CREATE_GROUP             node1→*
2984  L=3447  [node1 ] SEND     APP_GROUP                    node1→*
2985  L=3449  [node1 ] SEND     APP_CREATE_GROUP             node1→*
2986  L=3450  [node1 ] SEND     APP_GROUP                    node1→*
2987  L=3451  [node1 ] SEND     APP_GROUP                    node1→*
2988  L=3452  [node1 ] SEND     APP_GROUP                    node1→*
2989  L=3453  [node1 ] SEND     APP_GROUP                    node1→*
2990  L=3454  [node1 ] SEND     APP_GROUP                    node1→*
2991  L=3455  [node1 ] SEND     APP_GROUP                    node1→*
2992  L=3456  [node1 ] SEND     APP_GROUP                    node1→*
2993  L=3458  [node1 ] SEND     APP_GROUP                    node1→*
2994  L=3459  [node1 ] SEND     APP_GROUP                    node1→*
2995  L=3460  [node1 ] SEND     APP_GROUP                    node1→*
2996  L=3461  [node1 ] SEND     APP_GROUP                    node1→*
2997  L=3462  [node1 ] SEND     APP_CREATE_GROUP             node1→*
2998  L=3463  [node1 ] SEND     APP_GROUP                    node1→*
2999  L=3464  [node1 ] SEND     APP_GROUP                    node1→*
3000  L=3465  [node1 ] SEND     APP_GROUP                    node1→*
3001  L=3466  [node1 ] SEND     APP_GROUP                    node1→*
3002  L=3467  [node1 ] SEND     APP_GROUP                    node1→*
3003  L=3468  [node1 ] SEND     APP_GROUP                    node1→*
3004  L=3469  [node1 ] SEND     APP_GROUP                    node1→*
3005  L=3471  [node1 ] SEND     APP_GROUP                    node1→*
3006  L=3472  [node1 ] SEND     APP_GROUP                    node1→*
3007  L=3473  [node1 ] SEND     APP_GROUP                    node1→*
3008  L=3474  [node1 ] SEND     APP_GROUP                    node1→*
3009  L=3475  [node1 ] SEND     APP_GROUP                    node1→*
3010  L=3476  [node1 ] SEND     APP_CREATE_GROUP             node1→*
3011  L=3478  [node1 ] SEND     APP_CREATE_GROUP             node1→*
3012  L=3479  [node1 ] SEND     APP_GROUP                    node1→*
3013  L=3480  [node1 ] SEND     APP_GROUP                    node1→*
3014  L=3481  [node1 ] SEND     APP_GROUP                    node1→*
3015  L=3482  [node1 ] SEND     APP_GROUP                    node1→*
3016  L=3483  [node1 ] SEND     APP_GROUP                    node1→*
3017  L=3484  [node1 ] SEND     APP_GROUP                    node1→*
3018  L=3486  [node1 ] SEND     APP_CREATE_GROUP             node1→*
3019  L=3488  [node1 ] SEND     APP_GROUP                    node1→*
3020  L=3489  [node1 ] SEND     APP_GROUP                    node1→*
3021  L=3490  [node1 ] SEND     APP_GROUP                    node1→*
3022  L=3491  [node1 ] SEND     APP_GROUP                    node1→*
3023  L=3492  [node1 ] SEND     APP_CREATE_GROUP             node1→*
3024  L=3493  [node1 ] SEND     APP_GROUP                    node1→*
3025  L=3494  [node1 ] SEND     APP_GROUP                    node1→*
3026  L=3495  [node1 ] SEND     APP_GROUP                    node1→*
3027  L=3496  [node1 ] SEND     APP_GROUP                    node1→*
3028  L=3497  [node1 ] SEND     APP_GROUP                    node1→*
3029  L=3498  [node1 ] SEND     APP_GROUP                    node1→*
3030  L=3499  [node1 ] SEND     APP_GROUP                    node1→*
3031  L=3500  [node1 ] SEND     APP_GROUP                    node1→*
3032  L=3501  [node1 ] SEND     APP_GROUP                    node1→*
3033  L=3502  [node1 ] SEND     APP_GROUP                    node1→*
3034  L=3503  [node1 ] SEND     APP_GROUP                    node1→*
3035  L=3504  [node1 ] SEND     APP_GROUP                    node1→*
3036  L=3505  [node1 ] SEND     APP_GROUP                    node1→*
3037  L=3506  [node1 ] SEND     APP_GROUP                    node1→*
3038  L=3507  [node1 ] SEND     APP_GROUP                    node1→*
3039  L=3509  [node1 ] SEND     APP_GROUP                    node1→*
3040  L=3510  [node1 ] SEND     APP_GROUP                    node1→*
3041  L=3511  [node1 ] SEND     APP_GROUP                    node1→*
3042  L=3512  [node1 ] SEND     APP_GROUP                    node1→*
3043  L=3513  [node1 ] SEND     APP_GROUP                    node1→*
3044  L=3514  [node1 ] SEND     APP_CREATE_GROUP             node1→*
3045  L=3515  [node1 ] SEND     APP_GROUP                    node1→*
3046  L=3516  [node1 ] SEND     APP_GROUP                    node1→*
3047  L=3517  [node1 ] SEND     APP_GROUP                    node1→*
3048  L=3518  [node1 ] SEND     APP_GROUP                    node1→*
3049  L=3519  [node1 ] SEND     APP_GROUP                    node1→*
3050  L=3520  [node1 ] SEND     APP_GROUP                    node1→*
3051  L=3521  [node1 ] SEND     APP_GROUP                    node1→*
3052  L=3522  [node1 ] SEND     APP_GROUP                    node1→*
3053  L=3524  [node1 ] SEND     APP_CREATE_GROUP             node1→*
3054  L=3525  [node1 ] SEND     APP_GROUP                    node1→*
3055  L=3526  [node1 ] SEND     APP_GROUP                    node1→*
3056  L=3527  [node1 ] SEND     APP_GROUP                    node1→*
3057  L=3529  [node1 ] SEND     APP_CREATE_GROUP             node1→*
3058  L=3530  [node1 ] SEND     APP_GROUP                    node1→*
3059  L=3531  [node1 ] SEND     APP_GROUP                    node1→*
3060  L=3532  [node1 ] SEND     APP_GROUP                    node1→*
3061  L=3533  [node1 ] SEND     APP_GROUP                    node1→*
3062  L=3534  [node1 ] SEND     APP_GROUP                    node1→*
3063  L=3535  [node1 ] SEND     APP_GROUP                    node1→*
3064  L=3536  [node1 ] SEND     APP_GROUP                    node1→*
3065  L=3537  [node1 ] SEND     APP_GROUP                    node1→*
3066  L=3538  [node1 ] SEND     APP_GROUP                    node1→*
3067  L=3539  [node1 ] SEND     APP_GROUP                    node1→*
3068  L=3540  [node1 ] SEND     APP_GROUP                    node1→*
3069  L=3541  [node1 ] SEND     APP_GROUP                    node1→*
3070  L=3542  [node1 ] SEND     APP_GROUP                    node1→*
3071  L=3543  [node1 ] SEND     APP_GROUP                    node1→*
3072  L=3544  [node1 ] SEND     APP_GROUP                    node1→*
3073  L=3545  [node1 ] SEND     APP_GROUP                    node1→*
3074  L=3547  [node1 ] SEND     APP_GROUP                    node1→*
3075  L=3548  [node1 ] SEND     APP_GROUP                    node1→*
3076  L=3549  [node1 ] SEND     APP_GROUP                    node1→*
3077  L=3550  [node1 ] SEND     APP_GROUP                    node1→*
3078  L=3551  [node1 ] SEND     APP_GROUP                    node1→*
3079  L=3552  [node1 ] SEND     APP_CREATE_GROUP             node1→*
3080  L=3553  [node1 ] SEND     APP_GROUP                    node1→*
3081  L=3554  [node1 ] SEND     APP_GROUP                    node1→*
3082  L=3555  [node1 ] SEND     APP_GROUP                    node1→*
3083  L=3556  [node1 ] SEND     APP_GROUP                    node1→*
3084  L=3557  [node1 ] SEND     APP_GROUP                    node1→*
3085  L=3558  [node1 ] SEND     APP_GROUP                    node1→*
3086  L=3559  [node1 ] SEND     APP_GROUP                    node1→*
3087  L=3560  [node1 ] SEND     APP_GROUP                    node1→*
3089  L=3561  [node1 ] SEND     APP_GROUP                    node1→*
3088  L=3562  [node1 ] SEND     APP_GROUP                    node1→*
3090  L=3563  [node1 ] SEND     APP_GROUP                    node1→*
3091  L=3564  [node1 ] SEND     APP_GROUP                    node1→*
3092  L=3565  [node1 ] SEND     APP_GROUP                    node1→*
3093  L=3566  [node1 ] SEND     APP_GROUP                    node1→*
3094  L=3568  [node1 ] SEND     APP_GROUP                    node1→*
3096  L=3569  [node1 ] SEND     APP_GROUP                    node1→*
3095  L=3570  [node1 ] SEND     APP_GROUP                    node1→*
3097  L=3571  [node1 ] SEND     APP_GROUP                    node1→*
3098  L=3572  [node1 ] SEND     APP_GROUP                    node1→*
3099  L=3573  [node1 ] SEND     APP_GROUP                    node1→*
3100  L=3574  [node1 ] SEND     APP_GROUP                    node1→*
3101  L=3575  [node1 ] SEND     APP_GROUP                    node1→*
3102  L=3576  [node1 ] SEND     APP_GROUP                    node1→*
3103  L=3577  [node1 ] SEND     APP_CREATE_GROUP             node1→*
3104  L=3578  [node1 ] SEND     APP_GROUP                    node1→*
3105  L=3579  [node1 ] SEND     APP_GROUP                    node1→*
3106  L=3580  [node1 ] SEND     APP_GROUP                    node1→*
3107  L=3581  [node1 ] SEND     APP_GROUP                    node1→*
3108  L=3582  [node1 ] SEND     APP_GROUP                    node1→*
3109  L=3583  [node1 ] SEND     APP_GROUP                    node1→*
3110  L=3584  [node1 ] SEND     APP_GROUP                    node1→*
3111  L=3585  [node1 ] SEND     APP_GROUP                    node1→*
3112  L=3586  [node1 ] SEND     APP_GROUP                    node1→*
3113  L=3587  [node1 ] SEND     APP_GROUP                    node1→*
3114  L=3588  [node1 ] SEND     APP_GROUP                    node1→*
3115  L=3590  [node1 ] SEND     APP_GROUP                    node1→*
3116  L=3591  [node1 ] SEND     APP_GROUP                    node1→*
3117  L=3592  [node1 ] SEND     APP_GROUP                    node1→*
3118  L=3593  [node1 ] SEND     APP_GROUP                    node1→*
3119  L=3594  [node1 ] SEND     APP_GROUP                    node1→*
3120  L=3595  [node1 ] SEND     APP_CREATE_GROUP             node1→*
3121  L=3596  [node1 ] SEND     APP_GROUP                    node1→*
3122  L=3597  [node1 ] SEND     APP_GROUP                    node1→*
3123  L=3598  [node1 ] SEND     APP_GROUP                    node1→*
3124  L=3599  [node1 ] SEND     APP_GROUP                    node1→*
3125  L=3600  [node1 ] SEND     APP_GROUP                    node1→*
3126  L=3601  [node1 ] SEND     APP_GROUP                    node1→*
3127  L=3602  [node1 ] SEND     APP_GROUP                    node1→*
3128  L=3603  [node1 ] SEND     APP_GROUP                    node1→*
3129  L=3604  [node1 ] SEND     APP_GROUP                    node1→*
3130  L=3605  [node1 ] SEND     APP_GROUP                    node1→*
3131  L=3606  [node1 ] SEND     APP_GROUP                    node1→*
3132  L=3607  [node1 ] SEND     APP_GROUP                    node1→*
3133  L=3609  [node1 ] SEND     APP_GROUP                    node1→*
3134  L=3610  [node1 ] SEND     APP_GROUP                    node1→*
3135  L=3611  [node1 ] SEND     APP_GROUP                    node1→*
3136  L=3612  [node1 ] SEND     APP_GROUP                    node1→*
3137  L=3613  [node1 ] SEND     APP_CREATE_GROUP             node1→*
3138  L=3614  [node1 ] SEND     APP_GROUP                    node1→*
3139  L=3615  [node1 ] SEND     APP_GROUP                    node1→*
3140  L=3616  [node1 ] SEND     APP_GROUP                    node1→*
3141  L=3617  [node1 ] SEND     APP_GROUP                    node1→*
3142  L=3618  [node1 ] SEND     APP_GROUP                    node1→*
3143  L=3619  [node1 ] SEND     APP_GROUP                    node1→*
3144  L=3620  [node1 ] SEND     APP_GROUP                    node1→*
3145  L=3621  [node1 ] SEND     APP_GROUP                    node1→*
3146  L=3622  [node1 ] SEND     APP_GROUP                    node1→*
3147  L=3623  [node1 ] SEND     APP_GROUP                    node1→*
3148  L=3624  [node1 ] SEND     APP_GROUP                    node1→*
3150  L=3626  [node1 ] SEND     APP_CREATE_GROUP             node1→*
3149  L=3627  [node1 ] SEND     APP_GROUP                    node1→*
3151  L=3628  [node1 ] SEND     APP_GROUP                    node1→*
3152  L=3629  [node1 ] SEND     APP_GROUP                    node1→*
3153  L=3631  [node1 ] SEND     APP_GROUP                    node1→*
3154  L=3632  [node1 ] SEND     APP_GROUP                    node1→*
3155  L=3633  [node1 ] SEND     APP_GROUP                    node1→*
3156  L=3634  [node1 ] SEND     APP_CREATE_GROUP             node1→*
3157  L=3635  [node1 ] SEND     APP_GROUP                    node1→*
3158  L=3636  [node1 ] SEND     APP_GROUP                    node1→*
3159  L=3637  [node1 ] SEND     APP_GROUP                    node1→*
3160  L=3638  [node1 ] SEND     APP_GROUP                    node1→*
3161  L=3639  [node1 ] SEND     APP_GROUP                    node1→*
3162  L=3640  [node1 ] SEND     APP_GROUP                    node1→*
3163  L=3641  [node1 ] SEND     APP_GROUP                    node1→*
3164  L=3642  [node1 ] SEND     APP_GROUP                    node1→*
3165  L=3643  [node1 ] SEND     APP_GROUP                    node1→*
3166  L=3644  [node1 ] SEND     APP_GROUP                    node1→*
3167  L=3645  [node1 ] SEND     APP_GROUP                    node1→*
3168  L=3646  [node1 ] SEND     APP_GROUP                    node1→*
3169  L=3647  [node1 ] SEND     APP_GROUP                    node1→*
3170  L=3648  [node1 ] SEND     APP_GROUP                    node1→*
3171  L=3649  [node1 ] SEND     APP_GROUP                    node1→*
3172  L=3650  [node1 ] SEND     APP_GROUP                    node1→*
3173  L=3651  [node1 ] SEND     APP_GROUP                    node1→*
3174  L=3652  [node1 ] SEND     APP_GROUP                    node1→*
3175  L=3653  [node1 ] SEND     APP_GROUP                    node1→*
3176  L=3654  [node1 ] SEND     APP_GROUP                    node1→*
3177  L=3655  [node1 ] SEND     APP_GROUP                    node1→*
3178  L=3656  [node1 ] SEND     APP_GROUP                    node1→*
3179  L=3657  [node1 ] SEND     APP_GROUP                    node1→*
3180  L=3658  [node1 ] SEND     APP_GROUP                    node1→*
3181  L=3659  [node1 ] SEND     APP_GROUP                    node1→*
3182  L=3661  [node1 ] SEND     APP_CREATE_GROUP             node1→*
3183  L=3662  [node1 ] SEND     APP_GROUP                    node1→*
3184  L=3663  [node1 ] SEND     APP_GROUP                    node1→*
3185  L=3664  [node1 ] SEND     APP_GROUP                    node1→*
3186  L=3665  [node1 ] SEND     APP_GROUP                    node1→*
3187  L=3666  [node1 ] SEND     APP_GROUP                    node1→*
3188  L=3667  [node1 ] SEND     APP_GROUP                    node1→*
3189  L=3668  [node1 ] SEND     APP_GROUP                    node1→*
3190  L=3669  [node1 ] SEND     APP_GROUP                    node1→*
3191  L=3670  [node1 ] SEND     APP_GROUP                    node1→*
3192  L=3671  [node1 ] SEND     APP_GROUP                    node1→*
3193  L=3672  [node1 ] SEND     APP_GROUP                    node1→*
3194  L=3673  [node1 ] SEND     APP_GROUP                    node1→*
3195  L=3674  [node1 ] SEND     APP_GROUP                    node1→*
3196  L=3675  [node1 ] SEND     APP_GROUP                    node1→*
3197  L=3676  [node1 ] SEND     APP_GROUP                    node1→*
3198  L=3677  [node1 ] SEND     APP_GROUP                    node1→*
3199  L=3678  [node1 ] SEND     APP_GROUP                    node1→*
3200  L=3679  [node1 ] SEND     APP_GROUP                    node1→*
3201  L=3680  [node1 ] SEND     APP_GROUP                    node1→*
3202  L=3682  [node1 ] SEND     APP_CREATE_GROUP             node1→*
3203  L=3683  [node1 ] SEND     APP_GROUP                    node1→*
3204  L=3684  [node1 ] SEND     APP_GROUP                    node1→*
3205  L=3685  [node1 ] SEND     APP_GROUP                    node1→*
3206  L=3686  [node1 ] SEND     APP_GROUP                    node1→*
3207  L=3687  [node1 ] SEND     APP_GROUP                    node1→*
3208  L=3688  [node1 ] SEND     APP_GROUP                    node1→*
3209  L=3689  [node1 ] SEND     APP_GROUP                    node1→*
3210  L=3690  [node1 ] SEND     APP_GROUP                    node1→*
3211  L=3691  [node1 ] SEND     APP_GROUP                    node1→*
3212  L=3692  [node1 ] SEND     APP_GROUP                    node1→*
3213  L=3693  [node1 ] SEND     APP_GROUP                    node1→*
3214  L=3694  [node1 ] SEND     APP_GROUP                    node1→*
3215  L=3695  [node1 ] SEND     APP_GROUP                    node1→*
3216  L=3696  [node1 ] SEND     APP_GROUP                    node1→*
3217  L=3697  [node1 ] SEND     APP_GROUP                    node1→*
3218  L=3698  [node1 ] SEND     APP_GROUP                    node1→*
3219  L=3699  [node1 ] SEND     APP_GROUP                    node1→*
3220  L=3700  [node1 ] SEND     APP_GROUP                    node1→*
3221  L=3701  [node1 ] SEND     APP_GROUP                    node1→*
3222  L=3703  [node1 ] SEND     APP_CREATE_GROUP             node1→*
3223  L=3704  [node1 ] SEND     APP_GROUP                    node1→*
3224  L=3705  [node1 ] SEND     APP_GROUP                    node1→*
3225  L=3706  [node1 ] SEND     APP_GROUP                    node1→*
3226  L=3707  [node1 ] SEND     APP_GROUP                    node1→*
3227  L=3708  [node1 ] SEND     APP_GROUP                    node1→*
3228  L=3709  [node1 ] SEND     APP_GROUP                    node1→*
3229  L=3710  [node1 ] SEND     APP_GROUP                    node1→*
3230  L=3711  [node1 ] SEND     APP_GROUP                    node1→*
3231  L=3712  [node1 ] SEND     APP_GROUP                    node1→*
3232  L=3713  [node1 ] SEND     APP_GROUP                    node1→*
3233  L=3714  [node1 ] SEND     APP_GROUP                    node1→*
3234  L=3715  [node1 ] SEND     APP_GROUP                    node1→*
3235  L=3716  [node1 ] SEND     APP_GROUP                    node1→*
3236  L=3717  [node1 ] SEND     APP_GROUP                    node1→*
3237  L=3718  [node1 ] SEND     APP_GROUP                    node1→*
3238  L=3720  [node1 ] SEND     APP_GROUP                    node1→*
3239  L=3721  [node1 ] SEND     APP_GROUP                    node1→*
3240  L=3722  [node1 ] SEND     APP_GROUP                    node1→*
3241  L=3723  [node1 ] SEND     APP_GROUP                    node1→*
3242  L=3724  [node1 ] SEND     APP_GROUP                    node1→*
3243  L=3725  [node1 ] SEND     APP_GROUP                    node1→*
3244  L=3726  [node1 ] SEND     APP_GROUP                    node1→*
3246  L=3727  [node1 ] SEND     APP_GROUP                    node1→*
3245  L=3728  [node1 ] SEND     APP_CREATE_GROUP             node1→*
3247  L=3730  [node1 ] SEND     APP_GROUP                    node1→*
3248  L=3731  [node1 ] SEND     APP_GROUP                    node1→*
3249  L=3732  [node1 ] SEND     APP_GROUP                    node1→*
3250  L=3733  [node1 ] SEND     APP_GROUP                    node1→*
3251  L=3734  [node1 ] SEND     APP_CREATE_GROUP             node1→*
3252  L=3735  [node1 ] SEND     APP_GROUP                    node1→*
3253  L=3736  [node1 ] SEND     APP_GROUP                    node1→*
3254  L=3737  [node1 ] SEND     APP_GROUP                    node1→*
3255  L=3738  [node1 ] SEND     APP_GROUP                    node1→*
3256  L=3739  [node1 ] SEND     APP_GROUP                    node1→*
3257  L=3740  [node1 ] SEND     APP_GROUP                    node1→*
3258  L=3741  [node1 ] SEND     APP_GROUP                    node1→*
3259  L=3742  [node1 ] SEND     APP_GROUP                    node1→*
3260  L=3743  [node1 ] SEND     APP_GROUP                    node1→*
3261  L=3745  [node1 ] SEND     APP_CREATE_GROUP             node1→*
3262  L=3746  [node1 ] SEND     APP_GROUP                    node1→*
3263  L=3747  [node1 ] SEND     APP_GROUP                    node1→*
3264  L=3748  [node1 ] SEND     APP_GROUP                    node1→*
3265  L=3749  [node1 ] SEND     APP_GROUP                    node1→*
3266  L=3751  [node1 ] SEND     APP_CREATE_GROUP             node1→*
3267  L=3752  [node1 ] SEND     APP_GROUP                    node1→*
3268  L=3753  [node1 ] SEND     APP_GROUP                    node1→*
3269  L=3754  [node1 ] SEND     APP_GROUP                    node1→*
3270  L=3755  [node1 ] SEND     APP_GROUP                    node1→*
3271  L=3756  [node1 ] SEND     APP_GROUP                    node1→*
3272  L=3757  [node1 ] SEND     APP_GROUP                    node1→*
3273  L=3758  [node1 ] SEND     APP_GROUP                    node1→*
3274  L=3759  [node1 ] SEND     APP_GROUP                    node1→*
3275  L=3760  [node1 ] SEND     APP_GROUP                    node1→*
3276  L=3762  [node1 ] SEND     APP_GROUP                    node1→*
3277  L=3763  [node1 ] SEND     APP_GROUP                    node1→*
3278  L=3764  [node1 ] SEND     APP_GROUP                    node1→*
3279  L=3765  [node1 ] SEND     APP_GROUP                    node1→*
3280  L=3766  [node1 ] SEND     APP_CREATE_GROUP             node1→*
3281  L=3767  [node1 ] SEND     APP_GROUP                    node1→*
3282  L=3768  [node1 ] SEND     APP_GROUP                    node1→*
3283  L=3769  [node1 ] SEND     APP_GROUP                    node1→*
3284  L=3770  [node1 ] SEND     APP_GROUP                    node1→*
3285  L=3771  [node1 ] SEND     APP_GROUP                    node1→*
3286  L=3772  [node1 ] SEND     APP_GROUP                    node1→*
3287  L=3773  [node1 ] SEND     APP_GROUP                    node1→*
3288  L=3774  [node1 ] SEND     APP_GROUP                    node1→*
3289  L=3775  [node1 ] SEND     APP_GROUP                    node1→*
3290  L=3776  [node1 ] SEND     APP_GROUP                    node1→*
3291  L=3777  [node1 ] SEND     APP_GROUP                    node1→*
3292  L=3778  [node1 ] SEND     APP_GROUP                    node1→*
3293  L=3779  [node1 ] SEND     APP_GROUP                    node1→*
3294  L=3780  [node1 ] SEND     APP_GROUP                    node1→*
3296  L=3781  [node1 ] SEND     APP_GROUP                    node1→*
3295  L=3782  [node1 ] SEND     APP_GROUP                    node1→*
3297  L=3783  [node1 ] SEND     APP_GROUP                    node1→*
3298  L=3784  [node1 ] SEND     APP_GROUP                    node1→*
3299  L=3785  [node1 ] SEND     APP_GROUP                    node1→*
3300  L=3787  [node1 ] SEND     APP_CREATE_GROUP             node1→*
3301  L=3789  [node1 ] SEND     APP_CREATE_GROUP             node1→*
3302  L=3790  [node1 ] SEND     APP_GROUP                    node1→*
3303  L=3792  [node1 ] SEND     APP_CREATE_GROUP             node1→*
3304  L=3793  [node1 ] SEND     APP_GROUP                    node1→*
3305  L=3795  [node1 ] SEND     APP_GROUP                    node1→*
3306  L=3796  [node1 ] SEND     APP_GROUP                    node1→*
3307  L=3797  [node1 ] SEND     APP_GROUP                    node1→*
3308  L=3798  [node1 ] SEND     APP_GROUP                    node1→*
3309  L=3799  [node1 ] SEND     APP_CREATE_GROUP             node1→*
3310  L=3800  [node1 ] SEND     APP_GROUP                    node1→*
3311  L=3801  [node1 ] SEND     APP_GROUP                    node1→*
3312  L=3802  [node1 ] SEND     APP_GROUP                    node1→*
3313  L=3803  [node1 ] SEND     APP_GROUP                    node1→*
3314  L=3804  [node1 ] SEND     APP_GROUP                    node1→*
3315  L=3805  [node1 ] SEND     APP_GROUP                    node1→*
3316  L=3806  [node1 ] SEND     APP_GROUP                    node1→*
3317  L=3807  [node1 ] SEND     APP_GROUP                    node1→*
3318  L=3808  [node1 ] SEND     APP_GROUP                    node1→*
3319  L=3809  [node1 ] SEND     APP_GROUP                    node1→*
3320  L=3810  [node1 ] SEND     APP_GROUP                    node1→*
3321  L=3811  [node1 ] SEND     APP_GROUP                    node1→*
3322  L=3812  [node1 ] SEND     APP_GROUP                    node1→*
3323  L=3814  [node1 ] SEND     APP_GROUP                    node1→*
3324  L=3815  [node1 ] SEND     APP_GROUP                    node1→*
3325  L=3816  [node1 ] SEND     APP_GROUP                    node1→*
3326  L=3817  [node1 ] SEND     APP_GROUP                    node1→*
3327  L=3818  [node1 ] SEND     APP_CREATE_GROUP             node1→*
3328  L=3820  [node1 ] SEND     APP_GROUP                    node1→*
3329  L=3821  [node1 ] SEND     APP_GROUP                    node1→*
3330  L=3822  [node1 ] SEND     APP_GROUP                    node1→*
3331  L=3823  [node1 ] SEND     APP_GROUP                    node1→*
3332  L=3824  [node1 ] SEND     APP_GROUP                    node1→*
3333  L=3825  [node1 ] SEND     APP_CREATE_GROUP             node1→*
3334  L=3827  [node1 ] SEND     APP_GROUP                    node1→*
3335  L=3828  [node1 ] SEND     APP_GROUP                    node1→*
3336  L=3829  [node1 ] SEND     APP_GROUP                    node1→*
3337  L=3830  [node1 ] SEND     APP_GROUP                    node1→*
3338  L=3831  [node1 ] SEND     APP_CREATE_GROUP             node1→*
3339  L=3833  [node1 ] SEND     APP_GROUP                    node1→*
3340  L=3834  [node1 ] SEND     APP_CREATE_GROUP             node1→*
3341  L=3835  [node1 ] SEND     APP_GROUP                    node1→*
3342  L=3836  [node1 ] SEND     APP_GROUP                    node1→*
3343  L=3837  [node1 ] SEND     APP_GROUP                    node1→*
3344  L=3838  [node1 ] SEND     APP_GROUP                    node1→*
3345  L=3839  [node1 ] SEND     APP_GROUP                    node1→*
3346  L=3840  [node1 ] SEND     APP_GROUP                    node1→*
3347  L=3841  [node1 ] SEND     APP_GROUP                    node1→*
3348  L=3842  [node1 ] SEND     APP_GROUP                    node1→*
3349  L=3843  [node1 ] SEND     APP_GROUP                    node1→*
3350  L=3844  [node1 ] SEND     APP_GROUP                    node1→*
3351  L=3845  [node1 ] SEND     APP_GROUP                    node1→*
3352  L=3847  [node1 ] SEND     APP_CREATE_GROUP             node1→*
3353  L=3848  [node1 ] SEND     APP_GROUP                    node1→*
3354  L=3849  [node1 ] SEND     APP_GROUP                    node1→*
3355  L=3850  [node1 ] SEND     APP_GROUP                    node1→*
3356  L=3851  [node1 ] SEND     APP_GROUP                    node1→*
3357  L=3852  [node1 ] SEND     APP_GROUP                    node1→*
3358  L=3853  [node1 ] SEND     APP_GROUP                    node1→*
3359  L=3854  [node1 ] SEND     APP_GROUP                    node1→*
3360  L=3855  [node1 ] SEND     APP_GROUP                    node1→*
3361  L=3856  [node1 ] SEND     APP_GROUP                    node1→*
3362  L=3857  [node1 ] SEND     APP_GROUP                    node1→*
3363  L=3858  [node1 ] SEND     APP_GROUP                    node1→*
3364  L=3859  [node1 ] SEND     APP_GROUP                    node1→*
3365  L=3860  [node1 ] SEND     APP_GROUP                    node1→*
3366  L=3861  [node1 ] SEND     APP_GROUP                    node1→*
3367  L=3862  [node1 ] SEND     APP_GROUP                    node1→*
3368  L=3863  [node1 ] SEND     APP_GROUP                    node1→*
3369  L=3865  [node1 ] SEND     APP_GROUP                    node1→*
3370  L=3866  [node1 ] SEND     APP_GROUP                    node1→*
3371  L=3867  [node1 ] SEND     APP_GROUP                    node1→*
3372  L=3868  [node1 ] SEND     APP_GROUP                    node1→*
3373  L=3869  [node1 ] SEND     APP_CREATE_GROUP             node1→*
3374  L=3870  [node1 ] SEND     APP_GROUP                    node1→*
3375  L=3871  [node1 ] SEND     APP_GROUP                    node1→*
3376  L=3872  [node1 ] SEND     APP_GROUP                    node1→*
3377  L=3873  [node1 ] SEND     APP_GROUP                    node1→*
3378  L=3874  [node1 ] SEND     APP_GROUP                    node1→*
3379  L=3875  [node1 ] SEND     APP_GROUP                    node1→*
3380  L=3876  [node1 ] SEND     APP_GROUP                    node1→*
3381  L=3877  [node1 ] SEND     APP_GROUP                    node1→*
3382  L=3878  [node1 ] SEND     APP_GROUP                    node1→*
3383  L=3879  [node1 ] SEND     APP_GROUP                    node1→*
3384  L=3880  [node1 ] SEND     APP_GROUP                    node1→*
3385  L=3881  [node1 ] SEND     APP_GROUP                    node1→*
3386  L=3882  [node1 ] SEND     APP_GROUP                    node1→*
3387  L=3883  [node1 ] SEND     APP_GROUP                    node1→*
3388  L=3884  [node1 ] SEND     APP_GROUP                    node1→*
3389  L=3886  [node1 ] SEND     APP_CREATE_GROUP             node1→*
3390  L=3887  [node1 ] SEND     APP_GROUP                    node1→*
3391  L=3888  [node1 ] SEND     APP_GROUP                    node1→*
3392  L=3889  [node1 ] SEND     APP_GROUP                    node1→*
3393  L=3890  [node1 ] SEND     APP_GROUP                    node1→*
3394  L=3891  [node1 ] SEND     APP_GROUP                    node1→*
3395  L=3892  [node1 ] SEND     APP_GROUP                    node1→*
3396  L=3893  [node1 ] SEND     APP_GROUP                    node1→*
3397  L=3894  [node1 ] SEND     APP_GROUP                    node1→*
3398  L=3895  [node1 ] SEND     APP_GROUP                    node1→*
3399  L=3896  [node1 ] SEND     APP_GROUP                    node1→*
3400  L=3898  [node1 ] SEND     APP_CREATE_GROUP             node1→*
3401  L=3900  [node1 ] SEND     APP_GROUP                    node1→*
3402  L=3901  [node1 ] SEND     APP_GROUP                    node1→*
3403  L=3902  [node1 ] SEND     APP_GROUP                    node1→*
3404  L=3903  [node1 ] SEND     APP_GROUP                    node1→*
3405  L=3904  [node1 ] SEND     APP_GROUP                    node1→*
3406  L=3905  [node1 ] SEND     APP_GROUP                    node1→*
3407  L=3906  [node1 ] SEND     APP_GROUP                    node1→*
3408  L=3907  [node1 ] SEND     APP_GROUP                    node1→*
3409  L=3908  [node1 ] SEND     APP_GROUP                    node1→*
3411  L=3909  [node1 ] SEND     APP_CREATE_GROUP             node1→*
3410  L=3910  [node1 ] SEND     APP_GROUP                    node1→*
3412  L=3912  [node1 ] SEND     APP_GROUP                    node1→*
3413  L=3913  [node1 ] SEND     APP_GROUP                    node1→*
3414  L=3914  [node1 ] SEND     APP_GROUP                    node1→*
3415  L=3915  [node1 ] SEND     APP_GROUP                    node1→*
3416  L=3916  [node1 ] SEND     APP_GROUP                    node1→*
3417  L=3917  [node1 ] SEND     APP_CREATE_GROUP             node1→*
3418  L=3918  [node1 ] SEND     APP_GROUP                    node1→*
3419  L=3920  [node1 ] SEND     APP_CREATE_GROUP             node1→*
3420  L=3922  [node1 ] SEND     APP_GROUP                    node1→*
3421  L=3923  [node1 ] SEND     APP_GROUP                    node1→*
3422  L=3924  [node1 ] SEND     APP_GROUP                    node1→*
3423  L=3925  [node1 ] SEND     APP_GROUP                    node1→*
3424  L=3926  [node1 ] SEND     APP_GROUP                    node1→*
3425  L=3927  [node1 ] SEND     APP_CREATE_GROUP             node1→*
3426  L=3929  [node1 ] SEND     APP_CREATE_GROUP             node1→*
3427  L=3930  [node1 ] SEND     APP_GROUP                    node1→*
3428  L=3931  [node1 ] SEND     APP_GROUP                    node1→*
3429  L=3932  [node1 ] SEND     APP_GROUP                    node1→*
3430  L=3934  [node1 ] SEND     APP_GROUP                    node1→*
3431  L=3935  [node1 ] SEND     APP_GROUP                    node1→*
3432  L=3936  [node1 ] SEND     APP_GROUP                    node1→*
3433  L=3937  [node1 ] SEND     APP_GROUP                    node1→*
3434  L=3938  [node1 ] SEND     APP_GROUP                    node1→*
3435  L=3939  [node1 ] SEND     APP_GROUP                    node1→*
3436  L=3940  [node1 ] SEND     APP_CREATE_GROUP             node1→*
3437  L=3942  [node1 ] SEND     APP_GROUP                    node1→*
3438  L=3943  [node1 ] SEND     APP_GROUP                    node1→*
3439  L=3944  [node1 ] SEND     APP_GROUP                    node1→*
3440  L=3945  [node1 ] SEND     APP_GROUP                    node1→*
3441  L=3946  [node1 ] SEND     APP_CREATE_GROUP             node1→*
3442  L=3947  [node1 ] SEND     APP_GROUP                    node1→*
3443  L=3949  [node1 ] SEND     APP_GROUP                    node1→*
3444  L=3950  [node1 ] SEND     APP_GROUP                    node1→*
3445  L=3951  [node1 ] SEND     APP_GROUP                    node1→*
3446  L=3952  [node1 ] SEND     APP_GROUP                    node1→*
3447  L=3953  [node1 ] SEND     APP_GROUP                    node1→*
3448  L=3954  [node1 ] SEND     APP_GROUP                    node1→*
3449  L=3955  [node1 ] SEND     APP_GROUP                    node1→*
3450  L=3956  [node1 ] SEND     APP_GROUP                    node1→*
3451  L=3957  [node1 ] SEND     APP_GROUP                    node1→*
3452  L=3959  [node1 ] SEND     APP_CREATE_GROUP             node1→*
3453  L=3960  [node1 ] SEND     APP_GROUP                    node1→*
3454  L=3961  [node1 ] SEND     APP_GROUP                    node1→*
3455  L=3962  [node1 ] SEND     APP_CREATE_GROUP             node1→*
3456  L=3964  [node1 ] SEND     APP_CREATE_GROUP             node1→*
3457  L=3965  [node1 ] SEND     APP_GROUP                    node1→*
3458  L=3966  [node1 ] SEND     APP_GROUP                    node1→*
3459  L=3967  [node1 ] SEND     APP_GROUP                    node1→*
3460  L=3968  [node1 ] SEND     APP_GROUP                    node1→*
3461  L=3969  [node1 ] SEND     APP_GROUP                    node1→*
3462  L=3970  [node1 ] SEND     APP_GROUP                    node1→*
3463  L=3971  [node1 ] SEND     APP_GROUP                    node1→*
3464  L=3972  [node1 ] SEND     APP_GROUP                    node1→*
3465  L=3973  [node1 ] SEND     APP_GROUP                    node1→*
3466  L=3974  [node1 ] SEND     APP_GROUP                    node1→*
3467  L=3975  [node1 ] SEND     APP_GROUP                    node1→*
3468  L=3976  [node1 ] SEND     APP_GROUP                    node1→*
3469  L=3977  [node1 ] SEND     APP_GROUP                    node1→*
3470  L=3978  [node1 ] SEND     APP_GROUP                    node1→*
3471  L=3979  [node1 ] SEND     APP_GROUP                    node1→*
3472  L=3980  [node1 ] SEND     APP_GROUP                    node1→*
3473  L=3981  [node1 ] SEND     APP_GROUP                    node1→*
3474  L=3982  [node1 ] SEND     APP_GROUP                    node1→*
3475  L=3983  [node1 ] SEND     APP_GROUP                    node1→*
3476  L=3984  [node1 ] SEND     APP_GROUP                    node1→*
3477  L=3985  [node1 ] SEND     APP_GROUP                    node1→*
3478  L=3987  [node1 ] SEND     APP_GROUP                    node1→*
3479  L=3988  [node1 ] SEND     APP_GROUP                    node1→*
3480  L=3989  [node1 ] SEND     APP_GROUP                    node1→*
3481  L=3990  [node1 ] SEND     APP_GROUP                    node1→*
3482  L=3991  [node1 ] SEND     APP_GROUP                    node1→*
3483  L=3992  [node1 ] SEND     APP_GROUP                    node1→*
3484  L=3993  [node1 ] SEND     APP_GROUP                    node1→*
3485  L=3994  [node1 ] SEND     APP_GROUP                    node1→*
3486  L=3995  [node1 ] SEND     APP_GROUP                    node1→*
3487  L=3996  [node1 ] SEND     APP_GROUP                    node1→*
3488  L=3997  [node1 ] SEND     APP_CREATE_GROUP             node1→*
3489  L=3998  [node1 ] SEND     APP_GROUP                    node1→*
3490  L=3999  [node1 ] SEND     APP_GROUP                    node1→*
3491  L=4000  [node1 ] SEND     APP_GROUP                    node1→*
3492  L=4001  [node1 ] SEND     APP_GROUP                    node1→*
3493  L=4002  [node1 ] SEND     APP_GROUP                    node1→*
3494  L=4003  [node1 ] SEND     APP_GROUP                    node1→*
3495  L=4004  [node1 ] SEND     APP_GROUP                    node1→*
3496  L=4005  [node1 ] SEND     APP_GROUP                    node1→*
3497  L=4006  [node1 ] SEND     APP_GROUP                    node1→*
3498  L=4007  [node1 ] SEND     APP_GROUP                    node1→*
3499  L=4008  [node1 ] SEND     APP_GROUP                    node1→*
3500  L=4009  [node1 ] SEND     APP_GROUP                    node1→*
3501  L=4010  [node1 ] SEND     APP_GROUP                    node1→*
3502  L=4011  [node1 ] SEND     APP_GROUP                    node1→*
3504  L=4012  [node1 ] SEND     APP_GROUP                    node1→*
3503  L=4013  [node1 ] SEND     APP_GROUP                    node1→*
3505  L=4014  [node1 ] SEND     APP_GROUP                    node1→*
3506  L=4015  [node1 ] SEND     APP_GROUP                    node1→*
3507  L=4016  [node1 ] SEND     APP_GROUP                    node1→*
3508  L=4017  [node1 ] SEND     APP_GROUP                    node1→*
3509  L=4018  [node1 ] SEND     APP_GROUP                    node1→*
3510  L=4020  [node1 ] SEND     APP_GROUP                    node1→*
3511  L=4021  [node1 ] SEND     APP_GROUP                    node1→*
3512  L=4022  [node1 ] SEND     APP_GROUP                    node1→*
3513  L=4023  [node1 ] SEND     APP_GROUP                    node1→*
3514  L=4024  [node1 ] SEND     APP_GROUP                    node1→*
3515  L=4025  [node1 ] SEND     APP_GROUP                    node1→*
3516  L=4026  [node1 ] SEND     APP_GROUP                    node1→*
3517  L=4027  [node1 ] SEND     APP_CREATE_GROUP             node1→*
3518  L=4029  [node1 ] SEND     APP_GROUP                    node1→*
3519  L=4030  [node1 ] SEND     APP_GROUP                    node1→*
3520  L=4031  [node1 ] SEND     APP_GROUP                    node1→*
3521  L=4032  [node1 ] SEND     APP_GROUP                    node1→*
3522  L=4033  [node1 ] SEND     APP_GROUP                    node1→*
3523  L=4034  [node1 ] SEND     APP_CREATE_GROUP             node1→*
3524  L=4035  [node1 ] SEND     APP_GROUP                    node1→*
3525  L=4036  [node1 ] SEND     APP_GROUP                    node1→*
3526  L=4037  [node1 ] SEND     APP_GROUP                    node1→*
3527  L=4038  [node1 ] SEND     APP_GROUP                    node1→*
3528  L=4039  [node1 ] SEND     APP_GROUP                    node1→*
3529  L=4040  [node1 ] SEND     APP_GROUP                    node1→*
3530  L=4041  [node1 ] SEND     APP_GROUP                    node1→*
3531  L=4042  [node1 ] SEND     APP_GROUP                    node1→*
3532  L=4043  [node1 ] SEND     APP_GROUP                    node1→*
3533  L=4044  [node1 ] SEND     APP_GROUP                    node1→*
3534  L=4045  [node1 ] SEND     APP_GROUP                    node1→*
3535  L=4046  [node1 ] SEND     APP_GROUP                    node1→*
3536  L=4047  [node1 ] SEND     APP_GROUP                    node1→*
3537  L=4048  [node1 ] SEND     APP_GROUP                    node1→*
3538  L=4050  [node1 ] SEND     APP_GROUP                    node1→*
3539  L=4051  [node1 ] SEND     APP_GROUP                    node1→*
3540  L=4052  [node1 ] SEND     APP_GROUP                    node1→*
3541  L=4053  [node1 ] SEND     APP_GROUP                    node1→*
3542  L=4054  [node1 ] SEND     APP_GROUP                    node1→*
3543  L=4055  [node1 ] SEND     APP_GROUP                    node1→*
3544  L=4056  [node1 ] SEND     APP_GROUP                    node1→*
3545  L=4057  [node1 ] SEND     APP_GROUP                    node1→*
3546  L=4058  [node1 ] SEND     APP_GROUP                    node1→*
3547  L=4059  [node1 ] SEND     APP_GROUP                    node1→*
3548  L=4060  [node1 ] SEND     APP_GROUP                    node1→*
3549  L=4061  [node1 ] SEND     APP_GROUP                    node1→*
3550  L=4062  [node1 ] SEND     APP_GROUP                    node1→*
3551  L=4063  [node1 ] SEND     APP_GROUP                    node1→*
3552  L=4064  [node1 ] SEND     APP_GROUP                    node1→*
3553  L=4065  [node1 ] SEND     APP_CREATE_GROUP             node1→*
3554  L=4067  [node1 ] SEND     APP_GROUP                    node1→*
3555  L=4068  [node1 ] SEND     APP_GROUP                    node1→*
3556  L=4069  [node1 ] SEND     APP_GROUP                    node1→*
3557  L=4070  [node1 ] SEND     APP_GROUP                    node1→*
3558  L=4071  [node1 ] SEND     APP_GROUP                    node1→*
3559  L=4072  [node1 ] SEND     APP_GROUP                    node1→*
3560  L=4073  [node1 ] SEND     APP_CREATE_GROUP             node1→*
3561  L=4075  [node1 ] SEND     APP_CREATE_GROUP             node1→*
3562  L=4077  [node1 ] SEND     APP_GROUP                    node1→*
3563  L=4078  [node1 ] SEND     APP_GROUP                    node1→*
3564  L=4079  [node1 ] SEND     APP_GROUP                    node1→*
3565  L=4080  [node1 ] SEND     APP_GROUP                    node1→*
3566  L=4081  [node1 ] SEND     APP_GROUP                    node1→*
3567  L=4082  [node1 ] SEND     APP_CREATE_GROUP             node1→*
3568  L=4084  [node1 ] SEND     APP_GROUP                    node1→*
3569  L=4085  [node1 ] SEND     APP_GROUP                    node1→*
3570  L=4086  [node1 ] SEND     APP_GROUP                    node1→*
3571  L=4087  [node1 ] SEND     APP_CREATE_GROUP             node1→*
3572  L=4089  [node1 ] SEND     APP_CREATE_GROUP             node1→*
3573  L=4090  [node1 ] SEND     APP_GROUP                    node1→*
3574  L=4091  [node1 ] SEND     APP_GROUP                    node1→*
3575  L=4092  [node1 ] SEND     APP_GROUP                    node1→*
3576  L=4093  [node1 ] SEND     APP_GROUP                    node1→*
3577  L=4094  [node1 ] SEND     APP_GROUP                    node1→*
3578  L=4095  [node1 ] SEND     APP_GROUP                    node1→*
3579  L=4096  [node1 ] SEND     APP_GROUP                    node1→*
3580  L=4097  [node1 ] SEND     APP_GROUP                    node1→*
3581  L=4098  [node1 ] SEND     APP_GROUP                    node1→*
3582  L=4099  [node1 ] SEND     APP_GROUP                    node1→*
3583  L=4100  [node1 ] SEND     APP_GROUP                    node1→*
3584  L=4101  [node1 ] SEND     APP_GROUP                    node1→*
3585  L=4102  [node1 ] SEND     APP_GROUP                    node1→*
3586  L=4103  [node1 ] SEND     APP_GROUP                    node1→*
3587  L=4104  [node1 ] SEND     APP_GROUP                    node1→*
3588  L=4105  [node1 ] SEND     APP_GROUP                    node1→*
3589  L=4106  [node1 ] SEND     APP_GROUP                    node1→*
3590  L=4107  [node1 ] SEND     APP_GROUP                    node1→*
3591  L=4108  [node1 ] SEND     APP_GROUP                    node1→*
3592  L=4109  [node1 ] SEND     APP_GROUP                    node1→*
3593  L=4110  [node1 ] SEND     APP_GROUP                    node1→*
3594  L=4111  [node1 ] SEND     APP_GROUP                    node1→*
3595  L=4112  [node1 ] SEND     APP_GROUP                    node1→*
3596  L=4113  [node1 ] SEND     APP_GROUP                    node1→*
3597  L=4114  [node1 ] SEND     APP_GROUP                    node1→*
3598  L=4115  [node1 ] SEND     APP_GROUP                    node1→*
3599  L=4116  [node1 ] SEND     APP_GROUP                    node1→*
3600  L=4117  [node1 ] SEND     APP_GROUP                    node1→*
3601  L=4118  [node1 ] SEND     APP_GROUP                    node1→*
3602  L=4119  [node1 ] SEND     APP_GROUP                    node1→*
3603  L=4120  [node1 ] SEND     APP_GROUP                    node1→*
3604  L=4122  [node1 ] SEND     APP_GROUP                    node1→*
3605  L=4123  [node1 ] SEND     APP_GROUP                    node1→*
3606  L=4124  [node1 ] SEND     APP_GROUP                    node1→*
3607  L=4125  [node1 ] SEND     APP_GROUP                    node1→*
3608  L=4126  [node1 ] SEND     APP_GROUP                    node1→*
3609  L=4127  [node1 ] SEND     APP_GROUP                    node1→*
3610  L=4128  [node1 ] SEND     APP_GROUP                    node1→*
3611  L=4129  [node1 ] SEND     APP_GROUP                    node1→*
3612  L=4130  [node1 ] SEND     APP_GROUP                    node1→*
3613  L=4131  [node1 ] SEND     APP_GROUP                    node1→*
3614  L=4132  [node1 ] SEND     APP_GROUP                    node1→*
3615  L=4133  [node1 ] SEND     APP_CREATE_GROUP             node1→*
3616  L=4134  [node1 ] SEND     APP_GROUP                    node1→*
3617  L=4135  [node1 ] SEND     APP_GROUP                    node1→*
3618  L=4136  [node1 ] SEND     APP_GROUP                    node1→*
3619  L=4137  [node1 ] SEND     APP_GROUP                    node1→*
3620  L=4139  [node1 ] SEND     APP_GROUP                    node1→*
3621  L=4140  [node1 ] SEND     APP_GROUP                    node1→*
3622  L=4141  [node1 ] SEND     APP_GROUP                    node1→*
3623  L=4142  [node1 ] SEND     APP_GROUP                    node1→*
3624  L=4143  [node1 ] SEND     APP_GROUP                    node1→*
3625  L=4144  [node1 ] SEND     APP_GROUP                    node1→*
3626  L=4145  [node1 ] SEND     APP_GROUP                    node1→*
3627  L=4146  [node1 ] SEND     APP_GROUP                    node1→*
3628  L=4147  [node1 ] SEND     APP_CREATE_GROUP             node1→*
3629  L=4149  [node1 ] SEND     APP_GROUP                    node1→*
3630  L=4150  [node1 ] SEND     APP_GROUP                    node1→*
3631  L=4151  [node1 ] SEND     APP_GROUP                    node1→*
3632  L=4152  [node1 ] SEND     APP_GROUP                    node1→*
3633  L=4154  [node1 ] SEND     APP_CREATE_GROUP             node1→*
3634  L=4155  [node1 ] SEND     APP_GROUP                    node1→*
3635  L=4156  [node1 ] SEND     APP_GROUP                    node1→*
3636  L=4157  [node1 ] SEND     APP_CREATE_GROUP             node1→*
3637  L=4158  [node1 ] SEND     APP_GROUP                    node1→*
3638  L=4160  [node1 ] SEND     APP_GROUP                    node1→*
3639  L=4161  [node1 ] SEND     APP_GROUP                    node1→*
3640  L=4162  [node1 ] SEND     APP_GROUP                    node1→*
3641  L=4163  [node1 ] SEND     APP_GROUP                    node1→*
3642  L=4164  [node1 ] SEND     APP_GROUP                    node1→*
3643  L=4165  [node1 ] SEND     APP_GROUP                    node1→*
3644  L=4166  [node1 ] SEND     APP_GROUP                    node1→*
3645  L=4167  [node1 ] SEND     APP_CREATE_GROUP             node1→*
3646  L=4168  [node1 ] SEND     APP_GROUP                    node1→*
3647  L=4170  [node1 ] SEND     APP_GROUP                    node1→*
3648  L=4171  [node1 ] SEND     APP_GROUP                    node1→*
3649  L=4172  [node1 ] SEND     APP_GROUP                    node1→*
3650  L=4173  [node1 ] SEND     APP_GROUP                    node1→*
3651  L=4174  [node1 ] SEND     APP_CREATE_GROUP             node1→*
3652  L=4176  [node1 ] SEND     APP_GROUP                    node1→*
3653  L=4177  [node1 ] SEND     APP_GROUP                    node1→*
3654  L=4178  [node1 ] SEND     APP_GROUP                    node1→*
3655  L=4179  [node1 ] SEND     APP_GROUP                    node1→*
3656  L=4180  [node1 ] SEND     APP_CREATE_GROUP             node1→*
3657  L=4181  [node1 ] SEND     APP_GROUP                    node1→*
3658  L=4182  [node1 ] SEND     APP_GROUP                    node1→*
3659  L=4183  [node1 ] SEND     APP_GROUP                    node1→*
3660  L=4184  [node1 ] SEND     APP_GROUP                    node1→*
3661  L=4185  [node1 ] SEND     APP_GROUP                    node1→*
3662  L=4186  [node1 ] SEND     APP_GROUP                    node1→*
3663  L=4187  [node1 ] SEND     APP_GROUP                    node1→*
3664  L=4188  [node1 ] SEND     APP_GROUP                    node1→*
3665  L=4189  [node1 ] SEND     APP_GROUP                    node1→*
3666  L=4190  [node1 ] SEND     APP_GROUP                    node1→*
3667  L=4191  [node1 ] SEND     APP_GROUP                    node1→*
3668  L=4193  [node1 ] SEND     APP_CREATE_GROUP             node1→*
3669  L=4194  [node1 ] SEND     APP_GROUP                    node1→*
3670  L=4195  [node1 ] SEND     APP_GROUP                    node1→*
3671  L=4196  [node1 ] SEND     APP_GROUP                    node1→*
3672  L=4197  [node1 ] SEND     APP_GROUP                    node1→*
3673  L=4198  [node1 ] SEND     APP_GROUP                    node1→*
3674  L=4199  [node1 ] SEND     APP_GROUP                    node1→*
3675  L=4201  [node1 ] SEND     APP_CREATE_GROUP             node1→*
3676  L=4202  [node1 ] SEND     APP_GROUP                    node1→*
3677  L=4203  [node1 ] SEND     APP_GROUP                    node1→*
3678  L=4204  [node1 ] SEND     APP_GROUP                    node1→*
3679  L=4205  [node1 ] SEND     APP_GROUP                    node1→*
3680  L=4206  [node1 ] SEND     APP_GROUP                    node1→*
3681  L=4207  [node1 ] SEND     APP_GROUP                    node1→*
3682  L=4208  [node1 ] SEND     APP_GROUP                    node1→*
3683  L=4209  [node1 ] SEND     APP_GROUP                    node1→*
3684  L=4210  [node1 ] SEND     APP_GROUP                    node1→*
3685  L=4211  [node1 ] SEND     APP_GROUP                    node1→*
3686  L=4212  [node1 ] SEND     APP_GROUP                    node1→*
3687  L=4213  [node1 ] SEND     APP_GROUP                    node1→*
3688  L=4214  [node1 ] SEND     APP_GROUP                    node1→*
3689  L=4215  [node1 ] SEND     APP_GROUP                    node1→*
3690  L=4216  [node1 ] SEND     APP_GROUP                    node1→*
3691  L=4218  [node1 ] SEND     APP_GROUP                    node1→*
3692  L=4219  [node1 ] SEND     APP_GROUP                    node1→*
3693  L=4220  [node1 ] SEND     APP_GROUP                    node1→*
3694  L=4221  [node1 ] SEND     APP_GROUP                    node1→*
3695  L=4222  [node1 ] SEND     APP_GROUP                    node1→*
3696  L=4223  [node1 ] SEND     APP_GROUP                    node1→*
3697  L=4224  [node1 ] SEND     APP_GROUP                    node1→*
3698  L=4225  [node1 ] SEND     APP_GROUP                    node1→*
3699  L=4226  [node1 ] SEND     APP_GROUP                    node1→*
3700  L=4227  [node1 ] SEND     APP_CREATE_GROUP             node1→*
3701  L=4229  [node1 ] SEND     APP_GROUP                    node1→*
3703  L=4230  [node1 ] SEND     APP_GROUP                    node1→*
3702  L=4231  [node1 ] SEND     APP_GROUP                    node1→*
3704  L=4232  [node1 ] SEND     APP_GROUP                    node1→*
3705  L=4233  [node1 ] SEND     APP_GROUP                    node1→*
3706  L=4234  [node1 ] SEND     APP_GROUP                    node1→*
3707  L=4235  [node1 ] SEND     APP_CREATE_GROUP             node1→*
3708  L=4237  [node1 ] SEND     APP_CREATE_GROUP             node1→*
3709  L=4238  [node1 ] SEND     APP_GROUP                    node1→*
3710  L=4240  [node1 ] SEND     APP_CREATE_GROUP             node1→*
3711  L=4241  [node1 ] SEND     APP_GROUP                    node1→*
3712  L=4243  [node1 ] SEND     APP_CREATE_GROUP             node1→*
3713  L=4244  [node1 ] SEND     APP_GROUP                    node1→*
3714  L=4245  [node1 ] SEND     APP_GROUP                    node1→*
3715  L=4246  [node1 ] SEND     APP_GROUP                    node1→*
3716  L=4247  [node1 ] SEND     APP_GROUP                    node1→*
3717  L=4248  [node1 ] SEND     APP_GROUP                    node1→*
3718  L=4249  [node1 ] SEND     APP_GROUP                    node1→*
3719  L=4250  [node1 ] SEND     APP_GROUP                    node1→*
3720  L=4251  [node1 ] SEND     APP_GROUP                    node1→*
3721  L=4252  [node1 ] SEND     APP_GROUP                    node1→*
3722  L=4253  [node1 ] SEND     APP_GROUP                    node1→*
3723  L=4254  [node1 ] SEND     APP_GROUP                    node1→*
3724  L=4255  [node1 ] SEND     APP_GROUP                    node1→*
3725  L=4256  [node1 ] SEND     APP_GROUP                    node1→*
3726  L=4258  [node1 ] SEND     APP_CREATE_GROUP             node1→*
3727  L=4259  [node1 ] SEND     APP_GROUP                    node1→*
3728  L=4260  [node1 ] SEND     APP_GROUP                    node1→*
3729  L=4261  [node1 ] SEND     APP_GROUP                    node1→*
3730  L=4262  [node1 ] SEND     APP_GROUP                    node1→*
3731  L=4263  [node1 ] SEND     APP_GROUP                    node1→*
3732  L=4264  [node1 ] SEND     APP_GROUP                    node1→*
3733  L=4265  [node1 ] SEND     APP_GROUP                    node1→*
3734  L=4266  [node1 ] SEND     APP_GROUP                    node1→*
3735  L=4267  [node1 ] SEND     APP_GROUP                    node1→*
3736  L=4268  [node1 ] SEND     APP_GROUP                    node1→*
3737  L=4269  [node1 ] SEND     APP_GROUP                    node1→*
3738  L=4270  [node1 ] SEND     APP_GROUP                    node1→*
3739  L=4271  [node1 ] SEND     APP_GROUP                    node1→*
3740  L=4272  [node1 ] SEND     APP_GROUP                    node1→*
3741  L=4273  [node1 ] SEND     APP_GROUP                    node1→*
3742  L=4274  [node1 ] SEND     APP_GROUP                    node1→*
3743  L=4275  [node1 ] SEND     APP_GROUP                    node1→*
3744  L=4277  [node1 ] SEND     APP_CREATE_GROUP             node1→*
3745  L=4279  [node1 ] SEND     APP_CREATE_GROUP             node1→*
3746  L=4280  [node1 ] SEND     APP_GROUP                    node1→*
3747  L=4281  [node1 ] SEND     APP_GROUP                    node1→*
3748  L=4282  [node1 ] SEND     APP_GROUP                    node1→*
3749  L=4283  [node1 ] SEND     APP_GROUP                    node1→*
3750  L=4284  [node1 ] SEND     APP_GROUP                    node1→*
3751  L=4285  [node1 ] SEND     APP_GROUP                    node1→*
3752  L=4286  [node1 ] SEND     APP_GROUP                    node1→*
3753  L=4287  [node1 ] SEND     APP_GROUP                    node1→*
3754  L=4288  [node1 ] SEND     APP_GROUP                    node1→*
3755  L=4289  [node1 ] SEND     APP_GROUP                    node1→*
3756  L=4290  [node1 ] SEND     APP_GROUP                    node1→*
3757  L=4292  [node1 ] SEND     APP_CREATE_GROUP             node1→*
3758  L=4293  [node1 ] SEND     APP_GROUP                    node1→*
3759  L=4294  [node1 ] SEND     APP_GROUP                    node1→*
3760  L=4295  [node1 ] SEND     APP_GROUP                    node1→*
3761  L=4296  [node1 ] SEND     APP_GROUP                    node1→*
3762  L=4297  [node1 ] SEND     APP_GROUP                    node1→*
3763  L=4298  [node1 ] SEND     APP_GROUP                    node1→*
3764  L=4299  [node1 ] SEND     APP_GROUP                    node1→*
3766  L=4300  [node1 ] SEND     APP_GROUP                    node1→*
3765  L=4301  [node1 ] SEND     APP_GROUP                    node1→*
3767  L=4302  [node1 ] SEND     APP_GROUP                    node1→*
3768  L=4303  [node1 ] SEND     APP_GROUP                    node1→*
3769  L=4304  [node1 ] SEND     APP_GROUP                    node1→*
3770  L=4305  [node1 ] SEND     APP_GROUP                    node1→*
3771  L=4306  [node1 ] SEND     APP_GROUP                    node1→*
3772  L=4307  [node1 ] SEND     APP_GROUP                    node1→*
3773  L=4308  [node1 ] SEND     APP_GROUP                    node1→*
3774  L=4309  [node1 ] SEND     APP_GROUP                    node1→*
3775  L=4310  [node1 ] SEND     APP_GROUP                    node1→*
3776  L=4312  [node1 ] SEND     APP_CREATE_GROUP             node1→*
3777  L=4313  [node1 ] SEND     APP_GROUP                    node1→*
3778  L=4314  [node1 ] SEND     APP_GROUP                    node1→*
3779  L=4315  [node1 ] SEND     APP_GROUP                    node1→*
3780  L=4317  [node1 ] SEND     APP_CREATE_GROUP             node1→*
3781  L=4318  [node1 ] SEND     APP_GROUP                    node1→*
3782  L=4319  [node1 ] SEND     APP_GROUP                    node1→*
3783  L=4320  [node1 ] SEND     APP_GROUP                    node1→*
3784  L=4321  [node1 ] SEND     APP_GROUP                    node1→*
3785  L=4322  [node1 ] SEND     APP_GROUP                    node1→*
3786  L=4324  [node1 ] SEND     APP_GROUP                    node1→*
3787  L=4325  [node1 ] SEND     APP_GROUP                    node1→*
3788  L=4326  [node1 ] SEND     APP_GROUP                    node1→*
3789  L=4327  [node1 ] SEND     APP_GROUP                    node1→*
3790  L=4328  [node1 ] SEND     APP_CREATE_GROUP             node1→*
3791  L=4329  [node1 ] SEND     APP_GROUP                    node1→*
3792  L=4330  [node1 ] SEND     APP_GROUP                    node1→*
3793  L=4331  [node1 ] SEND     APP_GROUP                    node1→*
3794  L=4332  [node1 ] SEND     APP_GROUP                    node1→*
3795  L=4334  [node1 ] SEND     APP_CREATE_GROUP             node1→*
3796  L=4335  [node1 ] SEND     APP_GROUP                    node1→*
3797  L=4336  [node1 ] SEND     APP_GROUP                    node1→*
3798  L=4337  [node1 ] SEND     APP_GROUP                    node1→*
3799  L=4338  [node1 ] SEND     APP_GROUP                    node1→*
3800  L=4339  [node1 ] SEND     APP_GROUP                    node1→*
3801  L=4340  [node1 ] SEND     APP_GROUP                    node1→*
3802  L=4341  [node1 ] SEND     APP_GROUP                    node1→*
3803  L=4342  [node1 ] SEND     APP_GROUP                    node1→*
3804  L=4344  [node1 ] SEND     APP_GROUP                    node1→*
3805  L=4345  [node1 ] SEND     APP_GROUP                    node1→*
3806  L=4346  [node1 ] SEND     APP_GROUP                    node1→*
3807  L=4347  [node1 ] SEND     APP_GROUP                    node1→*
3808  L=4348  [node1 ] SEND     APP_GROUP                    node1→*
3809  L=4349  [node1 ] SEND     APP_GROUP                    node1→*
3810  L=4350  [node1 ] SEND     APP_GROUP                    node1→*
3811  L=4351  [node1 ] SEND     APP_CREATE_GROUP             node1→*
3812  L=4353  [node1 ] SEND     APP_GROUP                    node1→*
3813  L=4354  [node1 ] SEND     APP_GROUP                    node1→*
3814  L=4355  [node1 ] SEND     APP_GROUP                    node1→*
3815  L=4356  [node1 ] SEND     APP_GROUP                    node1→*
3816  L=4357  [node1 ] SEND     APP_GROUP                    node1→*
3817  L=4358  [node1 ] SEND     APP_GROUP                    node1→*
3818  L=4359  [node1 ] SEND     APP_GROUP                    node1→*
3819  L=4360  [node1 ] SEND     APP_CREATE_GROUP             node1→*
3820  L=4362  [node1 ] SEND     APP_GROUP                    node1→*
3821  L=4363  [node1 ] SEND     APP_GROUP                    node1→*
3822  L=4364  [node1 ] SEND     APP_CREATE_GROUP             node1→*
3823  L=4365  [node1 ] SEND     APP_GROUP                    node1→*
3824  L=4366  [node1 ] SEND     APP_GROUP                    node1→*
3825  L=4367  [node1 ] SEND     APP_GROUP                    node1→*
3826  L=4368  [node1 ] SEND     APP_GROUP                    node1→*
3827  L=4369  [node1 ] SEND     APP_GROUP                    node1→*
3828  L=4370  [node1 ] SEND     APP_GROUP                    node1→*
3829  L=4372  [node1 ] SEND     APP_CREATE_GROUP             node1→*
3830  L=4373  [node1 ] SEND     APP_GROUP                    node1→*
3831  L=4374  [node1 ] SEND     APP_GROUP                    node1→*
3832  L=4375  [node1 ] SEND     APP_GROUP                    node1→*
3833  L=4376  [node1 ] SEND     APP_GROUP                    node1→*
3834  L=4377  [node1 ] SEND     APP_GROUP                    node1→*
3835  L=4378  [node1 ] SEND     APP_GROUP                    node1→*
3836  L=4379  [node1 ] SEND     APP_GROUP                    node1→*
3837  L=4380  [node1 ] SEND     APP_GROUP                    node1→*
3838  L=4382  [node1 ] SEND     APP_CREATE_GROUP             node1→*
3839  L=4383  [node1 ] SEND     APP_GROUP                    node1→*
3840  L=4384  [node1 ] SEND     APP_GROUP                    node1→*
3841  L=4385  [node1 ] SEND     APP_GROUP                    node1→*
3842  L=4386  [node1 ] SEND     APP_GROUP                    node1→*
3844  L=4387  [node1 ] SEND     APP_GROUP                    node1→*
3845  L=4388  [node1 ] SEND     APP_GROUP                    node1→*
3843  L=4389  [node1 ] SEND     APP_GROUP                    node1→*
3846  L=4390  [node1 ] SEND     APP_GROUP                    node1→*
3847  L=4391  [node1 ] SEND     APP_GROUP                    node1→*
3848  L=4392  [node1 ] SEND     APP_GROUP                    node1→*
3849  L=4393  [node1 ] SEND     APP_GROUP                    node1→*
3850  L=4395  [node1 ] SEND     APP_CREATE_GROUP             node1→*
3851  L=4396  [node1 ] SEND     APP_GROUP                    node1→*
3852  L=4397  [node1 ] SEND     APP_GROUP                    node1→*
3853  L=4398  [node1 ] SEND     APP_GROUP                    node1→*
3854  L=4399  [node1 ] SEND     APP_GROUP                    node1→*
3855  L=4400  [node1 ] SEND     APP_GROUP                    node1→*
3856  L=4401  [node1 ] SEND     APP_GROUP                    node1→*
3857  L=4402  [node1 ] SEND     APP_GROUP                    node1→*
3858  L=4403  [node1 ] SEND     APP_GROUP                    node1→*
3859  L=4404  [node1 ] SEND     APP_GROUP                    node1→*
3860  L=4405  [node1 ] SEND     APP_GROUP                    node1→*
3861  L=4406  [node1 ] SEND     APP_GROUP                    node1→*
3862  L=4408  [node1 ] SEND     APP_CREATE_GROUP             node1→*
3863  L=4409  [node1 ] SEND     APP_GROUP                    node1→*
3864  L=4410  [node1 ] SEND     APP_GROUP                    node1→*
3865  L=4411  [node1 ] SEND     APP_GROUP                    node1→*
3866  L=4412  [node1 ] SEND     APP_GROUP                    node1→*
3867  L=4413  [node1 ] SEND     APP_GROUP                    node1→*
3868  L=4414  [node1 ] SEND     APP_GROUP                    node1→*
3869  L=4415  [node1 ] SEND     APP_GROUP                    node1→*
3871  L=4417  [node1 ] SEND     APP_GROUP                    node1→*
3870  L=4418  [node1 ] SEND     APP_GROUP                    node1→*
3872  L=4419  [node1 ] SEND     APP_GROUP                    node1→*
3873  L=4420  [node1 ] SEND     APP_GROUP                    node1→*
3874  L=4421  [node1 ] SEND     APP_GROUP                    node1→*
3875  L=4422  [node1 ] SEND     APP_GROUP                    node1→*
3876  L=4423  [node1 ] SEND     APP_GROUP                    node1→*
3877  L=4424  [node1 ] SEND     APP_GROUP                    node1→*
3878  L=4425  [node1 ] SEND     APP_GROUP                    node1→*
3879  L=4426  [node1 ] SEND     APP_CREATE_GROUP             node1→*
3880  L=4427  [node1 ] SEND     APP_GROUP                    node1→*
3881  L=4428  [node1 ] SEND     APP_GROUP                    node1→*
3882  L=4429  [node1 ] SEND     APP_GROUP                    node1→*
3883  L=4430  [node1 ] SEND     APP_GROUP                    node1→*
3884  L=4431  [node1 ] SEND     APP_GROUP                    node1→*
3885  L=4432  [node1 ] SEND     APP_GROUP                    node1→*
3886  L=4433  [node1 ] SEND     APP_GROUP                    node1→*
3887  L=4434  [node1 ] SEND     APP_GROUP                    node1→*
3888  L=4436  [node1 ] SEND     APP_GROUP                    node1→*
3889  L=4437  [node1 ] SEND     APP_GROUP                    node1→*
3890  L=4438  [node1 ] SEND     APP_CREATE_GROUP             node1→*
3891  L=4440  [node1 ] SEND     APP_CREATE_GROUP             node1→*
3892  L=4441  [node1 ] SEND     APP_GROUP                    node1→*
3893  L=4442  [node1 ] SEND     APP_GROUP                    node1→*
3894  L=4443  [node1 ] SEND     APP_GROUP                    node1→*
3895  L=4444  [node1 ] SEND     APP_GROUP                    node1→*
3896  L=4445  [node1 ] SEND     APP_GROUP                    node1→*
3897  L=4446  [node1 ] SEND     APP_GROUP                    node1→*
3898  L=4447  [node1 ] SEND     APP_GROUP                    node1→*
3899  L=4448  [node1 ] SEND     APP_GROUP                    node1→*
3900  L=4449  [node1 ] SEND     APP_GROUP                    node1→*
3901  L=4450  [node1 ] SEND     APP_GROUP                    node1→*
3902  L=4451  [node1 ] SEND     APP_GROUP                    node1→*
3903  L=4452  [node1 ] SEND     APP_GROUP                    node1→*
3904  L=4453  [node1 ] SEND     APP_GROUP                    node1→*
3905  L=4454  [node1 ] SEND     APP_GROUP                    node1→*
3906  L=4455  [node1 ] SEND     APP_GROUP                    node1→*
3907  L=4457  [node1 ] SEND     APP_CREATE_GROUP             node1→*
3908  L=4459  [node1 ] SEND     APP_CREATE_GROUP             node1→*
3909  L=4460  [node1 ] SEND     APP_GROUP                    node1→*
3910  L=4461  [node1 ] SEND     APP_GROUP                    node1→*
3911  L=4462  [node1 ] SEND     APP_GROUP                    node1→*
3912  L=4463  [node1 ] SEND     APP_GROUP                    node1→*
3913  L=4464  [node1 ] SEND     APP_GROUP                    node1→*
3914  L=4465  [node1 ] SEND     APP_GROUP                    node1→*
3915  L=4467  [node1 ] SEND     APP_GROUP                    node1→*
3916  L=4468  [node1 ] SEND     APP_GROUP                    node1→*
3917  L=4469  [node1 ] SEND     APP_GROUP                    node1→*
3918  L=4470  [node1 ] SEND     APP_GROUP                    node1→*
3919  L=4471  [node1 ] SEND     APP_CREATE_GROUP             node1→*
3920  L=4472  [node1 ] SEND     APP_GROUP                    node1→*
3921  L=4473  [node1 ] SEND     APP_GROUP                    node1→*
3922  L=4474  [node1 ] SEND     APP_GROUP                    node1→*
3923  L=4476  [node1 ] SEND     APP_CREATE_GROUP             node1→*
3924  L=4478  [node1 ] SEND     APP_GROUP                    node1→*
3925  L=4479  [node1 ] SEND     APP_GROUP                    node1→*
3926  L=4480  [node1 ] SEND     APP_CREATE_GROUP             node1→*
3927  L=4481  [node1 ] SEND     APP_GROUP                    node1→*
3928  L=4482  [node1 ] SEND     APP_GROUP                    node1→*
3929  L=4483  [node1 ] SEND     APP_GROUP                    node1→*
3930  L=4484  [node1 ] SEND     APP_GROUP                    node1→*
3931  L=4485  [node1 ] SEND     APP_GROUP                    node1→*
3932  L=4486  [node1 ] SEND     APP_GROUP                    node1→*
3933  L=4487  [node1 ] SEND     APP_GROUP                    node1→*
3934  L=4488  [node1 ] SEND     APP_GROUP                    node1→*
3935  L=4490  [node1 ] SEND     APP_GROUP                    node1→*
3936  L=4491  [node1 ] SEND     APP_GROUP                    node1→*
3937  L=4492  [node1 ] SEND     APP_GROUP                    node1→*
3938  L=4493  [node1 ] SEND     APP_GROUP                    node1→*
3939  L=4494  [node1 ] SEND     APP_GROUP                    node1→*
3940  L=4495  [node1 ] SEND     APP_CREATE_GROUP             node1→*
3941  L=4496  [node1 ] SEND     APP_GROUP                    node1→*
3942  L=4497  [node1 ] SEND     APP_GROUP                    node1→*
3943  L=4498  [node1 ] SEND     APP_GROUP                    node1→*
3944  L=4499  [node1 ] SEND     APP_GROUP                    node1→*
3945  L=4500  [node1 ] SEND     APP_GROUP                    node1→*
3946  L=4501  [node1 ] SEND     APP_GROUP                    node1→*
3947  L=4502  [node1 ] SEND     APP_GROUP                    node1→*
3948  L=4503  [node1 ] SEND     APP_GROUP                    node1→*
3949  L=4504  [node1 ] SEND     APP_GROUP                    node1→*
3950  L=4505  [node1 ] SEND     APP_GROUP                    node1→*
3951  L=4506  [node1 ] SEND     APP_GROUP                    node1→*
3952  L=4507  [node1 ] SEND     APP_GROUP                    node1→*
3953  L=4508  [node1 ] SEND     APP_GROUP                    node1→*
3954  L=4510  [node1 ] SEND     APP_GROUP                    node1→*
3955  L=4511  [node1 ] SEND     APP_GROUP                    node1→*
3956  L=4512  [node1 ] SEND     APP_GROUP                    node1→*
3957  L=4513  [node1 ] SEND     APP_GROUP                    node1→*
3958  L=4514  [node1 ] SEND     APP_GROUP                    node1→*
3959  L=4515  [node1 ] SEND     APP_GROUP                    node1→*
3960  L=4516  [node1 ] SEND     APP_GROUP                    node1→*
3961  L=4517  [node1 ] SEND     APP_CREATE_GROUP             node1→*
3962  L=4519  [node1 ] SEND     APP_CREATE_GROUP             node1→*
3963  L=4520  [node1 ] SEND     APP_GROUP                    node1→*
3964  L=4521  [node1 ] SEND     APP_GROUP                    node1→*
3965  L=4522  [node1 ] SEND     APP_GROUP                    node1→*
3966  L=4523  [node1 ] SEND     APP_GROUP                    node1→*
3967  L=4524  [node1 ] SEND     APP_GROUP                    node1→*
3968  L=4525  [node1 ] SEND     APP_GROUP                    node1→*
3969  L=4526  [node1 ] SEND     APP_GROUP                    node1→*
3970  L=4527  [node1 ] SEND     APP_GROUP                    node1→*
3971  L=4528  [node1 ] SEND     APP_GROUP                    node1→*
3972  L=4529  [node1 ] SEND     APP_GROUP                    node1→*
3973  L=4530  [node1 ] SEND     APP_GROUP                    node1→*
3974  L=4531  [node1 ] SEND     APP_GROUP                    node1→*
3975  L=4532  [node1 ] SEND     APP_GROUP                    node1→*
3977  L=4533  [node1 ] SEND     APP_GROUP                    node1→*
3976  L=4534  [node1 ] SEND     APP_GROUP                    node1→*
3978  L=4535  [node1 ] SEND     APP_GROUP                    node1→*
3979  L=4536  [node1 ] SEND     APP_GROUP                    node1→*
3980  L=4537  [node1 ] SEND     APP_GROUP                    node1→*
3981  L=4538  [node1 ] SEND     APP_GROUP                    node1→*
3982  L=4539  [node1 ] SEND     APP_GROUP                    node1→*
3983  L=4540  [node1 ] SEND     APP_GROUP                    node1→*
3984  L=4541  [node1 ] SEND     APP_GROUP                    node1→*
3985  L=4542  [node1 ] SEND     APP_GROUP                    node1→*
3986  L=4543  [node1 ] SEND     APP_GROUP                    node1→*
3987  L=4545  [node1 ] SEND     APP_GROUP                    node1→*
3988  L=4546  [node1 ] SEND     APP_GROUP                    node1→*
3989  L=4547  [node1 ] SEND     APP_GROUP                    node1→*
3990  L=4548  [node1 ] SEND     APP_GROUP                    node1→*
3991  L=4549  [node1 ] SEND     APP_CREATE_GROUP             node1→*
3992  L=4550  [node1 ] SEND     APP_GROUP                    node1→*
3993  L=4551  [node1 ] SEND     APP_GROUP                    node1→*
3994  L=4552  [node1 ] SEND     APP_GROUP                    node1→*
3995  L=4553  [node1 ] SEND     APP_GROUP                    node1→*
3996  L=4554  [node1 ] SEND     APP_GROUP                    node1→*
3997  L=4555  [node1 ] SEND     APP_GROUP                    node1→*
3998  L=4556  [node1 ] SEND     APP_GROUP                    node1→*
3999  L=4557  [node1 ] SEND     APP_GROUP                    node1→*
4000  L=4559  [node1 ] SEND     APP_GROUP                    node1→*
4001  L=4560  [node1 ] SEND     APP_GROUP                    node1→*
4002  L=4561  [node1 ] SEND     APP_GROUP                    node1→*
4003  L=4562  [node1 ] SEND     APP_GROUP                    node1→*
4004  L=4563  [node1 ] SEND     APP_GROUP                    node1→*
4005  L=4564  [node1 ] SEND     APP_CREATE_GROUP             node1→*
4006  L=4566  [node1 ] SEND     APP_GROUP                    node1→*
4007  L=4567  [node1 ] SEND     APP_GROUP                    node1→*
4008  L=4568  [node1 ] SEND     APP_GROUP                    node1→*
4009  L=4569  [node1 ] SEND     APP_CREATE_GROUP             node1→*
4010  L=4571  [node1 ] SEND     APP_GROUP                    node1→*
4011  L=4572  [node1 ] SEND     APP_GROUP                    node1→*
4012  L=4573  [node1 ] SEND     APP_GROUP                    node1→*
4013  L=4574  [node1 ] SEND     APP_GROUP                    node1→*
4014  L=4575  [node1 ] SEND     APP_GROUP                    node1→*
4015  L=4576  [node1 ] SEND     APP_GROUP                    node1→*
4016  L=4577  [node1 ] SEND     APP_GROUP                    node1→*
4017  L=4578  [node1 ] SEND     APP_GROUP                    node1→*
4018  L=4579  [node1 ] SEND     APP_GROUP                    node1→*
4019  L=4580  [node1 ] SEND     APP_GROUP                    node1→*
4020  L=4581  [node1 ] SEND     APP_CREATE_GROUP             node1→*
4021  L=4583  [node1 ] SEND     APP_GROUP                    node1→*
4022  L=4584  [node1 ] SEND     APP_GROUP                    node1→*
4023  L=4585  [node1 ] SEND     APP_GROUP                    node1→*
4024  L=4586  [node1 ] SEND     APP_GROUP                    node1→*
4025  L=4587  [node1 ] SEND     APP_GROUP                    node1→*
4026  L=4588  [node1 ] SEND     APP_GROUP                    node1→*
4027  L=4589  [node1 ] SEND     APP_GROUP                    node1→*
4028  L=4590  [node1 ] SEND     APP_GROUP                    node1→*
4029  L=4591  [node1 ] SEND     APP_CREATE_GROUP             node1→*
4030  L=4592  [node1 ] SEND     APP_GROUP                    node1→*
4031  L=4593  [node1 ] SEND     APP_GROUP                    node1→*
4032  L=4594  [node1 ] SEND     APP_GROUP                    node1→*
4033  L=4595  [node1 ] SEND     APP_GROUP                    node1→*
4034  L=4597  [node1 ] SEND     APP_GROUP                    node1→*
4035  L=4598  [node1 ] SEND     APP_GROUP                    node1→*
4036  L=4599  [node1 ] SEND     APP_GROUP                    node1→*
4037  L=4600  [node1 ] SEND     APP_GROUP                    node1→*
4038  L=4601  [node1 ] SEND     APP_GROUP                    node1→*
4039  L=4602  [node1 ] SEND     APP_GROUP                    node1→*
4040  L=4603  [node1 ] SEND     APP_GROUP                    node1→*
4041  L=4604  [node1 ] SEND     APP_GROUP                    node1→*
4042  L=4605  [node1 ] SEND     APP_GROUP                    node1→*
4043  L=4606  [node1 ] SEND     APP_GROUP                    node1→*
4044  L=4607  [node1 ] SEND     APP_GROUP                    node1→*
4045  L=4608  [node1 ] SEND     APP_GROUP                    node1→*
4046  L=4609  [node1 ] SEND     APP_GROUP                    node1→*
4047  L=4610  [node1 ] SEND     APP_CREATE_GROUP             node1→*
4048  L=4613  [node1 ] SEND     APP_CREATE_GROUP             node1→*
4049  L=4614  [node1 ] SEND     APP_GROUP                    node1→*
4050  L=4615  [node1 ] SEND     APP_GROUP                    node1→*
4051  L=4616  [node1 ] SEND     APP_GROUP                    node1→*
4052  L=4617  [node1 ] SEND     APP_GROUP                    node1→*
4053  L=4618  [node1 ] SEND     APP_GROUP                    node1→*
4054  L=4619  [node1 ] SEND     APP_GROUP                    node1→*
4055  L=4620  [node1 ] SEND     APP_CREATE_GROUP             node1→*
4056  L=4622  [node1 ] SEND     APP_GROUP                    node1→*
4057  L=4623  [node1 ] SEND     APP_GROUP                    node1→*
4058  L=4624  [node1 ] SEND     APP_GROUP                    node1→*
4059  L=4625  [node1 ] SEND     APP_GROUP                    node1→*
4060  L=4626  [node1 ] SEND     APP_GROUP                    node1→*
4061  L=4627  [node1 ] SEND     APP_CREATE_GROUP             node1→*
4062  L=4629  [node1 ] SEND     APP_GROUP                    node1→*
4063  L=4630  [node1 ] SEND     APP_GROUP                    node1→*
4064  L=4631  [node1 ] SEND     APP_CREATE_GROUP             node1→*
4065  L=4632  [node1 ] SEND     APP_GROUP                    node1→*
4066  L=4633  [node1 ] SEND     APP_GROUP                    node1→*
4067  L=4634  [node1 ] SEND     APP_GROUP                    node1→*
4068  L=4635  [node1 ] SEND     APP_GROUP                    node1→*
4069  L=4636  [node1 ] SEND     APP_GROUP                    node1→*
4070  L=4637  [node1 ] SEND     APP_GROUP                    node1→*
4071  L=4638  [node1 ] SEND     APP_GROUP                    node1→*
4072  L=4639  [node1 ] SEND     APP_GROUP                    node1→*
4073  L=4640  [node1 ] SEND     APP_GROUP                    node1→*
4074  L=4641  [node1 ] SEND     APP_GROUP                    node1→*
4075  L=4642  [node1 ] SEND     APP_GROUP                    node1→*
4076  L=4643  [node1 ] SEND     APP_GROUP                    node1→*
4077  L=4644  [node1 ] SEND     APP_GROUP                    node1→*
4078  L=4645  [node1 ] SEND     APP_GROUP                    node1→*
4079  L=4646  [node1 ] SEND     APP_GROUP                    node1→*
4080  L=4647  [node1 ] SEND     APP_GROUP                    node1→*
4081  L=4649  [node1 ] SEND     APP_GROUP                    node1→*
4082  L=4650  [node1 ] SEND     APP_GROUP                    node1→*
4083  L=4651  [node1 ] SEND     APP_GROUP                    node1→*
4084  L=4652  [node1 ] SEND     APP_GROUP                    node1→*
4085  L=4653  [node1 ] SEND     APP_GROUP                    node1→*
4086  L=4654  [node1 ] SEND     APP_CREATE_GROUP             node1→*
4087  L=4655  [node1 ] SEND     APP_GROUP                    node1→*
4088  L=4656  [node1 ] SEND     APP_GROUP                    node1→*
4089  L=4658  [node1 ] SEND     APP_GROUP                    node1→*
4090  L=4659  [node1 ] SEND     APP_GROUP                    node1→*
4091  L=4660  [node1 ] SEND     APP_GROUP                    node1→*
4092  L=4661  [node1 ] SEND     APP_CREATE_GROUP             node1→*
4093  L=4662  [node1 ] SEND     APP_GROUP                    node1→*
4094  L=4664  [node1 ] SEND     APP_GROUP                    node1→*
4095  L=4665  [node1 ] SEND     APP_GROUP                    node1→*
4096  L=4666  [node1 ] SEND     APP_GROUP                    node1→*
4097  L=4667  [node1 ] SEND     APP_GROUP                    node1→*
4098  L=4668  [node1 ] SEND     APP_GROUP                    node1→*
4099  L=4669  [node1 ] SEND     APP_CREATE_GROUP             node1→*
4100  L=4671  [node1 ] SEND     APP_GROUP                    node1→*
4101  L=4672  [node1 ] SEND     APP_GROUP                    node1→*
4102  L=4673  [node1 ] SEND     APP_GROUP                    node1→*
4103  L=4674  [node1 ] SEND     APP_GROUP                    node1→*
4104  L=4675  [node1 ] SEND     APP_CREATE_GROUP             node1→*
4105  L=4676  [node1 ] SEND     APP_GROUP                    node1→*
4106  L=4677  [node1 ] SEND     APP_GROUP                    node1→*
4107  L=4678  [node1 ] SEND     APP_GROUP                    node1→*
4108  L=4679  [node1 ] SEND     APP_GROUP                    node1→*
4109  L=4680  [node1 ] SEND     APP_GROUP                    node1→*
4110  L=4681  [node1 ] SEND     APP_GROUP                    node1→*
4111  L=4683  [node1 ] SEND     APP_CREATE_GROUP             node1→*
4112  L=4684  [node1 ] SEND     APP_GROUP                    node1→*
4113  L=4685  [node1 ] SEND     APP_GROUP                    node1→*
4114  L=4686  [node1 ] SEND     APP_GROUP                    node1→*
4115  L=4687  [node1 ] SEND     APP_GROUP                    node1→*
4116  L=4688  [node1 ] SEND     APP_GROUP                    node1→*
4117  L=4689  [node1 ] SEND     APP_GROUP                    node1→*
4118  L=4690  [node1 ] SEND     APP_GROUP                    node1→*
4119  L=4691  [node1 ] SEND     APP_GROUP                    node1→*
4120  L=4692  [node1 ] SEND     APP_GROUP                    node1→*
4121  L=4693  [node1 ] SEND     APP_GROUP                    node1→*
4122  L=4694  [node1 ] SEND     APP_GROUP                    node1→*
4123  L=4695  [node1 ] SEND     APP_GROUP                    node1→*
4124  L=4696  [node1 ] SEND     APP_GROUP                    node1→*
4125  L=4697  [node1 ] SEND     APP_GROUP                    node1→*
4126  L=4698  [node1 ] SEND     APP_GROUP                    node1→*
4127  L=4699  [node1 ] SEND     APP_GROUP                    node1→*
4128  L=4701  [node1 ] SEND     APP_GROUP                    node1→*
4129  L=4702  [node1 ] SEND     APP_GROUP                    node1→*
4130  L=4703  [node1 ] SEND     APP_GROUP                    node1→*
4131  L=4704  [node1 ] SEND     APP_GROUP                    node1→*
4132  L=4705  [node1 ] SEND     APP_GROUP                    node1→*
4133  L=4706  [node1 ] SEND     APP_GROUP                    node1→*
4134  L=4707  [node1 ] SEND     APP_GROUP                    node1→*
4135  L=4708  [node1 ] SEND     APP_CREATE_GROUP             node1→*
4136  L=4710  [node1 ] SEND     APP_CREATE_GROUP             node1→*
4137  L=4711  [node1 ] SEND     APP_GROUP                    node1→*
4138  L=4712  [node1 ] SEND     APP_GROUP                    node1→*
4139  L=4713  [node1 ] SEND     APP_GROUP                    node1→*
4140  L=4714  [node1 ] SEND     APP_GROUP                    node1→*
4141  L=4715  [node1 ] SEND     APP_GROUP                    node1→*
4142  L=4717  [node1 ] SEND     APP_CREATE_GROUP             node1→*
4143  L=4719  [node1 ] SEND     APP_CREATE_GROUP             node1→*
4144  L=4720  [node1 ] SEND     APP_GROUP                    node1→*
4145  L=4721  [node1 ] SEND     APP_GROUP                    node1→*
4146  L=4722  [node1 ] SEND     APP_GROUP                    node1→*
4147  L=4723  [node1 ] SEND     APP_GROUP                    node1→*
4148  L=4724  [node1 ] SEND     APP_GROUP                    node1→*
4149  L=4725  [node1 ] SEND     APP_GROUP                    node1→*
4150  L=4726  [node1 ] SEND     APP_GROUP                    node1→*
4151  L=4728  [node1 ] SEND     APP_GROUP                    node1→*
4152  L=4729  [node1 ] SEND     APP_GROUP                    node1→*
4153  L=4730  [node1 ] SEND     APP_GROUP                    node1→*
4154  L=4731  [node1 ] SEND     APP_GROUP                    node1→*
4155  L=4732  [node1 ] SEND     APP_GROUP                    node1→*
4156  L=4733  [node1 ] SEND     APP_CREATE_GROUP             node1→*
4157  L=4734  [node1 ] SEND     APP_GROUP                    node1→*
4158  L=4735  [node1 ] SEND     APP_GROUP                    node1→*
4159  L=4736  [node1 ] SEND     APP_GROUP                    node1→*
4160  L=4737  [node1 ] SEND     APP_GROUP                    node1→*
4161  L=4738  [node1 ] SEND     APP_GROUP                    node1→*
4162  L=4739  [node1 ] SEND     APP_GROUP                    node1→*
4163  L=4741  [node1 ] SEND     APP_CREATE_GROUP             node1→*
4164  L=4742  [node1 ] SEND     APP_GROUP                    node1→*
4165  L=4743  [node1 ] SEND     APP_GROUP                    node1→*
4166  L=4744  [node1 ] SEND     APP_GROUP                    node1→*
4167  L=4746  [node1 ] SEND     APP_CREATE_GROUP             node1→*
4168  L=4747  [node1 ] SEND     APP_GROUP                    node1→*
4169  L=4749  [node1 ] SEND     APP_GROUP                    node1→*
4170  L=4750  [node1 ] SEND     APP_GROUP                    node1→*
4171  L=4751  [node1 ] SEND     APP_GROUP                    node1→*
4172  L=4752  [node1 ] SEND     APP_GROUP                    node1→*
4173  L=4753  [node1 ] SEND     APP_GROUP                    node1→*
4174  L=4754  [node1 ] SEND     APP_GROUP                    node1→*
4175  L=4755  [node1 ] SEND     APP_GROUP                    node1→*
4176  L=4756  [node1 ] SEND     APP_GROUP                    node1→*
4177  L=4757  [node1 ] SEND     APP_GROUP                    node1→*
4178  L=4758  [node1 ] SEND     APP_GROUP                    node1→*
4179  L=4759  [node1 ] SEND     APP_GROUP                    node1→*
4180  L=4760  [node1 ] SEND     APP_GROUP                    node1→*
4181  L=4761  [node1 ] SEND     APP_GROUP                    node1→*
4182  L=4762  [node1 ] SEND     APP_CREATE_GROUP             node1→*
4183  L=4763  [node1 ] SEND     APP_GROUP                    node1→*
4184  L=4764  [node1 ] SEND     APP_GROUP                    node1→*
4185  L=4765  [node1 ] SEND     APP_GROUP                    node1→*
4186  L=4766  [node1 ] SEND     APP_GROUP                    node1→*
4187  L=4767  [node1 ] SEND     APP_GROUP                    node1→*
4188  L=4768  [node1 ] SEND     APP_GROUP                    node1→*
4189  L=4769  [node1 ] SEND     APP_GROUP                    node1→*
4190  L=4770  [node1 ] SEND     APP_GROUP                    node1→*
4191  L=4771  [node1 ] SEND     APP_GROUP                    node1→*
4192  L=4772  [node1 ] SEND     APP_GROUP                    node1→*
4193  L=4773  [node1 ] SEND     APP_GROUP                    node1→*
4194  L=4774  [node1 ] SEND     APP_GROUP                    node1→*
4195  L=4775  [node1 ] SEND     APP_GROUP                    node1→*
4196  L=4776  [node1 ] SEND     APP_GROUP                    node1→*
4197  L=4777  [node1 ] SEND     APP_GROUP                    node1→*
4198  L=4778  [node1 ] SEND     APP_GROUP                    node1→*
4199  L=4779  [node1 ] SEND     APP_GROUP                    node1→*
4200  L=4780  [node1 ] SEND     APP_GROUP                    node1→*
4201  L=4781  [node1 ] SEND     APP_GROUP                    node1→*
4202  L=4782  [node1 ] SEND     APP_GROUP                    node1→*
4203  L=4783  [node1 ] SEND     APP_GROUP                    node1→*
4204  L=4784  [node1 ] SEND     APP_GROUP                    node1→*
4205  L=4785  [node1 ] SEND     APP_GROUP                    node1→*
4206  L=4786  [node1 ] SEND     APP_GROUP                    node1→*
4207  L=4788  [node1 ] SEND     APP_GROUP                    node1→*
4208  L=4789  [node1 ] SEND     APP_GROUP                    node1→*
4209  L=4790  [node1 ] SEND     APP_GROUP                    node1→*
4210  L=4791  [node1 ] SEND     APP_CREATE_GROUP             node1→*
4211  L=4792  [node1 ] SEND     APP_GROUP                    node1→*
4212  L=4793  [node1 ] SEND     APP_GROUP                    node1→*
4213  L=4794  [node1 ] SEND     APP_GROUP                    node1→*
4214  L=4795  [node1 ] SEND     APP_GROUP                    node1→*
4215  L=4796  [node1 ] SEND     APP_GROUP                    node1→*
4216  L=4797  [node1 ] SEND     APP_GROUP                    node1→*
4217  L=4798  [node1 ] SEND     APP_GROUP                    node1→*
4218  L=4799  [node1 ] SEND     APP_GROUP                    node1→*
4219  L=4800  [node1 ] SEND     APP_GROUP                    node1→*
4220  L=4801  [node1 ] SEND     APP_GROUP                    node1→*
4221  L=4802  [node1 ] SEND     APP_GROUP                    node1→*
4222  L=4803  [node1 ] SEND     APP_GROUP                    node1→*
4223  L=4804  [node1 ] SEND     APP_GROUP                    node1→*
4224  L=4805  [node1 ] SEND     APP_GROUP                    node1→*
4225  L=4806  [node1 ] SEND     APP_GROUP                    node1→*
4226  L=4807  [node1 ] SEND     APP_GROUP                    node1→*
4227  L=4809  [node1 ] SEND     APP_GROUP                    node1→*
4228  L=4810  [node1 ] SEND     APP_GROUP                    node1→*
4229  L=4811  [node1 ] SEND     APP_GROUP                    node1→*
4230  L=4812  [node1 ] SEND     APP_GROUP                    node1→*
4231  L=4813  [node1 ] SEND     APP_GROUP                    node1→*
4232  L=4814  [node1 ] SEND     APP_GROUP                    node1→*
4233  L=4815  [node1 ] SEND     APP_GROUP                    node1→*
4234  L=4816  [node1 ] SEND     APP_GROUP                    node1→*
4235  L=4817  [node1 ] SEND     APP_CREATE_GROUP             node1→*
4236  L=4819  [node1 ] SEND     APP_CREATE_GROUP             node1→*
4237  L=4820  [node1 ] SEND     APP_GROUP                    node1→*
4238  L=4821  [node1 ] SEND     APP_GROUP                    node1→*
4239  L=4822  [node1 ] SEND     APP_GROUP                    node1→*
4240  L=4823  [node1 ] SEND     APP_GROUP                    node1→*
4241  L=4824  [node1 ] SEND     APP_GROUP                    node1→*
4242  L=4826  [node1 ] SEND     APP_GROUP                    node1→*
4243  L=4827  [node1 ] SEND     APP_GROUP                    node1→*
4244  L=4828  [node1 ] SEND     APP_GROUP                    node1→*
4245  L=4829  [node1 ] SEND     APP_GROUP                    node1→*
4246  L=4830  [node1 ] SEND     APP_CREATE_GROUP             node1→*
4247  L=4831  [node1 ] SEND     APP_GROUP                    node1→*
4248  L=4832  [node1 ] SEND     APP_GROUP                    node1→*
4249  L=4833  [node1 ] SEND     APP_GROUP                    node1→*
4250  L=4835  [node1 ] SEND     APP_GROUP                    node1→*
4251  L=4836  [node1 ] SEND     APP_GROUP                    node1→*
4252  L=4837  [node1 ] SEND     APP_CREATE_GROUP             node1→*
4253  L=4838  [node1 ] SEND     APP_GROUP                    node1→*
4254  L=4839  [node1 ] SEND     APP_GROUP                    node1→*
4255  L=4841  [node1 ] SEND     APP_GROUP                    node1→*
4256  L=4842  [node1 ] SEND     APP_GROUP                    node1→*
4257  L=4843  [node1 ] SEND     APP_GROUP                    node1→*
4258  L=4844  [node1 ] SEND     APP_GROUP                    node1→*
4259  L=4845  [node1 ] SEND     APP_GROUP                    node1→*
4260  L=4846  [node1 ] SEND     APP_GROUP                    node1→*
4261  L=4847  [node1 ] SEND     APP_GROUP                    node1→*
4262  L=4848  [node1 ] SEND     APP_GROUP                    node1→*
4263  L=4849  [node1 ] SEND     APP_GROUP                    node1→*
4264  L=4850  [node1 ] SEND     APP_GROUP                    node1→*
4265  L=4851  [node1 ] SEND     APP_GROUP                    node1→*
4266  L=4852  [node1 ] SEND     APP_CREATE_GROUP             node1→*
4267  L=4853  [node1 ] SEND     APP_GROUP                    node1→*
4268  L=4854  [node1 ] SEND     APP_GROUP                    node1→*
4269  L=4855  [node1 ] SEND     APP_GROUP                    node1→*
4270  L=4856  [node1 ] SEND     APP_GROUP                    node1→*
4271  L=4857  [node1 ] SEND     APP_GROUP                    node1→*
4272  L=4858  [node1 ] SEND     APP_GROUP                    node1→*
4273  L=4859  [node1 ] SEND     APP_GROUP                    node1→*
4274  L=4861  [node1 ] SEND     APP_CREATE_GROUP             node1→*
4275  L=4862  [node1 ] SEND     APP_GROUP                    node1→*
4276  L=4863  [node1 ] SEND     APP_GROUP                    node1→*
4277  L=4864  [node1 ] SEND     APP_GROUP                    node1→*
4278  L=4865  [node1 ] SEND     APP_GROUP                    node1→*
4279  L=4866  [node1 ] SEND     APP_GROUP                    node1→*
4280  L=4867  [node1 ] SEND     APP_GROUP                    node1→*
4281  L=4868  [node1 ] SEND     APP_GROUP                    node1→*
4282  L=4869  [node1 ] SEND     APP_GROUP                    node1→*
4283  L=4870  [node1 ] SEND     APP_GROUP                    node1→*
4284  L=4871  [node1 ] SEND     APP_GROUP                    node1→*
4285  L=4872  [node1 ] SEND     APP_GROUP                    node1→*
4286  L=4873  [node1 ] SEND     APP_GROUP                    node1→*
4287  L=4874  [node1 ] SEND     APP_GROUP                    node1→*
4288  L=4875  [node1 ] SEND     APP_GROUP                    node1→*
4289  L=4876  [node1 ] SEND     APP_GROUP                    node1→*
4290  L=4878  [node1 ] SEND     APP_CREATE_GROUP             node1→*
4291  L=4879  [node1 ] SEND     APP_GROUP                    node1→*
4292  L=4880  [node1 ] SEND     APP_GROUP                    node1→*
4293  L=4881  [node1 ] SEND     APP_GROUP                    node1→*
4294  L=4882  [node1 ] SEND     APP_GROUP                    node1→*
4295  L=4883  [node1 ] SEND     APP_GROUP                    node1→*
4296  L=4884  [node1 ] SEND     APP_GROUP                    node1→*
4297  L=4886  [node1 ] SEND     APP_CREATE_GROUP             node1→*
4298  L=4887  [node1 ] SEND     APP_GROUP                    node1→*
4299  L=4888  [node1 ] SEND     APP_GROUP                    node1→*
4300  L=4889  [node1 ] SEND     APP_GROUP                    node1→*
4301  L=4890  [node1 ] SEND     APP_GROUP                    node1→*
4302  L=4891  [node1 ] SEND     APP_GROUP                    node1→*
4303  L=4892  [node1 ] SEND     APP_GROUP                    node1→*
4304  L=4893  [node1 ] SEND     APP_GROUP                    node1→*
4305  L=4894  [node1 ] SEND     APP_GROUP                    node1→*
4306  L=4895  [node1 ] SEND     APP_GROUP                    node1→*
4307  L=4896  [node1 ] SEND     APP_GROUP                    node1→*
4308  L=4897  [node1 ] SEND     APP_GROUP                    node1→*
4309  L=4898  [node1 ] SEND     APP_GROUP                    node1→*
4310  L=4899  [node1 ] SEND     APP_GROUP                    node1→*
4311  L=4900  [node1 ] SEND     APP_GROUP                    node1→*
4312  L=4901  [node1 ] SEND     APP_GROUP                    node1→*
4313  L=4902  [node1 ] SEND     APP_GROUP                    node1→*
4314  L=4903  [node1 ] SEND     APP_GROUP                    node1→*
4315  L=4904  [node1 ] SEND     APP_GROUP                    node1→*
4316  L=4905  [node1 ] SEND     APP_GROUP                    node1→*
4317  L=4906  [node1 ] SEND     APP_GROUP                    node1→*
4318  L=4907  [node1 ] SEND     APP_GROUP                    node1→*
4319  L=4908  [node1 ] SEND     APP_GROUP                    node1→*
4320  L=4909  [node1 ] SEND     APP_GROUP                    node1→*
4321  L=4910  [node1 ] SEND     APP_GROUP                    node1→*
4322  L=4911  [node1 ] SEND     APP_GROUP                    node1→*
4323  L=4912  [node1 ] SEND     APP_GROUP                    node1→*
4324  L=4913  [node1 ] SEND     APP_GROUP                    node1→*
4325  L=4914  [node1 ] SEND     APP_GROUP                    node1→*
4326  L=4915  [node1 ] SEND     APP_GROUP                    node1→*
4327  L=4916  [node1 ] SEND     APP_GROUP                    node1→*
4328  L=4917  [node1 ] SEND     APP_GROUP                    node1→*
4329  L=4918  [node1 ] SEND     APP_GROUP                    node1→*
4330  L=4920  [node1 ] SEND     APP_GROUP                    node1→*
4331  L=4921  [node1 ] SEND     APP_GROUP                    node1→*
4332  L=4922  [node1 ] SEND     APP_GROUP                    node1→*
4333  L=4923  [node1 ] SEND     APP_GROUP                    node1→*
4334  L=4924  [node1 ] SEND     APP_GROUP                    node1→*
4335  L=4926  [node1 ] SEND     APP_GROUP                    node1→*
4336  L=4927  [node1 ] SEND     APP_CREATE_GROUP             node1→*
4337  L=4928  [node1 ] SEND     APP_GROUP                    node1→*
4338  L=4929  [node1 ] SEND     APP_CREATE_GROUP             node1→*
4339  L=4930  [node1 ] SEND     APP_GROUP                    node1→*
4340  L=4932  [node1 ] SEND     APP_GROUP                    node1→*
4341  L=4933  [node1 ] SEND     APP_GROUP                    node1→*
4342  L=4934  [node1 ] SEND     APP_GROUP                    node1→*
4343  L=4935  [node1 ] SEND     APP_GROUP                    node1→*
4344  L=4936  [node1 ] SEND     APP_GROUP                    node1→*
4345  L=4937  [node1 ] SEND     APP_GROUP                    node1→*
4346  L=4938  [node1 ] SEND     APP_CREATE_GROUP             node1→*
4347  L=4939  [node1 ] SEND     APP_GROUP                    node1→*
4348  L=4940  [node1 ] SEND     APP_GROUP                    node1→*
4349  L=4941  [node1 ] SEND     APP_GROUP                    node1→*
4350  L=4942  [node1 ] SEND     APP_GROUP                    node1→*
4351  L=4943  [node1 ] SEND     APP_GROUP                    node1→*
4352  L=4944  [node1 ] SEND     APP_GROUP                    node1→*
4353  L=4945  [node1 ] SEND     APP_GROUP                    node1→*
4354  L=4946  [node1 ] SEND     APP_GROUP                    node1→*
4355  L=4947  [node1 ] SEND     APP_GROUP                    node1→*
4356  L=4949  [node1 ] SEND     APP_GROUP                    node1→*
4357  L=4950  [node1 ] SEND     APP_GROUP                    node1→*
4358  L=4951  [node1 ] SEND     APP_CREATE_GROUP             node1→*
4359  L=4952  [node1 ] SEND     APP_GROUP                    node1→*
4360  L=4953  [node1 ] SEND     APP_GROUP                    node1→*
4361  L=4954  [node1 ] SEND     APP_GROUP                    node1→*
4362  L=4955  [node1 ] SEND     APP_GROUP                    node1→*
4363  L=4956  [node1 ] SEND     APP_GROUP                    node1→*
4364  L=4957  [node1 ] SEND     APP_GROUP                    node1→*
4365  L=4958  [node1 ] SEND     APP_GROUP                    node1→*
4366  L=4959  [node1 ] SEND     APP_GROUP                    node1→*
4367  L=4961  [node1 ] SEND     APP_CREATE_GROUP             node1→*
4368  L=4962  [node1 ] SEND     APP_GROUP                    node1→*
4369  L=4963  [node1 ] SEND     APP_GROUP                    node1→*
4370  L=4964  [node1 ] SEND     APP_GROUP                    node1→*
4371  L=4965  [node1 ] SEND     APP_GROUP                    node1→*
4372  L=4967  [node1 ] SEND     APP_CREATE_GROUP             node1→*
4373  L=4968  [node1 ] SEND     APP_GROUP                    node1→*
4374  L=4969  [node1 ] SEND     APP_GROUP                    node1→*
4375  L=4970  [node1 ] SEND     APP_GROUP                    node1→*
4376  L=4971  [node1 ] SEND     APP_GROUP                    node1→*
4377  L=4972  [node1 ] SEND     APP_GROUP                    node1→*
4378  L=4973  [node1 ] SEND     APP_GROUP                    node1→*
4379  L=4974  [node1 ] SEND     APP_GROUP                    node1→*
4380  L=4975  [node1 ] SEND     APP_GROUP                    node1→*
4381  L=4976  [node1 ] SEND     APP_GROUP                    node1→*
4382  L=4977  [node1 ] SEND     APP_GROUP                    node1→*
4383  L=4978  [node1 ] SEND     APP_GROUP                    node1→*
4384  L=4979  [node1 ] SEND     APP_GROUP                    node1→*
4385  L=4980  [node1 ] SEND     APP_GROUP                    node1→*
4386  L=4981  [node1 ] SEND     APP_GROUP                    node1→*
4387  L=4982  [node1 ] SEND     APP_GROUP                    node1→*
4388  L=4983  [node1 ] SEND     APP_GROUP                    node1→*
4389  L=4984  [node1 ] SEND     APP_GROUP                    node1→*
4390  L=4985  [node1 ] SEND     APP_GROUP                    node1→*
4391  L=4987  [node1 ] SEND     APP_CREATE_GROUP             node1→*
4392  L=4988  [node1 ] SEND     APP_GROUP                    node1→*
4393  L=4989  [node1 ] SEND     APP_GROUP                    node1→*
4394  L=4990  [node1 ] SEND     APP_GROUP                    node1→*
4395  L=4991  [node1 ] SEND     APP_GROUP                    node1→*
4396  L=4992  [node1 ] SEND     APP_GROUP                    node1→*
4397  L=4993  [node1 ] SEND     APP_GROUP                    node1→*
4398  L=4994  [node1 ] SEND     APP_GROUP                    node1→*
4399  L=4995  [node1 ] SEND     APP_GROUP                    node1→*
4400  L=4996  [node1 ] SEND     APP_GROUP                    node1→*
4401  L=4997  [node1 ] SEND     APP_GROUP                    node1→*
4402  L=4998  [node1 ] SEND     APP_GROUP                    node1→*
4403  L=4999  [node1 ] SEND     APP_GROUP                    node1→*
4404  L=5000  [node1 ] SEND     APP_GROUP                    node1→*
4405  L=5002  [node1 ] SEND     APP_CREATE_GROUP             node1→*
4406  L=5003  [node1 ] SEND     APP_GROUP                    node1→*
4407  L=5004  [node1 ] SEND     APP_GROUP                    node1→*
4408  L=5005  [node1 ] SEND     APP_GROUP                    node1→*
4409  L=5007  [node1 ] SEND     APP_CREATE_GROUP             node1→*
4410  L=5008  [node1 ] SEND     APP_GROUP                    node1→*
4411  L=5009  [node1 ] SEND     APP_GROUP                    node1→*
4412  L=5011  [node1 ] SEND     APP_CREATE_GROUP             node1→*
4413  L=5012  [node1 ] SEND     APP_GROUP                    node1→*
4414  L=5013  [node1 ] SEND     APP_GROUP                    node1→*
4415  L=5014  [node1 ] SEND     APP_GROUP                    node1→*
4416  L=5015  [node1 ] SEND     APP_GROUP                    node1→*
4417  L=5016  [node1 ] SEND     APP_GROUP                    node1→*
4418  L=5017  [node1 ] SEND     APP_GROUP                    node1→*
4420  L=5018  [node1 ] SEND     APP_GROUP                    node1→*
4419  L=5019  [node1 ] SEND     APP_GROUP                    node1→*
4421  L=5021  [node1 ] SEND     APP_GROUP                    node1→*
4422  L=5022  [node1 ] SEND     APP_GROUP                    node1→*
4423  L=5023  [node1 ] SEND     APP_GROUP                    node1→*
4424  L=5024  [node1 ] SEND     APP_CREATE_GROUP             node1→*
4425  L=5025  [node1 ] SEND     APP_GROUP                    node1→*
4426  L=5026  [node1 ] SEND     APP_GROUP                    node1→*
4427  L=5027  [node1 ] SEND     APP_GROUP                    node1→*
4428  L=5028  [node1 ] SEND     APP_GROUP                    node1→*
4429  L=5029  [node1 ] SEND     APP_GROUP                    node1→*
4430  L=5030  [node1 ] SEND     APP_GROUP                    node1→*
4431  L=5031  [node1 ] SEND     APP_GROUP                    node1→*
4432  L=5032  [node1 ] SEND     APP_GROUP                    node1→*
4433  L=5034  [node1 ] SEND     APP_GROUP                    node1→*
4434  L=5035  [node1 ] SEND     APP_GROUP                    node1→*
4435  L=5036  [node1 ] SEND     APP_CREATE_GROUP             node1→*
4436  L=5037  [node1 ] SEND     APP_GROUP                    node1→*
4437  L=5038  [node1 ] SEND     APP_GROUP                    node1→*
4438  L=5039  [node1 ] SEND     APP_GROUP                    node1→*
4439  L=5040  [node1 ] SEND     APP_GROUP                    node1→*
4440  L=5041  [node1 ] SEND     APP_GROUP                    node1→*
4441  L=5042  [node1 ] SEND     APP_GROUP                    node1→*
4442  L=5043  [node1 ] SEND     APP_GROUP                    node1→*
4443  L=5044  [node1 ] SEND     APP_GROUP                    node1→*
4444  L=5045  [node1 ] SEND     APP_GROUP                    node1→*
4445  L=5047  [node1 ] SEND     APP_CREATE_GROUP             node1→*
4446  L=5048  [node1 ] SEND     APP_GROUP                    node1→*
4447  L=5049  [node1 ] SEND     APP_GROUP                    node1→*
4448  L=5050  [node1 ] SEND     APP_GROUP                    node1→*
4449  L=5051  [node1 ] SEND     APP_GROUP                    node1→*
4450  L=5053  [node1 ] SEND     APP_CREATE_GROUP             node1→*
4451  L=5054  [node1 ] SEND     APP_GROUP                    node1→*
4452  L=5055  [node1 ] SEND     APP_GROUP                    node1→*
4453  L=5056  [node1 ] SEND     APP_GROUP                    node1→*
4454  L=5058  [node1 ] SEND     APP_CREATE_GROUP             node1→*
4455  L=5059  [node1 ] SEND     APP_GROUP                    node1→*
4456  L=5060  [node1 ] SEND     APP_GROUP                    node1→*
4457  L=5061  [node1 ] SEND     APP_GROUP                    node1→*
4458  L=5062  [node1 ] SEND     APP_GROUP                    node1→*
4459  L=5064  [node1 ] SEND     APP_GROUP                    node1→*
4460  L=5065  [node1 ] SEND     APP_GROUP                    node1→*
4461  L=5066  [node1 ] SEND     APP_GROUP                    node1→*
4462  L=5067  [node1 ] SEND     APP_GROUP                    node1→*
4463  L=5068  [node1 ] SEND     APP_GROUP                    node1→*
4464  L=5069  [node1 ] SEND     APP_GROUP                    node1→*
4465  L=5070  [node1 ] SEND     APP_CREATE_GROUP             node1→*
4466  L=5071  [node1 ] SEND     APP_GROUP                    node1→*
4467  L=5072  [node1 ] SEND     APP_GROUP                    node1→*
4468  L=5074  [node1 ] SEND     APP_CREATE_GROUP             node1→*
4469  L=5075  [node1 ] SEND     APP_GROUP                    node1→*
4470  L=5076  [node1 ] SEND     APP_GROUP                    node1→*
4471  L=5077  [node1 ] SEND     APP_GROUP                    node1→*
4472  L=5078  [node1 ] SEND     APP_GROUP                    node1→*
4473  L=5079  [node1 ] SEND     APP_GROUP                    node1→*
4474  L=5080  [node1 ] SEND     APP_GROUP                    node1→*
4475  L=5081  [node1 ] SEND     APP_GROUP                    node1→*
4476  L=5082  [node1 ] SEND     APP_GROUP                    node1→*
4477  L=5083  [node1 ] SEND     APP_GROUP                    node1→*
4478  L=5084  [node1 ] SEND     APP_GROUP                    node1→*
4479  L=5085  [node1 ] SEND     APP_GROUP                    node1→*
4480  L=5086  [node1 ] SEND     APP_GROUP                    node1→*
4481  L=5087  [node1 ] SEND     APP_GROUP                    node1→*
4482  L=5088  [node1 ] SEND     APP_GROUP                    node1→*
4483  L=5089  [node1 ] SEND     APP_GROUP                    node1→*
4484  L=5090  [node1 ] SEND     APP_GROUP                    node1→*
4485  L=5091  [node1 ] SEND     APP_GROUP                    node1→*
4486  L=5092  [node1 ] SEND     APP_GROUP                    node1→*
4487  L=5093  [node1 ] SEND     APP_GROUP                    node1→*
4488  L=5094  [node1 ] SEND     APP_GROUP                    node1→*
4489  L=5095  [node1 ] SEND     APP_GROUP                    node1→*
4490  L=5096  [node1 ] SEND     APP_GROUP                    node1→*
4491  L=5097  [node1 ] SEND     APP_GROUP                    node1→*
4493  L=5098  [node1 ] SEND     APP_GROUP                    node1→*
4492  L=5100  [node1 ] SEND     APP_CREATE_GROUP             node1→*
4494  L=5101  [node1 ] SEND     APP_GROUP                    node1→*
4495  L=5102  [node1 ] SEND     APP_GROUP                    node1→*
4496  L=5103  [node1 ] SEND     APP_GROUP                    node1→*
4497  L=5104  [node1 ] SEND     APP_GROUP                    node1→*
4498  L=5105  [node1 ] SEND     APP_GROUP                    node1→*
4499  L=5106  [node1 ] SEND     APP_GROUP                    node1→*
4500  L=5107  [node1 ] SEND     APP_GROUP                    node1→*
4501  L=5108  [node1 ] SEND     APP_GROUP                    node1→*
4502  L=5109  [node1 ] SEND     APP_GROUP                    node1→*
4503  L=5110  [node1 ] SEND     APP_GROUP                    node1→*
4504  L=5111  [node1 ] SEND     APP_GROUP                    node1→*
4505  L=5112  [node1 ] SEND     APP_GROUP                    node1→*
4506  L=5113  [node1 ] SEND     APP_GROUP                    node1→*
4507  L=5114  [node1 ] SEND     APP_GROUP                    node1→*
4508  L=5115  [node1 ] SEND     APP_GROUP                    node1→*
4509  L=5116  [node1 ] SEND     APP_GROUP                    node1→*
4510  L=5117  [node1 ] SEND     APP_GROUP                    node1→*
4511  L=5118  [node1 ] SEND     APP_GROUP                    node1→*
4512  L=5119  [node1 ] SEND     APP_GROUP                    node1→*
4513  L=5120  [node1 ] SEND     APP_GROUP                    node1→*
4514  L=5121  [node1 ] SEND     APP_GROUP                    node1→*
4515  L=5122  [node1 ] SEND     APP_GROUP                    node1→*
4516  L=5123  [node1 ] SEND     APP_GROUP                    node1→*
4517  L=5124  [node1 ] SEND     APP_GROUP                    node1→*
4518  L=5125  [node1 ] SEND     APP_GROUP                    node1→*
4519  L=5126  [node1 ] SEND     APP_GROUP                    node1→*
4520  L=5127  [node1 ] SEND     APP_GROUP                    node1→*
4521  L=5128  [node1 ] SEND     APP_GROUP                    node1→*
4522  L=5129  [node1 ] SEND     APP_GROUP                    node1→*
4523  L=5130  [node1 ] SEND     APP_GROUP                    node1→*
4524  L=5131  [node1 ] SEND     APP_GROUP                    node1→*
4525  L=5132  [node1 ] SEND     APP_GROUP                    node1→*
4527  L=5133  [node1 ] SEND     APP_GROUP                    node1→*
4526  L=5134  [node1 ] SEND     APP_GROUP                    node1→*
4528  L=5135  [node1 ] SEND     APP_GROUP                    node1→*
4529  L=5137  [node1 ] SEND     APP_GROUP                    node1→*
4530  L=5138  [node1 ] SEND     APP_GROUP                    node1→*
4531  L=5139  [node1 ] SEND     APP_CREATE_GROUP             node1→*
4532  L=5140  [node1 ] SEND     APP_GROUP                    node1→*
4533  L=5141  [node1 ] SEND     APP_GROUP                    node1→*
4534  L=5142  [node1 ] SEND     APP_GROUP                    node1→*
4535  L=5144  [node1 ] SEND     APP_GROUP                    node1→*
4536  L=5145  [node1 ] SEND     APP_GROUP                    node1→*
4537  L=5146  [node1 ] SEND     APP_CREATE_GROUP             node1→*
4538  L=5148  [node1 ] SEND     APP_CREATE_GROUP             node1→*
4539  L=5149  [node1 ] SEND     APP_GROUP                    node1→*
4540  L=5150  [node1 ] SEND     APP_GROUP                    node1→*
4541  L=5151  [node1 ] SEND     APP_GROUP                    node1→*
4542  L=5152  [node1 ] SEND     APP_GROUP                    node1→*
4543  L=5153  [node1 ] SEND     APP_GROUP                    node1→*
4544  L=5155  [node1 ] SEND     APP_GROUP                    node1→*
4545  L=5156  [node1 ] SEND     APP_GROUP                    node1→*
4546  L=5157  [node1 ] SEND     APP_GROUP                    node1→*
4547  L=5158  [node1 ] SEND     APP_GROUP                    node1→*
4548  L=5159  [node1 ] SEND     APP_GROUP                    node1→*
4549  L=5160  [node1 ] SEND     APP_GROUP                    node1→*
4550  L=5161  [node1 ] SEND     APP_CREATE_GROUP             node1→*
4551  L=5163  [node1 ] SEND     APP_CREATE_GROUP             node1→*
4552  L=5164  [node1 ] SEND     APP_GROUP                    node1→*
4553  L=5165  [node1 ] SEND     APP_GROUP                    node1→*
4554  L=5166  [node1 ] SEND     APP_GROUP                    node1→*
4555  L=5167  [node1 ] SEND     APP_GROUP                    node1→*
4556  L=5168  [node1 ] SEND     APP_GROUP                    node1→*
4557  L=5169  [node1 ] SEND     APP_GROUP                    node1→*
4558  L=5170  [node1 ] SEND     APP_GROUP                    node1→*
4559  L=5171  [node1 ] SEND     APP_GROUP                    node1→*
4560  L=5172  [node1 ] SEND     APP_GROUP                    node1→*
4563  L=5173  [node1 ] SEND     APP_GROUP                    node1→*
4561  L=5175  [node1 ] SEND     APP_CREATE_GROUP             node1→*
4562  L=5176  [node1 ] SEND     APP_GROUP                    node1→*
4564  L=5178  [node1 ] SEND     APP_CREATE_GROUP             node1→*
4565  L=5179  [node1 ] SEND     APP_GROUP                    node1→*
4566  L=5181  [node1 ] SEND     APP_CREATE_GROUP             node1→*
4567  L=5182  [node1 ] SEND     APP_GROUP                    node1→*
4568  L=5184  [node1 ] SEND     APP_GROUP                    node1→*
4569  L=5185  [node1 ] SEND     APP_GROUP                    node1→*
4570  L=5186  [node1 ] SEND     APP_GROUP                    node1→*
4571  L=5187  [node1 ] SEND     APP_GROUP                    node1→*
4572  L=5188  [node1 ] SEND     APP_GROUP                    node1→*
4573  L=5189  [node1 ] SEND     APP_CREATE_GROUP             node1→*
4574  L=5190  [node1 ] SEND     APP_GROUP                    node1→*
4575  L=5191  [node1 ] SEND     APP_GROUP                    node1→*
4576  L=5192  [node1 ] SEND     APP_GROUP                    node1→*
4577  L=5193  [node1 ] SEND     APP_GROUP                    node1→*
4578  L=5194  [node1 ] SEND     APP_GROUP                    node1→*
4579  L=5195  [node1 ] SEND     APP_GROUP                    node1→*
4580  L=5196  [node1 ] SEND     APP_GROUP                    node1→*
4581  L=5197  [node1 ] SEND     APP_GROUP                    node1→*
4582  L=5198  [node1 ] SEND     APP_GROUP                    node1→*
4583  L=5199  [node1 ] SEND     APP_GROUP                    node1→*
4584  L=5200  [node1 ] SEND     APP_GROUP                    node1→*
4585  L=5201  [node1 ] SEND     APP_GROUP                    node1→*
4586  L=5202  [node1 ] SEND     APP_GROUP                    node1→*
4587  L=5203  [node1 ] SEND     APP_GROUP                    node1→*
4588  L=5204  [node1 ] SEND     APP_GROUP                    node1→*
4589  L=5206  [node1 ] SEND     APP_CREATE_GROUP             node1→*
4590  L=5207  [node1 ] SEND     APP_GROUP                    node1→*
4591  L=5208  [node1 ] SEND     APP_GROUP                    node1→*
4592  L=5209  [node1 ] SEND     APP_GROUP                    node1→*
4593  L=5210  [node1 ] SEND     APP_GROUP                    node1→*
4594  L=5211  [node1 ] SEND     APP_GROUP                    node1→*
4596  L=5212  [node1 ] SEND     APP_GROUP                    node1→*
4595  L=5213  [node1 ] SEND     APP_GROUP                    node1→*
4597  L=5214  [node1 ] SEND     APP_GROUP                    node1→*
4598  L=5215  [node1 ] SEND     APP_GROUP                    node1→*
4599  L=5216  [node1 ] SEND     APP_GROUP                    node1→*
4600  L=5217  [node1 ] SEND     APP_GROUP                    node1→*
4601  L=5218  [node1 ] SEND     APP_GROUP                    node1→*
4602  L=5220  [node1 ] SEND     APP_GROUP                    node1→*
4603  L=5221  [node1 ] SEND     APP_GROUP                    node1→*
4604  L=5222  [node1 ] SEND     APP_GROUP                    node1→*
4605  L=5223  [node1 ] SEND     APP_GROUP                    node1→*
4606  L=5224  [node1 ] SEND     APP_GROUP                    node1→*
4607  L=5225  [node1 ] SEND     APP_GROUP                    node1→*
4608  L=5226  [node1 ] SEND     APP_GROUP                    node1→*
4609  L=5227  [node1 ] SEND     APP_GROUP                    node1→*
4610  L=5228  [node1 ] SEND     APP_GROUP                    node1→*
4611  L=5229  [node1 ] SEND     APP_GROUP                    node1→*
4612  L=5230  [node1 ] SEND     APP_GROUP                    node1→*
4613  L=5231  [node1 ] SEND     APP_CREATE_GROUP             node1→*
4614  L=5232  [node1 ] SEND     APP_GROUP                    node1→*
4615  L=5233  [node1 ] SEND     APP_GROUP                    node1→*
4616  L=5234  [node1 ] SEND     APP_GROUP                    node1→*
4617  L=5235  [node1 ] SEND     APP_GROUP                    node1→*
4618  L=5236  [node1 ] SEND     APP_GROUP                    node1→*
4619  L=5237  [node1 ] SEND     APP_GROUP                    node1→*
4620  L=5238  [node1 ] SEND     APP_GROUP                    node1→*
4621  L=5239  [node1 ] SEND     APP_GROUP                    node1→*
4622  L=5240  [node1 ] SEND     APP_GROUP                    node1→*
4623  L=5241  [node1 ] SEND     APP_GROUP                    node1→*
4624  L=5242  [node1 ] SEND     APP_GROUP                    node1→*
4625  L=5243  [node1 ] SEND     APP_GROUP                    node1→*
4626  L=5245  [node1 ] SEND     APP_CREATE_GROUP             node1→*
4627  L=5246  [node1 ] SEND     APP_GROUP                    node1→*
4628  L=5247  [node1 ] SEND     APP_GROUP                    node1→*
4629  L=5248  [node1 ] SEND     APP_GROUP                    node1→*
4630  L=5249  [node1 ] SEND     APP_GROUP                    node1→*
4631  L=5250  [node1 ] SEND     APP_GROUP                    node1→*
4632  L=5251  [node1 ] SEND     APP_GROUP                    node1→*
4633  L=5252  [node1 ] SEND     APP_GROUP                    node1→*
4634  L=5253  [node1 ] SEND     APP_GROUP                    node1→*
4635  L=5254  [node1 ] SEND     APP_GROUP                    node1→*
4636  L=5255  [node1 ] SEND     APP_GROUP                    node1→*
4637  L=5256  [node1 ] SEND     APP_GROUP                    node1→*
4638  L=5257  [node1 ] SEND     APP_GROUP                    node1→*
4639  L=5258  [node1 ] SEND     APP_GROUP                    node1→*
4640  L=5259  [node1 ] SEND     APP_GROUP                    node1→*
4641  L=5260  [node1 ] SEND     APP_GROUP                    node1→*
4642  L=5262  [node1 ] SEND     APP_GROUP                    node1→*
4643  L=5263  [node1 ] SEND     APP_GROUP                    node1→*
4644  L=5264  [node1 ] SEND     APP_GROUP                    node1→*
4645  L=5265  [node1 ] SEND     APP_CREATE_GROUP             node1→*
4646  L=5267  [node1 ] SEND     APP_CREATE_GROUP             node1→*
4647  L=5268  [node1 ] SEND     APP_GROUP                    node1→*
4648  L=5269  [node1 ] SEND     APP_GROUP                    node1→*
4649  L=5270  [node1 ] SEND     APP_GROUP                    node1→*
4650  L=5271  [node1 ] SEND     APP_GROUP                    node1→*
4651  L=5272  [node1 ] SEND     APP_GROUP                    node1→*
4652  L=5273  [node1 ] SEND     APP_GROUP                    node1→*
4653  L=5275  [node1 ] SEND     APP_GROUP                    node1→*
4654  L=5276  [node1 ] SEND     APP_GROUP                    node1→*
4655  L=5277  [node1 ] SEND     APP_GROUP                    node1→*
4656  L=5278  [node1 ] SEND     APP_GROUP                    node1→*
4657  L=5279  [node1 ] SEND     APP_GROUP                    node1→*
4658  L=5280  [node1 ] SEND     APP_GROUP                    node1→*
4659  L=5282  [node1 ] SEND     APP_GROUP                    node1→*
4660  L=5283  [node1 ] SEND     APP_GROUP                    node1→*
4661  L=5284  [node1 ] SEND     APP_GROUP                    node1→*
4662  L=5285  [node1 ] SEND     APP_GROUP                    node1→*
4663  L=5286  [node1 ] SEND     APP_GROUP                    node1→*
4664  L=5287  [node1 ] SEND     APP_CREATE_GROUP             node1→*
4665  L=5288  [node1 ] SEND     APP_GROUP                    node1→*
4666  L=5289  [node1 ] SEND     APP_GROUP                    node1→*
4667  L=5290  [node1 ] SEND     APP_CREATE_GROUP             node1→*
4668  L=5292  [node1 ] SEND     APP_GROUP                    node1→*
4669  L=5293  [node1 ] SEND     APP_GROUP                    node1→*
4670  L=5294  [node1 ] SEND     APP_GROUP                    node1→*
4671  L=5295  [node1 ] SEND     APP_CREATE_GROUP             node1→*
4672  L=5296  [node1 ] SEND     APP_GROUP                    node1→*
4673  L=5297  [node1 ] SEND     APP_GROUP                    node1→*
4674  L=5298  [node1 ] SEND     APP_GROUP                    node1→*
4675  L=5300  [node1 ] SEND     APP_CREATE_GROUP             node1→*
4676  L=5301  [node1 ] SEND     APP_GROUP                    node1→*
4677  L=5302  [node1 ] SEND     APP_GROUP                    node1→*
4678  L=5303  [node1 ] SEND     APP_GROUP                    node1→*
4679  L=5304  [node1 ] SEND     APP_GROUP                    node1→*
4680  L=5305  [node1 ] SEND     APP_GROUP                    node1→*
4681  L=5306  [node1 ] SEND     APP_GROUP                    node1→*
4682  L=5307  [node1 ] SEND     APP_GROUP                    node1→*
4683  L=5308  [node1 ] SEND     APP_GROUP                    node1→*
4684  L=5309  [node1 ] SEND     APP_GROUP                    node1→*
4685  L=5310  [node1 ] SEND     APP_GROUP                    node1→*
4686  L=5311  [node1 ] SEND     APP_GROUP                    node1→*
4687  L=5312  [node1 ] SEND     APP_GROUP                    node1→*
4688  L=5313  [node1 ] SEND     APP_GROUP                    node1→*
4689  L=5315  [node1 ] SEND     APP_CREATE_GROUP             node1→*
4690  L=5316  [node1 ] SEND     APP_GROUP                    node1→*
4691  L=5317  [node1 ] SEND     APP_GROUP                    node1→*
4692  L=5318  [node1 ] SEND     APP_GROUP                    node1→*
4693  L=5319  [node1 ] SEND     APP_GROUP                    node1→*
4694  L=5320  [node1 ] SEND     APP_GROUP                    node1→*
4695  L=5321  [node1 ] SEND     APP_GROUP                    node1→*
4696  L=5322  [node1 ] SEND     APP_GROUP                    node1→*
4697  L=5323  [node1 ] SEND     APP_GROUP                    node1→*
4698  L=5324  [node1 ] SEND     APP_GROUP                    node1→*
4699  L=5325  [node1 ] SEND     APP_GROUP                    node1→*
4700  L=5326  [node1 ] SEND     APP_GROUP                    node1→*
4701  L=5328  [node1 ] SEND     APP_CREATE_GROUP             node1→*
4702  L=5329  [node1 ] SEND     APP_GROUP                    node1→*
4703  L=5330  [node1 ] SEND     APP_GROUP                    node1→*
4704  L=5331  [node1 ] SEND     APP_GROUP                    node1→*
4705  L=5332  [node1 ] SEND     APP_GROUP                    node1→*
4706  L=5333  [node1 ] SEND     APP_GROUP                    node1→*
4707  L=5334  [node1 ] SEND     APP_GROUP                    node1→*
4708  L=5335  [node1 ] SEND     APP_GROUP                    node1→*
4709  L=5336  [node1 ] SEND     APP_GROUP                    node1→*
4710  L=5338  [node1 ] SEND     APP_CREATE_GROUP             node1→*
4711  L=5339  [node1 ] SEND     APP_GROUP                    node1→*
4712  L=5340  [node1 ] SEND     APP_GROUP                    node1→*
4713  L=5342  [node1 ] SEND     APP_CREATE_GROUP             node1→*
4714  L=5343  [node1 ] SEND     APP_GROUP                    node1→*
4715  L=5344  [node1 ] SEND     APP_GROUP                    node1→*
4716  L=5345  [node1 ] SEND     APP_GROUP                    node1→*
4717  L=5346  [node1 ] SEND     APP_GROUP                    node1→*
4718  L=5347  [node1 ] SEND     APP_GROUP                    node1→*
4719  L=5349  [node1 ] SEND     APP_GROUP                    node1→*
4720  L=5350  [node1 ] SEND     APP_GROUP                    node1→*
4721  L=5351  [node1 ] SEND     APP_GROUP                    node1→*
4722  L=5352  [node1 ] SEND     APP_GROUP                    node1→*
4723  L=5353  [node1 ] SEND     APP_GROUP                    node1→*
4724  L=5354  [node1 ] SEND     APP_GROUP                    node1→*
4725  L=5355  [node1 ] SEND     APP_GROUP                    node1→*
4726  L=5356  [node1 ] SEND     APP_GROUP                    node1→*
4727  L=5357  [node1 ] SEND     APP_GROUP                    node1→*
4728  L=5358  [node1 ] SEND     APP_GROUP                    node1→*
4729  L=5359  [node1 ] SEND     APP_GROUP                    node1→*
4730  L=5360  [node1 ] SEND     APP_CREATE_GROUP             node1→*
4731  L=5362  [node1 ] SEND     APP_GROUP                    node1→*
4732  L=5363  [node1 ] SEND     APP_GROUP                    node1→*
4733  L=5364  [node1 ] SEND     APP_CREATE_GROUP             node1→*
4734  L=5365  [node1 ] SEND     APP_GROUP                    node1→*
4735  L=5366  [node1 ] SEND     APP_GROUP                    node1→*
4736  L=5367  [node1 ] SEND     APP_GROUP                    node1→*
4737  L=5368  [node1 ] SEND     APP_GROUP                    node1→*
4738  L=5369  [node1 ] SEND     APP_GROUP                    node1→*
4739  L=5370  [node1 ] SEND     APP_GROUP                    node1→*
4740  L=5371  [node1 ] SEND     APP_GROUP                    node1→*
4741  L=5372  [node1 ] SEND     APP_GROUP                    node1→*
4742  L=5373  [node1 ] SEND     APP_GROUP                    node1→*
4743  L=5374  [node1 ] SEND     APP_GROUP                    node1→*
4744  L=5375  [node1 ] SEND     APP_GROUP                    node1→*
4745  L=5376  [node1 ] SEND     APP_GROUP                    node1→*
4746  L=5377  [node1 ] SEND     APP_GROUP                    node1→*
4747  L=5378  [node1 ] SEND     APP_GROUP                    node1→*
4748  L=5379  [node1 ] SEND     APP_GROUP                    node1→*
4749  L=5380  [node1 ] SEND     APP_GROUP                    node1→*
4750  L=5381  [node1 ] SEND     APP_GROUP                    node1→*
4751  L=5382  [node1 ] SEND     APP_GROUP                    node1→*
4752  L=5383  [node1 ] SEND     APP_GROUP                    node1→*
4753  L=5384  [node1 ] SEND     APP_GROUP                    node1→*
4754  L=5385  [node1 ] SEND     APP_GROUP                    node1→*
4755  L=5386  [node1 ] SEND     APP_GROUP                    node1→*
4756  L=5387  [node1 ] SEND     APP_GROUP                    node1→*
4757  L=5388  [node1 ] SEND     APP_GROUP                    node1→*
4758  L=5389  [node1 ] SEND     APP_GROUP                    node1→*
4759  L=5390  [node1 ] SEND     APP_GROUP                    node1→*
4760  L=5391  [node1 ] SEND     APP_GROUP                    node1→*
4761  L=5392  [node1 ] SEND     APP_GROUP                    node1→*
4762  L=5393  [node1 ] SEND     APP_GROUP                    node1→*
4763  L=5394  [node1 ] SEND     APP_GROUP                    node1→*
4764  L=5395  [node1 ] SEND     APP_GROUP                    node1→*
4765  L=5396  [node1 ] SEND     APP_GROUP                    node1→*
4766  L=5397  [node1 ] SEND     APP_GROUP                    node1→*
4767  L=5398  [node1 ] SEND     APP_GROUP                    node1→*
4768  L=5399  [node1 ] SEND     APP_GROUP                    node1→*
4769  L=5400  [node1 ] SEND     APP_GROUP                    node1→*
4770  L=5401  [node1 ] SEND     APP_GROUP                    node1→*
4771  L=5402  [node1 ] SEND     APP_GROUP                    node1→*
4772  L=5403  [node1 ] SEND     APP_GROUP                    node1→*
4773  L=5404  [node1 ] SEND     APP_GROUP                    node1→*
4774  L=5405  [node1 ] SEND     APP_GROUP                    node1→*
4775  L=5406  [node1 ] SEND     APP_GROUP                    node1→*
4776  L=5407  [node1 ] SEND     APP_GROUP                    node1→*
4777  L=5408  [node1 ] SEND     APP_GROUP                    node1→*
4778  L=5409  [node1 ] SEND     APP_GROUP                    node1→*
4779  L=5411  [node1 ] SEND     APP_CREATE_GROUP             node1→*
4780  L=5412  [node1 ] SEND     APP_GROUP                    node1→*
4781  L=5413  [node1 ] SEND     APP_GROUP                    node1→*
4782  L=5414  [node1 ] SEND     APP_GROUP                    node1→*
4783  L=5415  [node1 ] SEND     APP_GROUP                    node1→*
4784  L=5416  [node1 ] SEND     APP_GROUP                    node1→*
4785  L=5417  [node1 ] SEND     APP_GROUP                    node1→*
4786  L=5418  [node1 ] SEND     APP_GROUP                    node1→*
4787  L=5419  [node1 ] SEND     APP_GROUP                    node1→*
4788  L=5420  [node1 ] SEND     APP_GROUP                    node1→*
4789  L=5422  [node1 ] SEND     APP_CREATE_GROUP             node1→*
4790  L=5424  [node1 ] SEND     APP_CREATE_GROUP             node1→*
4791  L=5425  [node1 ] SEND     APP_GROUP                    node1→*
4792  L=5426  [node1 ] SEND     APP_GROUP                    node1→*
4793  L=5428  [node1 ] SEND     APP_CREATE_GROUP             node1→*
4794  L=5429  [node1 ] SEND     APP_GROUP                    node1→*
4795  L=5430  [node1 ] SEND     APP_GROUP                    node1→*
4796  L=5431  [node1 ] SEND     APP_GROUP                    node1→*
4797  L=5432  [node1 ] SEND     APP_GROUP                    node1→*
4798  L=5433  [node1 ] SEND     APP_GROUP                    node1→*
4799  L=5434  [node1 ] SEND     APP_GROUP                    node1→*
4800  L=5435  [node1 ] SEND     APP_GROUP                    node1→*
4801  L=5436  [node1 ] SEND     APP_GROUP                    node1→*
4802  L=5437  [node1 ] SEND     APP_GROUP                    node1→*
4803  L=5438  [node1 ] SEND     APP_GROUP                    node1→*
4804  L=5439  [node1 ] SEND     APP_GROUP                    node1→*
4805  L=5440  [node1 ] SEND     APP_GROUP                    node1→*
4806  L=5441  [node1 ] SEND     APP_GROUP                    node1→*
4807  L=5442  [node1 ] SEND     APP_GROUP                    node1→*
4808  L=5444  [node1 ] SEND     APP_GROUP                    node1→*
4809  L=5445  [node1 ] SEND     APP_GROUP                    node1→*
4810  L=5446  [node1 ] SEND     APP_GROUP                    node1→*
4811  L=5447  [node1 ] SEND     APP_CREATE_GROUP             node1→*
4812  L=5448  [node1 ] SEND     APP_GROUP                    node1→*
4813  L=5449  [node1 ] SEND     APP_GROUP                    node1→*
4814  L=5450  [node1 ] SEND     APP_GROUP                    node1→*
4815  L=5451  [node1 ] SEND     APP_GROUP                    node1→*
4816  L=5452  [node1 ] SEND     APP_GROUP                    node1→*
4817  L=5453  [node1 ] SEND     APP_GROUP                    node1→*
4818  L=5454  [node1 ] SEND     APP_GROUP                    node1→*
4819  L=5455  [node1 ] SEND     APP_GROUP                    node1→*
4820  L=5456  [node1 ] SEND     APP_GROUP                    node1→*
4821  L=5457  [node1 ] SEND     APP_GROUP                    node1→*
4822  L=5458  [node1 ] SEND     APP_GROUP                    node1→*
4823  L=5459  [node1 ] SEND     APP_GROUP                    node1→*
4824  L=5460  [node1 ] SEND     APP_GROUP                    node1→*
4825  L=5461  [node1 ] SEND     APP_GROUP                    node1→*
4826  L=5462  [node1 ] SEND     APP_GROUP                    node1→*
4827  L=5463  [node1 ] SEND     APP_GROUP                    node1→*
4828  L=5464  [node1 ] SEND     APP_GROUP                    node1→*
4829  L=5466  [node1 ] SEND     APP_GROUP                    node1→*
4830  L=5467  [node1 ] SEND     APP_GROUP                    node1→*
4831  L=5468  [node1 ] SEND     APP_GROUP                    node1→*
4832  L=5469  [node1 ] SEND     APP_CREATE_GROUP             node1→*
4833  L=5470  [node1 ] SEND     APP_GROUP                    node1→*
4834  L=5472  [node1 ] SEND     APP_CREATE_GROUP             node1→*
4835  L=5473  [node1 ] SEND     APP_GROUP                    node1→*
4836  L=5474  [node1 ] SEND     APP_GROUP                    node1→*
4837  L=5475  [node1 ] SEND     APP_GROUP                    node1→*
4838  L=5476  [node1 ] SEND     APP_GROUP                    node1→*
4839  L=5477  [node1 ] SEND     APP_GROUP                    node1→*
4840  L=5478  [node1 ] SEND     APP_GROUP                    node1→*
4841  L=5480  [node1 ] SEND     APP_CREATE_GROUP             node1→*
4842  L=5481  [node1 ] SEND     APP_GROUP                    node1→*
4843  L=5482  [node1 ] SEND     APP_GROUP                    node1→*
4844  L=5483  [node1 ] SEND     APP_GROUP                    node1→*
4845  L=5485  [node1 ] SEND     APP_GROUP                    node1→*
4846  L=5486  [node1 ] SEND     APP_GROUP                    node1→*
4847  L=5487  [node1 ] SEND     APP_CREATE_GROUP             node1→*
4848  L=5489  [node1 ] SEND     APP_GROUP                    node1→*
4849  L=5490  [node1 ] SEND     APP_GROUP                    node1→*
4850  L=5491  [node1 ] SEND     APP_GROUP                    node1→*
4851  L=5492  [node1 ] SEND     APP_GROUP                    node1→*
4852  L=5493  [node1 ] SEND     APP_CREATE_GROUP             node1→*
4853  L=5494  [node1 ] SEND     APP_GROUP                    node1→*
4854  L=5495  [node1 ] SEND     APP_GROUP                    node1→*
4855  L=5496  [node1 ] SEND     APP_GROUP                    node1→*
4856  L=5498  [node1 ] SEND     APP_CREATE_GROUP             node1→*
4857  L=5499  [node1 ] SEND     APP_GROUP                    node1→*
4858  L=5500  [node1 ] SEND     APP_GROUP                    node1→*
4859  L=5501  [node1 ] SEND     APP_GROUP                    node1→*
4860  L=5502  [node1 ] SEND     APP_GROUP                    node1→*
4861  L=5503  [node1 ] SEND     APP_GROUP                    node1→*
4862  L=5504  [node1 ] SEND     APP_GROUP                    node1→*
4863  L=5505  [node1 ] SEND     APP_GROUP                    node1→*
4864  L=5506  [node1 ] SEND     APP_GROUP                    node1→*
4865  L=5507  [node1 ] SEND     APP_GROUP                    node1→*
4866  L=5508  [node1 ] SEND     APP_GROUP                    node1→*
4867  L=5509  [node1 ] SEND     APP_GROUP                    node1→*
4868  L=5510  [node1 ] SEND     APP_GROUP                    node1→*
4869  L=5511  [node1 ] SEND     APP_GROUP                    node1→*
4870  L=5512  [node1 ] SEND     APP_GROUP                    node1→*
4871  L=5513  [node1 ] SEND     APP_GROUP                    node1→*
4872  L=5514  [node1 ] SEND     APP_GROUP                    node1→*
4873  L=5515  [node1 ] SEND     APP_GROUP                    node1→*
4874  L=5516  [node1 ] SEND     APP_GROUP                    node1→*
4875  L=5517  [node1 ] SEND     APP_GROUP                    node1→*
4876  L=5518  [node1 ] SEND     APP_GROUP                    node1→*
4877  L=5519  [node1 ] SEND     APP_GROUP                    node1→*
4878  L=5520  [node1 ] SEND     APP_GROUP                    node1→*
4879  L=5521  [node1 ] SEND     APP_GROUP                    node1→*
4880  L=5522  [node1 ] SEND     APP_GROUP                    node1→*
4881  L=5523  [node1 ] SEND     APP_GROUP                    node1→*
4882  L=5525  [node1 ] SEND     APP_GROUP                    node1→*
4883  L=5526  [node1 ] SEND     APP_GROUP                    node1→*
4884  L=5527  [node1 ] SEND     APP_GROUP                    node1→*
4885  L=5528  [node1 ] SEND     APP_GROUP                    node1→*
4886  L=5529  [node1 ] SEND     APP_GROUP                    node1→*
4887  L=5530  [node1 ] SEND     APP_GROUP                    node1→*
4888  L=5531  [node1 ] SEND     APP_GROUP                    node1→*
4889  L=5532  [node1 ] SEND     APP_GROUP                    node1→*
4890  L=5533  [node1 ] SEND     APP_GROUP                    node1→*
4891  L=5534  [node1 ] SEND     APP_CREATE_GROUP             node1→*
4892  L=5536  [node1 ] SEND     APP_CREATE_GROUP             node1→*
4893  L=5538  [node1 ] SEND     APP_CREATE_GROUP             node1→*
4894  L=5539  [node1 ] SEND     APP_GROUP                    node1→*
4895  L=5540  [node1 ] SEND     APP_GROUP                    node1→*
4896  L=5541  [node1 ] SEND     APP_GROUP                    node1→*
4897  L=5542  [node1 ] SEND     APP_GROUP                    node1→*
4898  L=5543  [node1 ] SEND     APP_GROUP                    node1→*
4899  L=5544  [node1 ] SEND     APP_GROUP                    node1→*
4900  L=5545  [node1 ] SEND     APP_GROUP                    node1→*
4901  L=5546  [node1 ] SEND     APP_GROUP                    node1→*
4902  L=5547  [node1 ] SEND     APP_GROUP                    node1→*
4903  L=5548  [node1 ] SEND     APP_GROUP                    node1→*
4904  L=5549  [node1 ] SEND     APP_GROUP                    node1→*
4905  L=5551  [node1 ] SEND     APP_CREATE_GROUP             node1→*
4906  L=5552  [node1 ] SEND     APP_GROUP                    node1→*
4907  L=5553  [node1 ] SEND     APP_GROUP                    node1→*
4908  L=5554  [node1 ] SEND     APP_GROUP                    node1→*
4909  L=5555  [node1 ] SEND     APP_GROUP                    node1→*
4910  L=5556  [node1 ] SEND     APP_GROUP                    node1→*
4911  L=5557  [node1 ] SEND     APP_GROUP                    node1→*
4912  L=5559  [node1 ] SEND     APP_GROUP                    node1→*
4913  L=5560  [node1 ] SEND     APP_GROUP                    node1→*
4914  L=5561  [node1 ] SEND     APP_GROUP                    node1→*
4915  L=5562  [node1 ] SEND     APP_CREATE_GROUP             node1→*
4916  L=5563  [node1 ] SEND     APP_GROUP                    node1→*
4917  L=5564  [node1 ] SEND     APP_GROUP                    node1→*
4918  L=5565  [node1 ] SEND     APP_GROUP                    node1→*
4919  L=5566  [node1 ] SEND     APP_GROUP                    node1→*
4920  L=5567  [node1 ] SEND     APP_GROUP                    node1→*
4921  L=5568  [node1 ] SEND     APP_GROUP                    node1→*
4922  L=5569  [node1 ] SEND     APP_GROUP                    node1→*
4923  L=5570  [node1 ] SEND     APP_GROUP                    node1→*
4924  L=5571  [node1 ] SEND     APP_GROUP                    node1→*
4925  L=5573  [node1 ] SEND     APP_CREATE_GROUP             node1→*
4926  L=5574  [node1 ] SEND     APP_GROUP                    node1→*
4927  L=5575  [node1 ] SEND     APP_GROUP                    node1→*
4928  L=5576  [node1 ] SEND     APP_GROUP                    node1→*
4929  L=5577  [node1 ] SEND     APP_GROUP                    node1→*
4930  L=5578  [node1 ] SEND     APP_GROUP                    node1→*
4931  L=5579  [node1 ] SEND     APP_GROUP                    node1→*
4932  L=5580  [node1 ] SEND     APP_GROUP                    node1→*
4933  L=5581  [node1 ] SEND     APP_GROUP                    node1→*
4934  L=5582  [node1 ] SEND     APP_GROUP                    node1→*
4935  L=5583  [node1 ] SEND     APP_GROUP                    node1→*
4936  L=5584  [node1 ] SEND     APP_GROUP                    node1→*
4937  L=5585  [node1 ] SEND     APP_GROUP                    node1→*
4938  L=5586  [node1 ] SEND     APP_GROUP                    node1→*
4939  L=5587  [node1 ] SEND     APP_GROUP                    node1→*
4940  L=5588  [node1 ] SEND     APP_GROUP                    node1→*
4941  L=5590  [node1 ] SEND     APP_CREATE_GROUP             node1→*
4942  L=5592  [node1 ] SEND     APP_CREATE_GROUP             node1→*
4943  L=5593  [node1 ] SEND     APP_GROUP                    node1→*
4944  L=5594  [node1 ] SEND     APP_GROUP                    node1→*
4945  L=5595  [node1 ] SEND     APP_GROUP                    node1→*
4946  L=5596  [node1 ] SEND     APP_GROUP                    node1→*
4947  L=5597  [node1 ] SEND     APP_GROUP                    node1→*
4948  L=5598  [node1 ] SEND     APP_GROUP                    node1→*
4949  L=5599  [node1 ] SEND     APP_GROUP                    node1→*
4950  L=5600  [node1 ] SEND     APP_GROUP                    node1→*
4951  L=5601  [node1 ] SEND     APP_GROUP                    node1→*
4952  L=5602  [node1 ] SEND     APP_GROUP                    node1→*
4953  L=5603  [node1 ] SEND     APP_GROUP                    node1→*
4954  L=5604  [node1 ] SEND     APP_GROUP                    node1→*
4955  L=5605  [node1 ] SEND     APP_GROUP                    node1→*
4956  L=5606  [node1 ] SEND     APP_GROUP                    node1→*
4957  L=5607  [node1 ] SEND     APP_GROUP                    node1→*
4958  L=5609  [node1 ] SEND     APP_GROUP                    node1→*
4959  L=5610  [node1 ] SEND     APP_GROUP                    node1→*
4960  L=5611  [node1 ] SEND     APP_GROUP                    node1→*
4961  L=5612  [node1 ] SEND     APP_GROUP                    node1→*
4962  L=5613  [node1 ] SEND     APP_CREATE_GROUP             node1→*
4963  L=5614  [node1 ] SEND     APP_GROUP                    node1→*
4964  L=5615  [node1 ] SEND     APP_GROUP                    node1→*
4965  L=5616  [node1 ] SEND     APP_GROUP                    node1→*
4966  L=5618  [node1 ] SEND     APP_GROUP                    node1→*
4967  L=5619  [node1 ] SEND     APP_GROUP                    node1→*
4968  L=5620  [node1 ] SEND     APP_GROUP                    node1→*
4969  L=5621  [node1 ] SEND     APP_GROUP                    node1→*
4970  L=5622  [node1 ] SEND     APP_CREATE_GROUP             node1→*
4971  L=5623  [node1 ] SEND     APP_GROUP                    node1→*
4972  L=5624  [node1 ] SEND     APP_GROUP                    node1→*
4973  L=5625  [node1 ] SEND     APP_GROUP                    node1→*
4974  L=5626  [node1 ] SEND     APP_GROUP                    node1→*
4975  L=5627  [node1 ] SEND     APP_GROUP                    node1→*
4976  L=5628  [node1 ] SEND     APP_GROUP                    node1→*
4977  L=5629  [node1 ] SEND     APP_GROUP                    node1→*
4978  L=5630  [node1 ] SEND     APP_GROUP                    node1→*
4979  L=5631  [node1 ] SEND     APP_GROUP                    node1→*
4980  L=5632  [node1 ] SEND     APP_GROUP                    node1→*
4981  L=5633  [node1 ] SEND     APP_GROUP                    node1→*
4982  L=5634  [node1 ] SEND     APP_GROUP                    node1→*
4983  L=5635  [node1 ] SEND     APP_GROUP                    node1→*
4984  L=5636  [node1 ] SEND     APP_GROUP                    node1→*
4985  L=5637  [node1 ] SEND     APP_GROUP                    node1→*
4986  L=5638  [node1 ] SEND     APP_GROUP                    node1→*
4987  L=5639  [node1 ] SEND     APP_GROUP                    node1→*
4988  L=5640  [node1 ] SEND     APP_GROUP                    node1→*
4989  L=5641  [node1 ] SEND     APP_GROUP                    node1→*
4990  L=5642  [node1 ] SEND     APP_GROUP                    node1→*
4991  L=5643  [node1 ] SEND     APP_GROUP                    node1→*
4992  L=5644  [node1 ] SEND     APP_GROUP                    node1→*
4993  L=5645  [node1 ] SEND     APP_GROUP                    node1→*
4994  L=5646  [node1 ] SEND     APP_GROUP                    node1→*
4995  L=5647  [node1 ] SEND     APP_GROUP                    node1→*
4996  L=5648  [node1 ] SEND     APP_GROUP                    node1→*
4997  L=5649  [node1 ] SEND     APP_GROUP                    node1→*
4998  L=5650  [node1 ] SEND     APP_GROUP                    node1→*
4999  L=5651  [node1 ] SEND     APP_GROUP                    node1→*
5000  L=5652  [node1 ] SEND     APP_GROUP                    node1→*
5001  L=5653  [node1 ] SEND     APP_GROUP                    node1→*
5002  L=5654  [node1 ] SEND     APP_GROUP                    node1→*
5003  L=5655  [node1 ] SEND     APP_GROUP                    node1→*
5004  L=5657  [node1 ] SEND     APP_CREATE_GROUP             node1→*
5005  L=5659  [node1 ] SEND     APP_CREATE_GROUP             node1→*
5006  L=5660  [node1 ] SEND     APP_GROUP                    node1→*
5007  L=5661  [node1 ] SEND     APP_GROUP                    node1→*
5008  L=5662  [node1 ] SEND     APP_GROUP                    node1→*
5009  L=5663  [node1 ] SEND     APP_GROUP                    node1→*
5010  L=5664  [node1 ] SEND     APP_GROUP                    node1→*
5011  L=5665  [node1 ] SEND     APP_GROUP                    node1→*
5012  L=5666  [node1 ] SEND     APP_GROUP                    node1→*
5013  L=5667  [node1 ] SEND     APP_GROUP                    node1→*
5014  L=5669  [node1 ] SEND     APP_GROUP                    node1→*
5015  L=5670  [node1 ] SEND     APP_GROUP                    node1→*
5016  L=5671  [node1 ] SEND     APP_GROUP                    node1→*
5017  L=5672  [node1 ] SEND     APP_GROUP                    node1→*
5018  L=5673  [node1 ] SEND     APP_GROUP                    node1→*
5019  L=5674  [node1 ] SEND     APP_GROUP                    node1→*
5020  L=5675  [node1 ] SEND     APP_GROUP                    node1→*
5021  L=5676  [node1 ] SEND     APP_CREATE_GROUP             node1→*
5022  L=5677  [node1 ] SEND     APP_GROUP                    node1→*
5023  L=5678  [node1 ] SEND     APP_GROUP                    node1→*
5024  L=5679  [node1 ] SEND     APP_GROUP                    node1→*
5025  L=5680  [node1 ] SEND     APP_GROUP                    node1→*
5026  L=5681  [node1 ] SEND     APP_GROUP                    node1→*
5027  L=5682  [node1 ] SEND     APP_GROUP                    node1→*
5028  L=5683  [node1 ] SEND     APP_GROUP                    node1→*
5029  L=5684  [node1 ] SEND     APP_GROUP                    node1→*
5030  L=5685  [node1 ] SEND     APP_GROUP                    node1→*
5031  L=5686  [node1 ] SEND     APP_GROUP                    node1→*
5032  L=5687  [node1 ] SEND     APP_GROUP                    node1→*
5033  L=5688  [node1 ] SEND     APP_GROUP                    node1→*
5034  L=5689  [node1 ] SEND     APP_GROUP                    node1→*
5035  L=5690  [node1 ] SEND     APP_GROUP                    node1→*
5036  L=5691  [node1 ] SEND     APP_GROUP                    node1→*
5037  L=5692  [node1 ] SEND     APP_GROUP                    node1→*
5038  L=5693  [node1 ] SEND     APP_GROUP                    node1→*
5039  L=5694  [node1 ] SEND     APP_GROUP                    node1→*
5040  L=5695  [node1 ] SEND     APP_GROUP                    node1→*
5041  L=5696  [node1 ] SEND     APP_GROUP                    node1→*
5042  L=5697  [node1 ] SEND     APP_GROUP                    node1→*
5043  L=5698  [node1 ] SEND     APP_GROUP                    node1→*
5044  L=5699  [node1 ] SEND     APP_GROUP                    node1→*
5045  L=5701  [node1 ] SEND     APP_GROUP                    node1→*
5046  L=5702  [node1 ] SEND     APP_GROUP                    node1→*
5047  L=5703  [node1 ] SEND     APP_GROUP                    node1→*
5048  L=5704  [node1 ] SEND     APP_GROUP                    node1→*
5049  L=5705  [node1 ] SEND     APP_GROUP                    node1→*
5050  L=5706  [node1 ] SEND     APP_GROUP                    node1→*
5051  L=5707  [node1 ] SEND     APP_GROUP                    node1→*
5052  L=5708  [node1 ] SEND     APP_CREATE_GROUP             node1→*
5055  L=5710  [node1 ] SEND     APP_GROUP                    node1→*
5053  L=5711  [node1 ] SEND     APP_GROUP                    node1→*
5054  L=5712  [node1 ] SEND     APP_GROUP                    node1→*
5056  L=5713  [node1 ] SEND     APP_GROUP                    node1→*
5057  L=5714  [node1 ] SEND     APP_GROUP                    node1→*
5058  L=5715  [node1 ] SEND     APP_CREATE_GROUP             node1→*
5059  L=5717  [node1 ] SEND     APP_CREATE_GROUP             node1→*
5060  L=5718  [node1 ] SEND     APP_GROUP                    node1→*
5061  L=5719  [node1 ] SEND     APP_GROUP                    node1→*
5062  L=5720  [node1 ] SEND     APP_GROUP                    node1→*
5063  L=5721  [node1 ] SEND     APP_GROUP                    node1→*
5064  L=5722  [node1 ] SEND     APP_GROUP                    node1→*
5065  L=5723  [node1 ] SEND     APP_GROUP                    node1→*
5066  L=5725  [node1 ] SEND     APP_CREATE_GROUP             node1→*
5067  L=5726  [node1 ] SEND     APP_GROUP                    node1→*
5068  L=5728  [node1 ] SEND     APP_CREATE_GROUP             node1→*
5069  L=5730  [node1 ] SEND     APP_GROUP                    node1→*
5070  L=5731  [node1 ] SEND     APP_GROUP                    node1→*
5071  L=5732  [node1 ] SEND     APP_GROUP                    node1→*
5072  L=5733  [node1 ] SEND     APP_CREATE_GROUP             node1→*
5073  L=5734  [node1 ] SEND     APP_GROUP                    node1→*
5074  L=5736  [node1 ] SEND     APP_CREATE_GROUP             node1→*
5075  L=5738  [node1 ] SEND     APP_GROUP                    node1→*
5076  L=5739  [node1 ] SEND     APP_GROUP                    node1→*
5077  L=5740  [node1 ] SEND     APP_CREATE_GROUP             node1→*
5078  L=5742  [node1 ] SEND     APP_GROUP                    node1→*
5079  L=5743  [node1 ] SEND     APP_GROUP                    node1→*
5080  L=5744  [node1 ] SEND     APP_GROUP                    node1→*
5081  L=5745  [node1 ] SEND     APP_CREATE_GROUP             node1→*
5082  L=5747  [node1 ] SEND     APP_GROUP                    node1→*
5083  L=5748  [node1 ] SEND     APP_GROUP                    node1→*
5084  L=5749  [node1 ] SEND     APP_GROUP                    node1→*
5085  L=5750  [node1 ] SEND     APP_GROUP                    node1→*
5086  L=5751  [node1 ] SEND     APP_CREATE_GROUP             node1→*
5087  L=5753  [node1 ] SEND     APP_CREATE_GROUP             node1→*
5088  L=5755  [node1 ] SEND     APP_GROUP                    node1→*
5089  L=5756  [node1 ] SEND     APP_GROUP                    node1→*
5090  L=5757  [node1 ] SEND     APP_GROUP                    node1→*
5091  L=5758  [node1 ] SEND     APP_GROUP                    node1→*
5092  L=5759  [node1 ] SEND     APP_CREATE_GROUP             node1→*
5093  L=5760  [node1 ] SEND     APP_GROUP                    node1→*
5094  L=5762  [node1 ] SEND     APP_CREATE_GROUP             node1→*
5095  L=5764  [node1 ] SEND     APP_CREATE_GROUP             node1→*
5096  L=5765  [node1 ] SEND     APP_GROUP                    node1→*
5097  L=5767  [node1 ] SEND     APP_CREATE_GROUP             node1→*
5098  L=5768  [node1 ] SEND     APP_GROUP                    node1→*
5099  L=5769  [node1 ] SEND     APP_GROUP                    node1→*
5100  L=5770  [node1 ] SEND     APP_GROUP                    node1→*
5101  L=5772  [node1 ] SEND     APP_CREATE_GROUP             node1→*
5102  L=5773  [node1 ] SEND     APP_GROUP                    node1→*
5103  L=5775  [node1 ] SEND     APP_CREATE_GROUP             node1→*
5104  L=5776  [node1 ] SEND     APP_GROUP                    node1→*
5105  L=5777  [node1 ] SEND     APP_GROUP                    node1→*
5106  L=5778  [node1 ] SEND     APP_GROUP                    node1→*
5107  L=5779  [node1 ] SEND     APP_GROUP                    node1→*
5108  L=5780  [node1 ] SEND     APP_GROUP                    node1→*
5109  L=5781  [node1 ] SEND     APP_GROUP                    node1→*
5110  L=5782  [node1 ] SEND     APP_GROUP                    node1→*
5111  L=5783  [node1 ] SEND     APP_GROUP                    node1→*
5112  L=5784  [node1 ] SEND     APP_GROUP                    node1→*
5113  L=5785  [node1 ] SEND     APP_GROUP                    node1→*
5114  L=5786  [node1 ] SEND     APP_GROUP                    node1→*
5115  L=5787  [node1 ] SEND     APP_GROUP                    node1→*
5116  L=5788  [node1 ] SEND     APP_GROUP                    node1→*
5117  L=5789  [node1 ] SEND     APP_GROUP                    node1→*
5118  L=5790  [node1 ] SEND     APP_GROUP                    node1→*
5119  L=5791  [node1 ] SEND     APP_GROUP                    node1→*
5120  L=5792  [node1 ] SEND     APP_GROUP                    node1→*
5121  L=5793  [node1 ] SEND     APP_GROUP                    node1→*
5122  L=5794  [node1 ] SEND     APP_GROUP                    node1→*
5123  L=5795  [node1 ] SEND     APP_GROUP                    node1→*
5124  L=5796  [node1 ] SEND     APP_GROUP                    node1→*
5125  L=5797  [node1 ] SEND     APP_GROUP                    node1→*
5126  L=5798  [node1 ] SEND     APP_GROUP                    node1→*
5127  L=5799  [node1 ] SEND     APP_GROUP                    node1→*
5128  L=5800  [node1 ] SEND     APP_GROUP                    node1→*
5129  L=5801  [node1 ] SEND     APP_GROUP                    node1→*
5130  L=5802  [node1 ] SEND     APP_GROUP                    node1→*
5131  L=5803  [node1 ] SEND     APP_GROUP                    node1→*
5132  L=5804  [node1 ] SEND     APP_GROUP                    node1→*
5133  L=5805  [node1 ] SEND     APP_GROUP                    node1→*
5134  L=5806  [node1 ] SEND     APP_GROUP                    node1→*
5135  L=5807  [node1 ] SEND     APP_GROUP                    node1→*
5136  L=5808  [node1 ] SEND     APP_GROUP                    node1→*
5137  L=5809  [node1 ] SEND     APP_GROUP                    node1→*
5138  L=5810  [node1 ] SEND     APP_GROUP                    node1→*
5139  L=5811  [node1 ] SEND     APP_GROUP                    node1→*
5140  L=5812  [node1 ] SEND     APP_GROUP                    node1→*
5141  L=5813  [node1 ] SEND     APP_GROUP                    node1→*
5142  L=5814  [node1 ] SEND     APP_GROUP                    node1→*
5143  L=5815  [node1 ] SEND     APP_GROUP                    node1→*
5144  L=5816  [node1 ] SEND     APP_GROUP                    node1→*
5145  L=5818  [node1 ] SEND     APP_GROUP                    node1→*
5146  L=5819  [node1 ] SEND     APP_GROUP                    node1→*
5147  L=5820  [node1 ] SEND     APP_GROUP                    node1→*
5148  L=5821  [node1 ] SEND     APP_GROUP                    node1→*
5149  L=5822  [node1 ] SEND     APP_CREATE_GROUP             node1→*
5150  L=5823  [node1 ] SEND     APP_GROUP                    node1→*
5151  L=5824  [node1 ] SEND     APP_GROUP                    node1→*
5152  L=5825  [node1 ] SEND     APP_GROUP                    node1→*
5153  L=5826  [node1 ] SEND     APP_GROUP                    node1→*
5154  L=5827  [node1 ] SEND     APP_GROUP                    node1→*
5155  L=5828  [node1 ] SEND     APP_GROUP                    node1→*
5156  L=5829  [node1 ] SEND     APP_GROUP                    node1→*
5157  L=5830  [node1 ] SEND     APP_GROUP                    node1→*
5158  L=5831  [node1 ] SEND     APP_GROUP                    node1→*
5159  L=5832  [node1 ] SEND     APP_GROUP                    node1→*
5160  L=5833  [node1 ] SEND     APP_GROUP                    node1→*
5161  L=5835  [node1 ] SEND     APP_CREATE_GROUP             node1→*
5162  L=5836  [node1 ] SEND     APP_GROUP                    node1→*
5163  L=5837  [node1 ] SEND     APP_GROUP                    node1→*
5164  L=5838  [node1 ] SEND     APP_GROUP                    node1→*
5165  L=5839  [node1 ] SEND     APP_GROUP                    node1→*
5166  L=5841  [node1 ] SEND     APP_CREATE_GROUP             node1→*
5167  L=5842  [node1 ] SEND     APP_GROUP                    node1→*
5168  L=5843  [node1 ] SEND     APP_GROUP                    node1→*
5169  L=5844  [node1 ] SEND     APP_GROUP                    node1→*
5170  L=5845  [node1 ] SEND     APP_GROUP                    node1→*
5171  L=5846  [node1 ] SEND     APP_GROUP                    node1→*
5172  L=5847  [node1 ] SEND     APP_GROUP                    node1→*
5173  L=5848  [node1 ] SEND     APP_GROUP                    node1→*
5174  L=5849  [node1 ] SEND     APP_GROUP                    node1→*
5175  L=5850  [node1 ] SEND     APP_GROUP                    node1→*
5176  L=5851  [node1 ] SEND     APP_GROUP                    node1→*
5177  L=5852  [node1 ] SEND     APP_GROUP                    node1→*
5178  L=5853  [node1 ] SEND     APP_GROUP                    node1→*
5179  L=5854  [node1 ] SEND     APP_GROUP                    node1→*
5180  L=5855  [node1 ] SEND     APP_GROUP                    node1→*
5181  L=5856  [node1 ] SEND     APP_GROUP                    node1→*
5182  L=5857  [node1 ] SEND     APP_GROUP                    node1→*
5183  L=5858  [node1 ] SEND     APP_GROUP                    node1→*
5184  L=5859  [node1 ] SEND     APP_GROUP                    node1→*
5185  L=5860  [node1 ] SEND     APP_GROUP                    node1→*
5186  L=5861  [node1 ] SEND     APP_GROUP                    node1→*
5187  L=5863  [node1 ] SEND     APP_GROUP                    node1→*
5188  L=5864  [node1 ] SEND     APP_GROUP                    node1→*
5189  L=5865  [node1 ] SEND     APP_GROUP                    node1→*
5190  L=5866  [node1 ] SEND     APP_CREATE_GROUP             node1→*
5191  L=5867  [node1 ] SEND     APP_GROUP                    node1→*
5193  L=5868  [node1 ] SEND     APP_GROUP                    node1→*
5192  L=5869  [node1 ] SEND     APP_GROUP                    node1→*
5194  L=5870  [node1 ] SEND     APP_GROUP                    node1→*
5195  L=5871  [node1 ] SEND     APP_GROUP                    node1→*
5196  L=5872  [node1 ] SEND     APP_GROUP                    node1→*
5197  L=5873  [node1 ] SEND     APP_GROUP                    node1→*
5198  L=5874  [node1 ] SEND     APP_GROUP                    node1→*
5199  L=5875  [node1 ] SEND     APP_GROUP                    node1→*
5200  L=5876  [node1 ] SEND     APP_GROUP                    node1→*
5201  L=5877  [node1 ] SEND     APP_GROUP                    node1→*
5202  L=5878  [node1 ] SEND     APP_GROUP                    node1→*
5203  L=5879  [node1 ] SEND     APP_GROUP                    node1→*
5204  L=5880  [node1 ] SEND     APP_GROUP                    node1→*
5205  L=5882  [node1 ] SEND     APP_CREATE_GROUP             node1→*
5206  L=5883  [node1 ] SEND     APP_GROUP                    node1→*
5207  L=5884  [node1 ] SEND     APP_GROUP                    node1→*
5208  L=5885  [node1 ] SEND     APP_GROUP                    node1→*
5209  L=5886  [node1 ] SEND     APP_GROUP                    node1→*
5210  L=5887  [node1 ] SEND     APP_GROUP                    node1→*
5211  L=5888  [node1 ] SEND     APP_GROUP                    node1→*
5212  L=5889  [node1 ] SEND     APP_GROUP                    node1→*
5213  L=5891  [node1 ] SEND     APP_GROUP                    node1→*
5214  L=5892  [node1 ] SEND     APP_GROUP                    node1→*
5215  L=5893  [node1 ] SEND     APP_GROUP                    node1→*
5216  L=5894  [node1 ] SEND     APP_GROUP                    node1→*
5217  L=5895  [node1 ] SEND     APP_CREATE_GROUP             node1→*
5218  L=5897  [node1 ] SEND     APP_CREATE_GROUP             node1→*
5219  L=5898  [node1 ] SEND     APP_GROUP                    node1→*
5220  L=5899  [node1 ] SEND     APP_GROUP                    node1→*
5221  L=5900  [node1 ] SEND     APP_GROUP                    node1→*
5222  L=5901  [node1 ] SEND     APP_GROUP                    node1→*
5223  L=5902  [node1 ] SEND     APP_GROUP                    node1→*
5224  L=5903  [node1 ] SEND     APP_GROUP                    node1→*
5225  L=5904  [node1 ] SEND     APP_GROUP                    node1→*
5226  L=5905  [node1 ] SEND     APP_GROUP                    node1→*
5227  L=5906  [node1 ] SEND     APP_GROUP                    node1→*
5228  L=5907  [node1 ] SEND     APP_GROUP                    node1→*
5229  L=5908  [node1 ] SEND     APP_GROUP                    node1→*
5230  L=5910  [node1 ] SEND     APP_GROUP                    node1→*
5231  L=5911  [node1 ] SEND     APP_GROUP                    node1→*
5232  L=5912  [node1 ] SEND     APP_GROUP                    node1→*
5233  L=5913  [node1 ] SEND     APP_GROUP                    node1→*
5234  L=5914  [node1 ] SEND     APP_CREATE_GROUP             node1→*
5235  L=5916  [node1 ] SEND     APP_GROUP                    node1→*
5236  L=5917  [node1 ] SEND     APP_GROUP                    node1→*
5237  L=5918  [node1 ] SEND     APP_GROUP                    node1→*
5238  L=5919  [node1 ] SEND     APP_GROUP                    node1→*
5239  L=5920  [node1 ] SEND     APP_GROUP                    node1→*
5240  L=5921  [node1 ] SEND     APP_CREATE_GROUP             node1→*
5241  L=5923  [node1 ] SEND     APP_GROUP                    node1→*
5242  L=5924  [node1 ] SEND     APP_GROUP                    node1→*
5243  L=5925  [node1 ] SEND     APP_GROUP                    node1→*
5244  L=5926  [node1 ] SEND     APP_GROUP                    node1→*
5245  L=5927  [node1 ] SEND     APP_CREATE_GROUP             node1→*
5246  L=5929  [node1 ] SEND     APP_GROUP                    node1→*
5247  L=5930  [node1 ] SEND     APP_GROUP                    node1→*
5248  L=5931  [node1 ] SEND     APP_GROUP                    node1→*
5249  L=5933  [node1 ] SEND     APP_CREATE_GROUP             node1→*
5250  L=5935  [node1 ] SEND     APP_CREATE_GROUP             node1→*
5251  L=5936  [node1 ] SEND     APP_GROUP                    node1→*
5252  L=5937  [node1 ] SEND     APP_GROUP                    node1→*
5253  L=5938  [node1 ] SEND     APP_GROUP                    node1→*
5254  L=5939  [node1 ] SEND     APP_CREATE_GROUP             node1→*
5255  L=5941  [node1 ] SEND     APP_GROUP                    node1→*
5256  L=5942  [node1 ] SEND     APP_GROUP                    node1→*
5257  L=5943  [node1 ] SEND     APP_CREATE_GROUP             node1→*
5258  L=5944  [node1 ] SEND     APP_GROUP                    node1→*
5259  L=5945  [node1 ] SEND     APP_GROUP                    node1→*
5260  L=5946  [node1 ] SEND     APP_GROUP                    node1→*
5261  L=5947  [node1 ] SEND     APP_GROUP                    node1→*
5262  L=5948  [node1 ] SEND     APP_GROUP                    node1→*
5263  L=5949  [node1 ] SEND     APP_GROUP                    node1→*
5264  L=5950  [node1 ] SEND     APP_GROUP                    node1→*
5265  L=5951  [node1 ] SEND     APP_GROUP                    node1→*
5266  L=5952  [node1 ] SEND     APP_GROUP                    node1→*
5267  L=5953  [node1 ] SEND     APP_GROUP                    node1→*
5268  L=5954  [node1 ] SEND     APP_GROUP                    node1→*
5270  L=5955  [node1 ] SEND     APP_GROUP                    node1→*
5269  L=5956  [node1 ] SEND     APP_GROUP                    node1→*
5271  L=5957  [node1 ] SEND     APP_GROUP                    node1→*
5272  L=5958  [node1 ] SEND     APP_GROUP                    node1→*
5273  L=5959  [node1 ] SEND     APP_GROUP                    node1→*
5274  L=5960  [node1 ] SEND     APP_GROUP                    node1→*
5275  L=5961  [node1 ] SEND     APP_GROUP                    node1→*
5276  L=5962  [node1 ] SEND     APP_GROUP                    node1→*
5277  L=5963  [node1 ] SEND     APP_GROUP                    node1→*
5278  L=5964  [node1 ] SEND     APP_GROUP                    node1→*
5279  L=5965  [node1 ] SEND     APP_GROUP                    node1→*
5280  L=5966  [node1 ] SEND     APP_GROUP                    node1→*
5281  L=5967  [node1 ] SEND     APP_GROUP                    node1→*
5282  L=5968  [node1 ] SEND     APP_GROUP                    node1→*
5283  L=5969  [node1 ] SEND     APP_GROUP                    node1→*
5284  L=5971  [node1 ] SEND     APP_GROUP                    node1→*
5285  L=5972  [node1 ] SEND     APP_CREATE_GROUP             node1→*
5286  L=5974  [node1 ] SEND     APP_CREATE_GROUP             node1→*
5287  L=5975  [node1 ] SEND     APP_GROUP                    node1→*
5288  L=5977  [node1 ] SEND     APP_CREATE_GROUP             node1→*
5289  L=5978  [node1 ] SEND     APP_GROUP                    node1→*
5290  L=5979  [node1 ] SEND     APP_GROUP                    node1→*
5291  L=5980  [node1 ] SEND     APP_GROUP                    node1→*
5292  L=5981  [node1 ] SEND     APP_GROUP                    node1→*
5293  L=5982  [node1 ] SEND     APP_GROUP                    node1→*
5294  L=5983  [node1 ] SEND     APP_GROUP                    node1→*
5295  L=5984  [node1 ] SEND     APP_GROUP                    node1→*
5296  L=5985  [node1 ] SEND     APP_GROUP                    node1→*
5297  L=5986  [node1 ] SEND     APP_GROUP                    node1→*
5298  L=5987  [node1 ] SEND     APP_GROUP                    node1→*
5299  L=5988  [node1 ] SEND     APP_GROUP                    node1→*
5300  L=5989  [node1 ] SEND     APP_GROUP                    node1→*
5301  L=5990  [node1 ] SEND     APP_GROUP                    node1→*
5302  L=5991  [node1 ] SEND     APP_GROUP                    node1→*
5303  L=5993  [node1 ] SEND     APP_GROUP                    node1→*
5304  L=5994  [node1 ] SEND     APP_GROUP                    node1→*
5305  L=5995  [node1 ] SEND     APP_GROUP                    node1→*
5306  L=5996  [node1 ] SEND     APP_GROUP                    node1→*
5307  L=5997  [node1 ] SEND     APP_CREATE_GROUP             node1→*
5308  L=5998  [node1 ] SEND     APP_GROUP                    node1→*
5309  L=5999  [node1 ] SEND     APP_GROUP                    node1→*
5310  L=6000  [node1 ] SEND     APP_GROUP                    node1→*
5311  L=6001  [node1 ] SEND     APP_GROUP                    node1→*
5312  L=6002  [node1 ] SEND     APP_GROUP                    node1→*
5313  L=6003  [node1 ] SEND     APP_GROUP                    node1→*
5314  L=6005  [node1 ] SEND     APP_GROUP                    node1→*
5315  L=6006  [node1 ] SEND     APP_GROUP                    node1→*
5316  L=6007  [node1 ] SEND     APP_CREATE_GROUP             node1→*
5317  L=6008  [node1 ] SEND     APP_GROUP                    node1→*
5318  L=6009  [node1 ] SEND     APP_GROUP                    node1→*
5319  L=6010  [node1 ] SEND     APP_GROUP                    node1→*
5320  L=6011  [node1 ] SEND     APP_GROUP                    node1→*
5321  L=6013  [node1 ] SEND     APP_GROUP                    node1→*
5322  L=6014  [node1 ] SEND     APP_GROUP                    node1→*
5323  L=6015  [node1 ] SEND     APP_CREATE_GROUP             node1→*
5324  L=6017  [node1 ] SEND     APP_GROUP                    node1→*
5325  L=6018  [node1 ] SEND     APP_GROUP                    node1→*
5326  L=6019  [node1 ] SEND     APP_GROUP                    node1→*
5327  L=6020  [node1 ] SEND     APP_GROUP                    node1→*
5328  L=6021  [node1 ] SEND     APP_GROUP                    node1→*
5329  L=6022  [node1 ] SEND     APP_GROUP                    node1→*
5330  L=6023  [node1 ] SEND     APP_GROUP                    node1→*
5331  L=6024  [node1 ] SEND     APP_GROUP                    node1→*
5332  L=6025  [node1 ] SEND     APP_GROUP                    node1→*
5333  L=6026  [node1 ] SEND     APP_GROUP                    node1→*
5334  L=6027  [node1 ] SEND     APP_CREATE_GROUP             node1→*
5335  L=6028  [node1 ] SEND     APP_GROUP                    node1→*
5336  L=6029  [node1 ] SEND     APP_GROUP                    node1→*
5337  L=6030  [node1 ] SEND     APP_GROUP                    node1→*
5338  L=6031  [node1 ] SEND     APP_GROUP                    node1→*
5339  L=6032  [node1 ] SEND     APP_GROUP                    node1→*
5340  L=6033  [node1 ] SEND     APP_GROUP                    node1→*
5341  L=6034  [node1 ] SEND     APP_GROUP                    node1→*
5342  L=6035  [node1 ] SEND     APP_GROUP                    node1→*
5343  L=6036  [node1 ] SEND     APP_GROUP                    node1→*
5344  L=6037  [node1 ] SEND     APP_GROUP                    node1→*
5345  L=6038  [node1 ] SEND     APP_GROUP                    node1→*
5346  L=6040  [node1 ] SEND     APP_CREATE_GROUP             node1→*
5347  L=6041  [node1 ] SEND     APP_GROUP                    node1→*
5348  L=6043  [node1 ] SEND     APP_CREATE_GROUP             node1→*
5349  L=6044  [node1 ] SEND     APP_GROUP                    node1→*
5350  L=6045  [node1 ] SEND     APP_GROUP                    node1→*
5351  L=6046  [node1 ] SEND     APP_GROUP                    node1→*
5352  L=6047  [node1 ] SEND     APP_GROUP                    node1→*
5353  L=6048  [node1 ] SEND     APP_GROUP                    node1→*
5354  L=6049  [node1 ] SEND     APP_GROUP                    node1→*
5355  L=6051  [node1 ] SEND     APP_GROUP                    node1→*
5356  L=6052  [node1 ] SEND     APP_GROUP                    node1→*
5357  L=6053  [node1 ] SEND     APP_GROUP                    node1→*
5358  L=6054  [node1 ] SEND     APP_GROUP                    node1→*
5359  L=6055  [node1 ] SEND     APP_GROUP                    node1→*
5360  L=6056  [node1 ] SEND     APP_CREATE_GROUP             node1→*
5361  L=6057  [node1 ] SEND     APP_GROUP                    node1→*
5362  L=6058  [node1 ] SEND     APP_GROUP                    node1→*
5363  L=6059  [node1 ] SEND     APP_GROUP                    node1→*
5364  L=6060  [node1 ] SEND     APP_GROUP                    node1→*
5365  L=6061  [node1 ] SEND     APP_GROUP                    node1→*
5366  L=6062  [node1 ] SEND     APP_GROUP                    node1→*
5367  L=6063  [node1 ] SEND     APP_GROUP                    node1→*
5368  L=6064  [node1 ] SEND     APP_GROUP                    node1→*
5369  L=6065  [node1 ] SEND     APP_GROUP                    node1→*
5370  L=6066  [node1 ] SEND     APP_GROUP                    node1→*
5371  L=6067  [node1 ] SEND     APP_GROUP                    node1→*
5372  L=6068  [node1 ] SEND     APP_GROUP                    node1→*
5373  L=6069  [node1 ] SEND     APP_GROUP                    node1→*
5374  L=6070  [node1 ] SEND     APP_GROUP                    node1→*
5375  L=6071  [node1 ] SEND     APP_GROUP                    node1→*
5376  L=6072  [node1 ] SEND     APP_GROUP                    node1→*
5377  L=6073  [node1 ] SEND     APP_GROUP                    node1→*
5378  L=6074  [node1 ] SEND     APP_GROUP                    node1→*
5379  L=6075  [node1 ] SEND     APP_GROUP                    node1→*
5380  L=6076  [node1 ] SEND     APP_GROUP                    node1→*
5381  L=6077  [node1 ] SEND     APP_GROUP                    node1→*
5382  L=6078  [node1 ] SEND     APP_GROUP                    node1→*
5383  L=6079  [node1 ] SEND     APP_GROUP                    node1→*
5384  L=6080  [node1 ] SEND     APP_GROUP                    node1→*
5385  L=6081  [node1 ] SEND     APP_GROUP                    node1→*
5387  L=6082  [node1 ] SEND     APP_GROUP                    node1→*
5386  L=6083  [node1 ] SEND     APP_GROUP                    node1→*
5388  L=6084  [node1 ] SEND     APP_GROUP                    node1→*
5389  L=6085  [node1 ] SEND     APP_GROUP                    node1→*
5390  L=6086  [node1 ] SEND     APP_GROUP                    node1→*
5391  L=6087  [node1 ] SEND     APP_GROUP                    node1→*
5392  L=6088  [node1 ] SEND     APP_GROUP                    node1→*
5395  L=6089  [node1 ] SEND     APP_GROUP                    node1→*
5393  L=6090  [node1 ] SEND     APP_GROUP                    node1→*
5394  L=6092  [node1 ] SEND     APP_CREATE_GROUP             node1→*
5396  L=6093  [node1 ] SEND     APP_GROUP                    node1→*
5397  L=6095  [node1 ] SEND     APP_CREATE_GROUP             node1→*
5398  L=6096  [node1 ] SEND     APP_GROUP                    node1→*
5399  L=6097  [node1 ] SEND     APP_GROUP                    node1→*
5400  L=6098  [node1 ] SEND     APP_GROUP                    node1→*
5401  L=6099  [node1 ] SEND     APP_GROUP                    node1→*
5402  L=6100  [node1 ] SEND     APP_GROUP                    node1→*
5403  L=6101  [node1 ] SEND     APP_GROUP                    node1→*
5404  L=6102  [node1 ] SEND     APP_GROUP                    node1→*
5405  L=6103  [node1 ] SEND     APP_GROUP                    node1→*
5406  L=6104  [node1 ] SEND     APP_GROUP                    node1→*
5407  L=6105  [node1 ] SEND     APP_GROUP                    node1→*
5408  L=6106  [node1 ] SEND     APP_GROUP                    node1→*
5409  L=6107  [node1 ] SEND     APP_GROUP                    node1→*
5410  L=6108  [node1 ] SEND     APP_GROUP                    node1→*
5411  L=6109  [node1 ] SEND     APP_GROUP                    node1→*
5412  L=6110  [node1 ] SEND     APP_GROUP                    node1→*
5413  L=6111  [node1 ] SEND     APP_GROUP                    node1→*
5414  L=6112  [node1 ] SEND     APP_GROUP                    node1→*
5415  L=6113  [node1 ] SEND     APP_GROUP                    node1→*
5416  L=6114  [node1 ] SEND     APP_GROUP                    node1→*
5417  L=6115  [node1 ] SEND     APP_GROUP                    node1→*
5418  L=6116  [node1 ] SEND     APP_GROUP                    node1→*
5419  L=6117  [node1 ] SEND     APP_GROUP                    node1→*
5420  L=6118  [node1 ] SEND     APP_GROUP                    node1→*
5421  L=6119  [node1 ] SEND     APP_GROUP                    node1→*
5422  L=6120  [node1 ] SEND     APP_GROUP                    node1→*
5423  L=6121  [node1 ] SEND     APP_GROUP                    node1→*
5424  L=6122  [node1 ] SEND     APP_GROUP                    node1→*
5425  L=6123  [node1 ] SEND     APP_GROUP                    node1→*
5426  L=6124  [node1 ] SEND     APP_GROUP                    node1→*
5427  L=6125  [node1 ] SEND     APP_GROUP                    node1→*
5428  L=6126  [node1 ] SEND     APP_GROUP                    node1→*
5429  L=6128  [node1 ] SEND     APP_GROUP                    node1→*
5430  L=6129  [node1 ] SEND     APP_GROUP                    node1→*
5431  L=6130  [node1 ] SEND     APP_GROUP                    node1→*
5432  L=6131  [node1 ] SEND     APP_GROUP                    node1→*
5433  L=6132  [node1 ] SEND     APP_GROUP                    node1→*
5434  L=6133  [node1 ] SEND     APP_CREATE_GROUP             node1→*
5435  L=6134  [node1 ] SEND     APP_GROUP                    node1→*
5436  L=6136  [node1 ] SEND     APP_CREATE_GROUP             node1→*
5437  L=6137  [node1 ] SEND     APP_GROUP                    node1→*
5438  L=6138  [node1 ] SEND     APP_GROUP                    node1→*
5439  L=6139  [node1 ] SEND     APP_GROUP                    node1→*
5440  L=6140  [node1 ] SEND     APP_GROUP                    node1→*
5441  L=6141  [node1 ] SEND     APP_GROUP                    node1→*
5442  L=6142  [node1 ] SEND     APP_GROUP                    node1→*
5443  L=6143  [node1 ] SEND     APP_GROUP                    node1→*
5444  L=6144  [node1 ] SEND     APP_GROUP                    node1→*
5445  L=6145  [node1 ] SEND     APP_GROUP                    node1→*
5446  L=6147  [node1 ] SEND     APP_GROUP                    node1→*
5447  L=6148  [node1 ] SEND     APP_GROUP                    node1→*
5448  L=6149  [node1 ] SEND     APP_GROUP                    node1→*
5449  L=6150  [node1 ] SEND     APP_GROUP                    node1→*
5450  L=6151  [node1 ] SEND     APP_GROUP                    node1→*
5451  L=6152  [node1 ] SEND     APP_CREATE_GROUP             node1→*
5452  L=6154  [node1 ] SEND     APP_CREATE_GROUP             node1→*
5453  L=6155  [node1 ] SEND     APP_GROUP                    node1→*
5454  L=6157  [node1 ] SEND     APP_CREATE_GROUP             node1→*
5455  L=6158  [node1 ] SEND     APP_GROUP                    node1→*
5456  L=6159  [node1 ] SEND     APP_GROUP                    node1→*
5457  L=6160  [node1 ] SEND     APP_GROUP                    node1→*
5458  L=6161  [node1 ] SEND     APP_GROUP                    node1→*
5459  L=6162  [node1 ] SEND     APP_GROUP                    node1→*
5460  L=6163  [node1 ] SEND     APP_GROUP                    node1→*
5461  L=6164  [node1 ] SEND     APP_GROUP                    node1→*
5462  L=6165  [node1 ] SEND     APP_GROUP                    node1→*
5463  L=6166  [node1 ] SEND     APP_GROUP                    node1→*
5464  L=6167  [node1 ] SEND     APP_GROUP                    node1→*
5465  L=6168  [node1 ] SEND     APP_GROUP                    node1→*
5466  L=6169  [node1 ] SEND     APP_GROUP                    node1→*
5467  L=6170  [node1 ] SEND     APP_GROUP                    node1→*
5468  L=6171  [node1 ] SEND     APP_GROUP                    node1→*
5469  L=6172  [node1 ] SEND     APP_GROUP                    node1→*
5470  L=6173  [node1 ] SEND     APP_GROUP                    node1→*
5471  L=6174  [node1 ] SEND     APP_GROUP                    node1→*
5472  L=6175  [node1 ] SEND     APP_GROUP                    node1→*
5473  L=6176  [node1 ] SEND     APP_GROUP                    node1→*
5474  L=6177  [node1 ] SEND     APP_GROUP                    node1→*
5475  L=6178  [node1 ] SEND     APP_GROUP                    node1→*
5476  L=6179  [node1 ] SEND     APP_GROUP                    node1→*
5477  L=6180  [node1 ] SEND     APP_GROUP                    node1→*
5478  L=6181  [node1 ] SEND     APP_GROUP                    node1→*
5479  L=6182  [node1 ] SEND     APP_GROUP                    node1→*
5480  L=6183  [node1 ] SEND     APP_GROUP                    node1→*
5481  L=6184  [node1 ] SEND     APP_GROUP                    node1→*
5482  L=6185  [node1 ] SEND     APP_GROUP                    node1→*
5483  L=6186  [node1 ] SEND     APP_GROUP                    node1→*
5484  L=6188  [node1 ] SEND     APP_GROUP                    node1→*
5485  L=6189  [node1 ] SEND     APP_GROUP                    node1→*
5486  L=6190  [node1 ] SEND     APP_GROUP                    node1→*
5487  L=6191  [node1 ] SEND     APP_GROUP                    node1→*
5488  L=6192  [node1 ] SEND     APP_GROUP                    node1→*
5489  L=6193  [node1 ] SEND     APP_GROUP                    node1→*
5490  L=6194  [node1 ] SEND     APP_CREATE_GROUP             node1→*
5491  L=6196  [node1 ] SEND     APP_GROUP                    node1→*
5492  L=6197  [node1 ] SEND     APP_GROUP                    node1→*
5493  L=6198  [node1 ] SEND     APP_GROUP                    node1→*
5494  L=6199  [node1 ] SEND     APP_GROUP                    node1→*
5495  L=6200  [node1 ] SEND     APP_GROUP                    node1→*
5496  L=6201  [node1 ] SEND     APP_GROUP                    node1→*
5497  L=6202  [node1 ] SEND     APP_GROUP                    node1→*
5498  L=6203  [node1 ] SEND     APP_GROUP                    node1→*
5500  L=6204  [node1 ] SEND     APP_CREATE_GROUP             node1→*
5499  L=6205  [node1 ] SEND     APP_GROUP                    node1→*
5501  L=6206  [node1 ] SEND     APP_GROUP                    node1→*
5502  L=6208  [node1 ] SEND     APP_GROUP                    node1→*
5503  L=6209  [node1 ] SEND     APP_GROUP                    node1→*
5504  L=6210  [node1 ] SEND     APP_GROUP                    node1→*
5505  L=6211  [node1 ] SEND     APP_GROUP                    node1→*
5506  L=6212  [node1 ] SEND     APP_GROUP                    node1→*
5507  L=6213  [node1 ] SEND     APP_GROUP                    node1→*
5508  L=6214  [node1 ] SEND     APP_GROUP                    node1→*
5509  L=6215  [node1 ] SEND     APP_GROUP                    node1→*
5510  L=6216  [node1 ] SEND     APP_GROUP                    node1→*
5511  L=6217  [node1 ] SEND     APP_GROUP                    node1→*
5512  L=6218  [node1 ] SEND     APP_CREATE_GROUP             node1→*
5513  L=6219  [node1 ] SEND     APP_GROUP                    node1→*
5514  L=6220  [node1 ] SEND     APP_GROUP                    node1→*
5515  L=6221  [node1 ] SEND     APP_GROUP                    node1→*
5516  L=6222  [node1 ] SEND     APP_GROUP                    node1→*
5517  L=6223  [node1 ] SEND     APP_GROUP                    node1→*
5518  L=6224  [node1 ] SEND     APP_GROUP                    node1→*
5519  L=6225  [node1 ] SEND     APP_GROUP                    node1→*
5520  L=6227  [node1 ] SEND     APP_CREATE_GROUP             node1→*
5521  L=6228  [node1 ] SEND     APP_GROUP                    node1→*
5522  L=6229  [node1 ] SEND     APP_GROUP                    node1→*
5523  L=6230  [node1 ] SEND     APP_GROUP                    node1→*
5524  L=6232  [node1 ] SEND     APP_GROUP                    node1→*
5525  L=6233  [node1 ] SEND     APP_GROUP                    node1→*
5526  L=6234  [node1 ] SEND     APP_GROUP                    node1→*
5527  L=6235  [node1 ] SEND     APP_GROUP                    node1→*
5528  L=6236  [node1 ] SEND     APP_GROUP                    node1→*
5529  L=6237  [node1 ] SEND     APP_GROUP                    node1→*
5530  L=6238  [node1 ] SEND     APP_GROUP                    node1→*
5531  L=6239  [node1 ] SEND     APP_CREATE_GROUP             node1→*
5532  L=6240  [node1 ] SEND     APP_GROUP                    node1→*
5533  L=6241  [node1 ] SEND     APP_GROUP                    node1→*
5534  L=6242  [node1 ] SEND     APP_GROUP                    node1→*
5535  L=6243  [node1 ] SEND     APP_GROUP                    node1→*
5536  L=6244  [node1 ] SEND     APP_GROUP                    node1→*
5537  L=6245  [node1 ] SEND     APP_GROUP                    node1→*
5538  L=6246  [node1 ] SEND     APP_GROUP                    node1→*
5539  L=6247  [node1 ] SEND     APP_GROUP                    node1→*
5540  L=6248  [node1 ] SEND     APP_GROUP                    node1→*
5541  L=6249  [node1 ] SEND     APP_GROUP                    node1→*
5542  L=6250  [node1 ] SEND     APP_GROUP                    node1→*
5543  L=6251  [node1 ] SEND     APP_GROUP                    node1→*
5544  L=6252  [node1 ] SEND     APP_GROUP                    node1→*
5545  L=6253  [node1 ] SEND     APP_GROUP                    node1→*
5546  L=6254  [node1 ] SEND     APP_GROUP                    node1→*
5547  L=6255  [node1 ] SEND     APP_GROUP                    node1→*
5548  L=6256  [node1 ] SEND     APP_GROUP                    node1→*
5549  L=6257  [node1 ] SEND     APP_GROUP                    node1→*
5550  L=6258  [node1 ] SEND     APP_GROUP                    node1→*
5551  L=6259  [node1 ] SEND     APP_GROUP                    node1→*
5552  L=6260  [node1 ] SEND     APP_GROUP                    node1→*
5553  L=6261  [node1 ] SEND     APP_GROUP                    node1→*
5554  L=6262  [node1 ] SEND     APP_GROUP                    node1→*
5555  L=6263  [node1 ] SEND     APP_GROUP                    node1→*
5556  L=6264  [node1 ] SEND     APP_GROUP                    node1→*
5557  L=6265  [node1 ] SEND     APP_GROUP                    node1→*
5558  L=6266  [node1 ] SEND     APP_GROUP                    node1→*
5559  L=6268  [node1 ] SEND     APP_CREATE_GROUP             node1→*
5560  L=6269  [node1 ] SEND     APP_GROUP                    node1→*
5561  L=6270  [node1 ] SEND     APP_GROUP                    node1→*
5562  L=6271  [node1 ] SEND     APP_GROUP                    node1→*
5563  L=6272  [node1 ] SEND     APP_GROUP                    node1→*
5564  L=6273  [node1 ] SEND     APP_GROUP                    node1→*
5565  L=6274  [node1 ] SEND     APP_GROUP                    node1→*
5566  L=6275  [node1 ] SEND     APP_GROUP                    node1→*
5567  L=6276  [node1 ] SEND     APP_GROUP                    node1→*
5568  L=6277  [node1 ] SEND     APP_GROUP                    node1→*
5569  L=6278  [node1 ] SEND     APP_GROUP                    node1→*
5570  L=6279  [node1 ] SEND     APP_GROUP                    node1→*
5571  L=6280  [node1 ] SEND     APP_GROUP                    node1→*
5572  L=6281  [node1 ] SEND     APP_GROUP                    node1→*
5573  L=6282  [node1 ] SEND     APP_GROUP                    node1→*
5574  L=6283  [node1 ] SEND     APP_GROUP                    node1→*
5575  L=6284  [node1 ] SEND     APP_GROUP                    node1→*
5576  L=6285  [node1 ] SEND     APP_GROUP                    node1→*
5577  L=6287  [node1 ] SEND     APP_CREATE_GROUP             node1→*
5578  L=6289  [node1 ] SEND     APP_GROUP                    node1→*
5579  L=6290  [node1 ] SEND     APP_GROUP                    node1→*
5580  L=6291  [node1 ] SEND     APP_GROUP                    node1→*
5581  L=6292  [node1 ] SEND     APP_GROUP                    node1→*
5582  L=6293  [node1 ] SEND     APP_GROUP                    node1→*
5583  L=6294  [node1 ] SEND     APP_GROUP                    node1→*
5584  L=6295  [node1 ] SEND     APP_CREATE_GROUP             node1→*
5585  L=6296  [node1 ] SEND     APP_GROUP                    node1→*
5586  L=6297  [node1 ] SEND     APP_GROUP                    node1→*
5587  L=6298  [node1 ] SEND     APP_GROUP                    node1→*
5588  L=6299  [node1 ] SEND     APP_GROUP                    node1→*
5589  L=6300  [node1 ] SEND     APP_GROUP                    node1→*
5590  L=6301  [node1 ] SEND     APP_GROUP                    node1→*
5591  L=6302  [node1 ] SEND     APP_GROUP                    node1→*
5592  L=6303  [node1 ] SEND     APP_GROUP                    node1→*
5593  L=6304  [node1 ] SEND     APP_GROUP                    node1→*
5594  L=6305  [node1 ] SEND     APP_GROUP                    node1→*
5595  L=6306  [node1 ] LOCAL    LOGIN                        run1782075270499_load011@node1
5596  L=6307  [node1 ] SEND     APP_GROUP                    node1→*
5597  L=6308  [node1 ] SEND     APP_GROUP                    node1→*
5598  L=6309  [node1 ] SEND     APP_GROUP                    node1→*
5599  L=6310  [node1 ] SEND     APP_GROUP                    node1→*
5600  L=6311  [node1 ] SEND     APP_GROUP                    node1→*
5601  L=6312  [node1 ] SEND     APP_GROUP                    node1→*
5602  L=6313  [node1 ] SEND     APP_GROUP                    node1→*
5603  L=6314  [node1 ] SEND     APP_GROUP                    node1→*
5604  L=6315  [node1 ] SEND     APP_GROUP                    node1→*
5605  L=6316  [node1 ] SEND     APP_GROUP                    node1→*
5606  L=6317  [node1 ] LOCAL    LOGIN                        run1782075270499_load017@node1
5607  L=6318  [node1 ] LOCAL    LOGIN                        run1782075270499_load029@node1
5608  L=6319  [node1 ] LOCAL    LOGIN                        run1782075270499_load005@node1
5609  L=6320  [node1 ] SEND     APP_GROUP                    node1→*
5610  L=6321  [node1 ] SEND     APP_GROUP                    node1→*
5611  L=6322  [node1 ] LOCAL    LOGIN                        run1782075270499_load008@node1
5612  L=6323  [node1 ] LOCAL    LOGIN                        run1782075270499_load026@node1
5613  L=6324  [node1 ] SEND     APP_GROUP                    node1→*
5614  L=6325  [node1 ] SEND     APP_GROUP                    node1→*
5615  L=6326  [node1 ] LOCAL    LOGIN                        run1782075270499_load002@node1
5616  L=6327  [node1 ] LOCAL    LOGIN                        run1782075270499_load035@node1
5617  L=6328  [node1 ] LOCAL    LOGIN                        run1782075270499_load032@node1
5618  L=6329  [node1 ] SEND     APP_GROUP                    node1→*
5619  L=6330  [node1 ] SEND     APP_GROUP                    node1→*
5620  L=6331  [node1 ] SEND     APP_GROUP                    node1→*
5621  L=6332  [node1 ] SEND     APP_GROUP                    node1→*
5622  L=6333  [node1 ] SEND     APP_GROUP                    node1→*
5623  L=6334  [node1 ] SEND     APP_GROUP                    node1→*
5624  L=6335  [node1 ] SEND     APP_GROUP                    node1→*
5625  L=6336  [node1 ] SEND     APP_GROUP                    node1→*
5626  L=6337  [node1 ] LOCAL    LOGIN                        run1782075270499_load023@node1
5627  L=6338  [node1 ] LOCAL    LOGIN                        run1782075270499_load044@node1
5628  L=6339  [node1 ] LOCAL    LOGIN                        run1782075270499_load047@node1
5629  L=6340  [node1 ] SEND     APP_GROUP                    node1→*
5630  L=6341  [node1 ] SEND     APP_GROUP                    node1→*
5631  L=6343  [node1 ] SEND     APP_GROUP                    node1→*
5632  L=6344  [node1 ] SEND     APP_GROUP                    node1→*
5633  L=6345  [node1 ] LOCAL    LOGIN                        run1782075270499_load041@node1
5634  L=6346  [node1 ] LOCAL    LOGIN                        run1782075270499_load014@node1
5635  L=6347  [node1 ] LOCAL    LOGIN                        run1782075270499_load020@node1
5636  L=6348  [node1 ] SEND     APP_GROUP                    node1→*
5637  L=6350  [node1 ] SEND     APP_GROUP                    node1→*
5638  L=6351  [node1 ] SEND     APP_CREATE_GROUP             node1→*
5639  L=6352  [node1 ] SEND     APP_CREATE_GROUP             node1→*
5640  L=6353  [node1 ] SEND     APP_GROUP                    node1→*
5641  L=6354  [node1 ] SEND     APP_GROUP                    node1→*
5642  L=6355  [node1 ] SEND     APP_GROUP                    node1→*
5643  L=6356  [node1 ] SEND     APP_GROUP                    node1→*
5644  L=6357  [node1 ] SEND     APP_GROUP                    node1→*
5645  L=6359  [node1 ] LOCAL    LOGIN                        run1782075270499_load038@node1
5646  L=6360  [node1 ] SEND     APP_GROUP                    node1→*
5647  L=6361  [node1 ] SEND     APP_GROUP                    node1→*
5648  L=6362  [node1 ] SEND     APP_GROUP                    node1→*
5649  L=6363  [node1 ] SEND     APP_GROUP                    node1→*
5650  L=6364  [node1 ] SEND     APP_CREATE_GROUP             node1→*
5651  L=6366  [node1 ] SEND     APP_GROUP                    node1→*
5652  L=6367  [node1 ] SEND     APP_GROUP                    node1→*
5653  L=6368  [node1 ] SEND     APP_GROUP                    node1→*
5654  L=6369  [node1 ] SEND     APP_GROUP                    node1→*
5655  L=6370  [node1 ] SEND     APP_CREATE_GROUP             node1→*
5656  L=6372  [node1 ] SEND     APP_GROUP                    node1→*
5657  L=6373  [node1 ] SEND     APP_GROUP                    node1→*
5658  L=6374  [node1 ] SEND     APP_GROUP                    node1→*
5659  L=6375  [node1 ] SEND     APP_GROUP                    node1→*
5660  L=6376  [node1 ] SEND     APP_GROUP                    node1→*
5661  L=6377  [node1 ] SEND     APP_GROUP                    node1→*
5662  L=6378  [node1 ] SEND     APP_GROUP                    node1→*
5663  L=6379  [node1 ] SEND     APP_CREATE_GROUP             node1→*
5664  L=6381  [node1 ] SEND     APP_GROUP                    node1→*
5665  L=6382  [node1 ] SEND     APP_GROUP                    node1→*
5666  L=6383  [node1 ] SEND     APP_GROUP                    node1→*
5667  L=6384  [node1 ] SEND     APP_CREATE_GROUP             node1→*
5668  L=6385  [node1 ] SEND     APP_GROUP                    node1→*
5669  L=6387  [node1 ] SEND     APP_CREATE_GROUP             node1→*
5670  L=6388  [node1 ] SEND     APP_GROUP                    node1→*
5671  L=6389  [node1 ] SEND     APP_GROUP                    node1→*
5672  L=6390  [node1 ] SEND     APP_GROUP                    node1→*
5673  L=6392  [node1 ] SEND     APP_CREATE_GROUP             node1→*
5674  L=6393  [node1 ] SEND     APP_GROUP                    node1→*
5675  L=6394  [node1 ] SEND     APP_GROUP                    node1→*
5676  L=6395  [node1 ] SEND     APP_GROUP                    node1→*
5677  L=6396  [node1 ] SEND     APP_GROUP                    node1→*
5678  L=6397  [node1 ] SEND     APP_GROUP                    node1→*
5679  L=6398  [node1 ] SEND     APP_GROUP                    node1→*
5680  L=6399  [node1 ] SEND     APP_GROUP                    node1→*
5681  L=6400  [node1 ] SEND     APP_GROUP                    node1→*
5682  L=6401  [node1 ] SEND     APP_GROUP                    node1→*
5683  L=6402  [node1 ] SEND     APP_GROUP                    node1→*
5684  L=6404  [node1 ] SEND     APP_GROUP                    node1→*
5685  L=6405  [node1 ] SEND     APP_GROUP                    node1→*
5686  L=6406  [node1 ] SEND     APP_CREATE_GROUP             node1→*
5687  L=6408  [node1 ] SEND     APP_GROUP                    node1→*
5688  L=6409  [node1 ] SEND     APP_GROUP                    node1→*
5689  L=6410  [node1 ] SEND     APP_GROUP                    node1→*
5690  L=6411  [node1 ] SEND     APP_GROUP                    node1→*
5691  L=6412  [node1 ] SEND     APP_GROUP                    node1→*
5692  L=6413  [node1 ] SEND     APP_CREATE_GROUP             node1→*
5693  L=6414  [node1 ] SEND     APP_GROUP                    node1→*
5694  L=6415  [node1 ] SEND     APP_GROUP                    node1→*
5695  L=6416  [node1 ] SEND     APP_GROUP                    node1→*
5696  L=6417  [node1 ] SEND     APP_GROUP                    node1→*
5697  L=6418  [node1 ] SEND     APP_GROUP                    node1→*
5698  L=6419  [node1 ] SEND     APP_GROUP                    node1→*
5699  L=6420  [node1 ] SEND     APP_GROUP                    node1→*
5700  L=6421  [node1 ] SEND     APP_GROUP                    node1→*
5701  L=6422  [node1 ] SEND     APP_GROUP                    node1→*
5702  L=6423  [node1 ] SEND     APP_GROUP                    node1→*
5703  L=6424  [node1 ] SEND     APP_GROUP                    node1→*
5704  L=6425  [node1 ] SEND     APP_GROUP                    node1→*
5705  L=6426  [node1 ] SEND     APP_GROUP                    node1→*
5706  L=6427  [node1 ] SEND     APP_GROUP                    node1→*
5707  L=6428  [node1 ] SEND     APP_GROUP                    node1→*
5708  L=6429  [node1 ] SEND     APP_GROUP                    node1→*
5709  L=6431  [node1 ] SEND     APP_GROUP                    node1→*
5710  L=6432  [node1 ] SEND     APP_GROUP                    node1→*
5711  L=6433  [node1 ] SEND     APP_GROUP                    node1→*
5712  L=6434  [node1 ] SEND     APP_CREATE_GROUP             node1→*
5713  L=6436  [node1 ] SEND     APP_GROUP                    node1→*
5714  L=6437  [node1 ] SEND     APP_GROUP                    node1→*
5715  L=6438  [node1 ] SEND     APP_GROUP                    node1→*
5716  L=6439  [node1 ] SEND     APP_GROUP                    node1→*
5719  L=6440  [node1 ] SEND     APP_GROUP                    node1→*
5717  L=6441  [node1 ] SEND     APP_GROUP                    node1→*
5718  L=6442  [node1 ] SEND     APP_GROUP                    node1→*
5720  L=6443  [node1 ] SEND     APP_GROUP                    node1→*
5721  L=6444  [node1 ] SEND     APP_GROUP                    node1→*
5722  L=6445  [node1 ] SEND     APP_GROUP                    node1→*
5723  L=6446  [node1 ] SEND     APP_GROUP                    node1→*
5724  L=6447  [node1 ] SEND     APP_GROUP                    node1→*
5725  L=6448  [node1 ] SEND     APP_GROUP                    node1→*
5726  L=6449  [node1 ] SEND     APP_CREATE_GROUP             node1→*
5727  L=6451  [node1 ] SEND     APP_GROUP                    node1→*
5728  L=6452  [node1 ] SEND     APP_GROUP                    node1→*
5729  L=6453  [node1 ] SEND     APP_GROUP                    node1→*
5730  L=6454  [node1 ] SEND     APP_GROUP                    node1→*
5731  L=6455  [node1 ] SEND     APP_GROUP                    node1→*
5732  L=6456  [node1 ] SEND     APP_GROUP                    node1→*
5733  L=6457  [node1 ] SEND     APP_CREATE_GROUP             node1→*
5734  L=6459  [node1 ] SEND     APP_CREATE_GROUP             node1→*
5735  L=6461  [node1 ] SEND     APP_CREATE_GROUP             node1→*
5736  L=6462  [node1 ] SEND     APP_GROUP                    node1→*
5737  L=6463  [node1 ] SEND     APP_GROUP                    node1→*
5738  L=6464  [node1 ] SEND     APP_GROUP                    node1→*
5739  L=6466  [node1 ] SEND     APP_GROUP                    node1→*
5740  L=6467  [node1 ] SEND     APP_GROUP                    node1→*
5741  L=6468  [node1 ] SEND     APP_GROUP                    node1→*
5742  L=6469  [node1 ] SEND     APP_GROUP                    node1→*
5743  L=6470  [node1 ] SEND     APP_GROUP                    node1→*
5744  L=6471  [node1 ] SEND     APP_GROUP                    node1→*
5745  L=6472  [node1 ] SEND     APP_GROUP                    node1→*
5746  L=6473  [node1 ] SEND     APP_GROUP                    node1→*
5747  L=6474  [node1 ] SEND     APP_CREATE_GROUP             node1→*
5748  L=6475  [node1 ] SEND     APP_GROUP                    node1→*
5749  L=6476  [node1 ] SEND     APP_GROUP                    node1→*
5750  L=6478  [node1 ] SEND     APP_CREATE_GROUP             node1→*
5751  L=6480  [node1 ] SEND     APP_GROUP                    node1→*
5752  L=6481  [node1 ] SEND     APP_GROUP                    node1→*
5753  L=6482  [node1 ] SEND     APP_GROUP                    node1→*
5754  L=6483  [node1 ] SEND     APP_GROUP                    node1→*
5755  L=6484  [node1 ] SEND     APP_CREATE_GROUP             node1→*
5756  L=6486  [node1 ] SEND     APP_CREATE_GROUP             node1→*
5757  L=6488  [node1 ] SEND     APP_GROUP                    node1→*
5758  L=6489  [node1 ] SEND     APP_GROUP                    node1→*
5759  L=6490  [node1 ] SEND     APP_GROUP                    node1→*
5760  L=6491  [node1 ] SEND     APP_GROUP                    node1→*
5761  L=6492  [node1 ] SEND     APP_GROUP                    node1→*
5762  L=6493  [node1 ] SEND     APP_GROUP                    node1→*
5763  L=6494  [node1 ] SEND     APP_GROUP                    node1→*
5764  L=6495  [node1 ] SEND     APP_GROUP                    node1→*
5765  L=6496  [node1 ] SEND     APP_GROUP                    node1→*
5766  L=6497  [node1 ] SEND     APP_GROUP                    node1→*
5767  L=6498  [node1 ] SEND     APP_CREATE_GROUP             node1→*
5768  L=6499  [node1 ] SEND     APP_GROUP                    node1→*
5769  L=6501  [node1 ] SEND     APP_GROUP                    node1→*
5770  L=6502  [node1 ] SEND     APP_CREATE_GROUP             node1→*
5771  L=6503  [node1 ] SEND     APP_GROUP                    node1→*
5772  L=6504  [node1 ] SEND     APP_GROUP                    node1→*
5773  L=6505  [node1 ] SEND     APP_GROUP                    node1→*
5774  L=6506  [node1 ] SEND     APP_GROUP                    node1→*
5775  L=6507  [node1 ] SEND     APP_GROUP                    node1→*
5776  L=6508  [node1 ] SEND     APP_GROUP                    node1→*
5777  L=6509  [node1 ] SEND     APP_GROUP                    node1→*
5778  L=6510  [node1 ] SEND     APP_GROUP                    node1→*
5779  L=6511  [node1 ] SEND     APP_GROUP                    node1→*
5780  L=6513  [node1 ] SEND     APP_GROUP                    node1→*
5781  L=6515  [node1 ] SEND     APP_GROUP                    node1→*
5782  L=6516  [node1 ] SEND     APP_GROUP                    node1→*
5783  L=6517  [node1 ] SEND     APP_GROUP                    node1→*
5784  L=6518  [node1 ] SEND     APP_GROUP                    node1→*
5785  L=6519  [node1 ] SEND     APP_GROUP                    node1→*
5786  L=6520  [node1 ] SEND     APP_GROUP                    node1→*
5787  L=6521  [node1 ] SEND     APP_CREATE_GROUP             node1→*
5789  L=6523  [node1 ] SEND     APP_GROUP                    node1→*
5788  L=6524  [node1 ] SEND     APP_GROUP                    node1→*
5790  L=6525  [node1 ] SEND     APP_GROUP                    node1→*
5791  L=6526  [node1 ] SEND     APP_GROUP                    node1→*
5792  L=6527  [node1 ] SEND     APP_CREATE_GROUP             node1→*
5793  L=6529  [node1 ] SEND     APP_GROUP                    node1→*
5794  L=6530  [node1 ] SEND     APP_GROUP                    node1→*
5795  L=6531  [node1 ] SEND     APP_GROUP                    node1→*
5796  L=6532  [node1 ] SEND     APP_GROUP                    node1→*
5797  L=6533  [node1 ] SEND     APP_CREATE_GROUP             node1→*
5798  L=6535  [node1 ] SEND     APP_GROUP                    node1→*
5799  L=6536  [node1 ] SEND     APP_CREATE_GROUP             node1→*
5800  L=6538  [node1 ] SEND     APP_CREATE_GROUP             node1→*
5801  L=6540  [node1 ] SEND     APP_GROUP                    node1→*
5802  L=6541  [node1 ] SEND     APP_GROUP                    node1→*
5803  L=6542  [node1 ] SEND     APP_GROUP                    node1→*
5804  L=6543  [node1 ] SEND     APP_GROUP                    node1→*
5805  L=6544  [node1 ] SEND     APP_GROUP                    node1→*
5806  L=6545  [node1 ] SEND     APP_GROUP                    node1→*
5807  L=6546  [node1 ] SEND     APP_GROUP                    node1→*
5808  L=6547  [node1 ] SEND     APP_GROUP                    node1→*
5809  L=6548  [node1 ] SEND     APP_CREATE_GROUP             node1→*
5810  L=6550  [node1 ] SEND     APP_CREATE_GROUP             node1→*
5811  L=6552  [node1 ] SEND     APP_CREATE_GROUP             node1→*
5812  L=6553  [node1 ] SEND     APP_GROUP                    node1→*
5813  L=6554  [node1 ] SEND     APP_GROUP                    node1→*
5814  L=6556  [node1 ] SEND     APP_CREATE_GROUP             node1→*
5815  L=6557  [node1 ] SEND     APP_GROUP                    node1→*
5816  L=6558  [node1 ] SEND     APP_GROUP                    node1→*
5817  L=6559  [node1 ] SEND     APP_GROUP                    node1→*
5818  L=6560  [node1 ] SEND     APP_GROUP                    node1→*
5819  L=6561  [node1 ] SEND     APP_CREATE_GROUP             node1→*
5820  L=6563  [node1 ] SEND     APP_GROUP                    node1→*
5821  L=6564  [node1 ] SEND     APP_GROUP                    node1→*
5822  L=6565  [node1 ] SEND     APP_GROUP                    node1→*
5823  L=6567  [node1 ] SEND     APP_CREATE_GROUP             node1→*
5824  L=6568  [node1 ] SEND     APP_CREATE_GROUP             node1→*
5825  L=6570  [node1 ] SEND     APP_GROUP                    node1→*
5826  L=6571  [node1 ] SEND     APP_GROUP                    node1→*
5827  L=6572  [node1 ] SEND     APP_GROUP                    node1→*
5828  L=6573  [node1 ] SEND     APP_GROUP                    node1→*
5829  L=6574  [node1 ] SEND     APP_CREATE_GROUP             node1→*
5830  L=6575  [node1 ] SEND     APP_GROUP                    node1→*
5831  L=6577  [node1 ] SEND     APP_GROUP                    node1→*
5832  L=6578  [node1 ] SEND     APP_GROUP                    node1→*
5833  L=6579  [node1 ] SEND     APP_GROUP                    node1→*
5834  L=6580  [node1 ] SEND     APP_CREATE_GROUP             node1→*
5835  L=6582  [node1 ] SEND     APP_CREATE_GROUP             node1→*
5836  L=6583  [node1 ] SEND     APP_GROUP                    node1→*
5837  L=6585  [node1 ] SEND     APP_GROUP                    node1→*
5838  L=6586  [node1 ] SEND     APP_CREATE_GROUP             node1→*
5839  L=6588  [node1 ] SEND     APP_GROUP                    node1→*
5840  L=6589  [node1 ] SEND     APP_GROUP                    node1→*
5841  L=6590  [node1 ] SEND     APP_GROUP                    node1→*
5842  L=6591  [node1 ] SEND     APP_CREATE_GROUP             node1→*
5843  L=6593  [node1 ] SEND     APP_GROUP                    node1→*
5844  L=6594  [node1 ] SEND     APP_GROUP                    node1→*
5845  L=6596  [node1 ] SEND     APP_CREATE_GROUP             node1→*
5846  L=6598  [node1 ] SEND     APP_GROUP                    node1→*
5847  L=6599  [node1 ] SEND     APP_GROUP                    node1→*
5848  L=6600  [node1 ] SEND     APP_GROUP                    node1→*
5849  L=6601  [node1 ] SEND     APP_GROUP                    node1→*
5850  L=6602  [node1 ] SEND     APP_GROUP                    node1→*
5851  L=6603  [node1 ] SEND     APP_GROUP                    node1→*
5852  L=6604  [node1 ] SEND     APP_GROUP                    node1→*
5853  L=6605  [node1 ] SEND     APP_GROUP                    node1→*
5854  L=6606  [node1 ] SEND     APP_GROUP                    node1→*
5855  L=6607  [node1 ] SEND     APP_GROUP                    node1→*
5856  L=6608  [node1 ] SEND     APP_GROUP                    node1→*
5857  L=6609  [node1 ] SEND     APP_GROUP                    node1→*
5860  L=6610  [node1 ] SEND     APP_CREATE_GROUP             node1→*
5858  L=6612  [node1 ] SEND     APP_CREATE_GROUP             node1→*
5859  L=6613  [node1 ] SEND     APP_CREATE_GROUP             node1→*
5861  L=6615  [node1 ] SEND     APP_GROUP                    node1→*
5862  L=6616  [node1 ] SEND     APP_GROUP                    node1→*
5863  L=6617  [node1 ] SEND     APP_GROUP                    node1→*
5864  L=6618  [node1 ] SEND     APP_CREATE_GROUP             node1→*
5865  L=6620  [node1 ] SEND     APP_CREATE_GROUP             node1→*
5866  L=6621  [node1 ] SEND     APP_GROUP                    node1→*
5868  L=6623  [node1 ] SEND     APP_GROUP                    node1→*
5867  L=6624  [node1 ] SEND     APP_GROUP                    node1→*
5869  L=6625  [node1 ] SEND     APP_GROUP                    node1→*
5870  L=6626  [node1 ] SEND     APP_GROUP                    node1→*
5871  L=6627  [node1 ] SEND     APP_GROUP                    node1→*
5872  L=6628  [node1 ] SEND     APP_GROUP                    node1→*
5873  L=6629  [node1 ] SEND     APP_GROUP                    node1→*
5874  L=6630  [node1 ] SEND     APP_CREATE_GROUP             node1→*
5875  L=6632  [node1 ] SEND     APP_CREATE_GROUP             node1→*
5876  L=6634  [node1 ] SEND     APP_CREATE_GROUP             node1→*
5877  L=6636  [node1 ] SEND     APP_GROUP                    node1→*
5878  L=6637  [node1 ] SEND     APP_GROUP                    node1→*
5879  L=6638  [node1 ] SEND     APP_GROUP                    node1→*
5880  L=6639  [node1 ] SEND     APP_GROUP                    node1→*
5881  L=6640  [node1 ] SEND     APP_GROUP                    node1→*
5882  L=6641  [node1 ] SEND     APP_GROUP                    node1→*
5883  L=6642  [node1 ] SEND     APP_CREATE_GROUP             node1→*
5884  L=6643  [node1 ] SEND     APP_GROUP                    node1→*
5885  L=6645  [node1 ] SEND     APP_GROUP                    node1→*
5886  L=6646  [node1 ] SEND     APP_GROUP                    node1→*
5887  L=6647  [node1 ] SEND     APP_GROUP                    node1→*
5888  L=6648  [node1 ] SEND     APP_GROUP                    node1→*
5889  L=6649  [node1 ] SEND     APP_GROUP                    node1→*
5890  L=6650  [node1 ] SEND     APP_GROUP                    node1→*
5891  L=6651  [node1 ] SEND     APP_GROUP                    node1→*
5892  L=6652  [node1 ] SEND     APP_CREATE_GROUP             node1→*
5893  L=6654  [node1 ] SEND     APP_CREATE_GROUP             node1→*
5894  L=6656  [node1 ] SEND     APP_GROUP                    node1→*
5895  L=6657  [node1 ] SEND     APP_GROUP                    node1→*
5896  L=6658  [node1 ] SEND     APP_GROUP                    node1→*
5897  L=6659  [node1 ] SEND     APP_GROUP                    node1→*
5898  L=6660  [node1 ] SEND     APP_GROUP                    node1→*
5899  L=6661  [node1 ] SEND     APP_GROUP                    node1→*
5900  L=6662  [node1 ] SEND     APP_CREATE_GROUP             node1→*
5901  L=6664  [node1 ] SEND     APP_GROUP                    node1→*
5902  L=6665  [node1 ] SEND     APP_GROUP                    node1→*
5903  L=6666  [node1 ] SEND     APP_GROUP                    node1→*
5904  L=6667  [node1 ] SEND     APP_CREATE_GROUP             node1→*
5905  L=6668  [node1 ] SEND     APP_GROUP                    node1→*
5906  L=6669  [node1 ] SEND     APP_GROUP                    node1→*
5907  L=6670  [node1 ] SEND     APP_GROUP                    node1→*
5908  L=6671  [node1 ] SEND     APP_GROUP                    node1→*
5909  L=6672  [node1 ] SEND     APP_GROUP                    node1→*
5910  L=6674  [node1 ] SEND     APP_CREATE_GROUP             node1→*
5911  L=6675  [node1 ] SEND     APP_GROUP                    node1→*
5912  L=6677  [node1 ] SEND     APP_CREATE_GROUP             node1→*
5913  L=6678  [node1 ] SEND     APP_GROUP                    node1→*
5914  L=6679  [node1 ] SEND     APP_GROUP                    node1→*
5915  L=6680  [node1 ] SEND     APP_GROUP                    node1→*
5916  L=6681  [node1 ] SEND     APP_GROUP                    node1→*
5917  L=6682  [node1 ] SEND     APP_GROUP                    node1→*
5918  L=6683  [node1 ] SEND     APP_GROUP                    node1→*
5919  L=6684  [node1 ] SEND     APP_GROUP                    node1→*
5920  L=6685  [node1 ] SEND     APP_GROUP                    node1→*
5921  L=6686  [node1 ] SEND     APP_GROUP                    node1→*
5922  L=6687  [node1 ] SEND     APP_GROUP                    node1→*
5923  L=6688  [node1 ] SEND     APP_GROUP                    node1→*
5924  L=6689  [node1 ] SEND     APP_GROUP                    node1→*
5925  L=6690  [node1 ] SEND     APP_GROUP                    node1→*
5926  L=6691  [node1 ] SEND     APP_GROUP                    node1→*
5927  L=6692  [node1 ] SEND     APP_GROUP                    node1→*
5928  L=6693  [node1 ] SEND     APP_GROUP                    node1→*
5929  L=6694  [node1 ] SEND     APP_GROUP                    node1→*
5930  L=6695  [node1 ] SEND     APP_GROUP                    node1→*
5931  L=6697  [node1 ] SEND     APP_GROUP                    node1→*
5932  L=6698  [node1 ] SEND     APP_GROUP                    node1→*
5933  L=6699  [node1 ] SEND     APP_GROUP                    node1→*
5934  L=6700  [node1 ] SEND     APP_CREATE_GROUP             node1→*
5935  L=6702  [node1 ] SEND     APP_CREATE_GROUP             node1→*
5936  L=6703  [node1 ] SEND     APP_GROUP                    node1→*
5937  L=6705  [node1 ] SEND     APP_GROUP                    node1→*
5938  L=6706  [node1 ] SEND     APP_GROUP                    node1→*
5939  L=6707  [node1 ] SEND     APP_GROUP                    node1→*
5940  L=6708  [node1 ] SEND     APP_GROUP                    node1→*
5941  L=6709  [node1 ] SEND     APP_GROUP                    node1→*
5942  L=6710  [node1 ] SEND     APP_GROUP                    node1→*
5943  L=6711  [node1 ] SEND     APP_GROUP                    node1→*
5944  L=6712  [node1 ] SEND     APP_CREATE_GROUP             node1→*
5945  L=6714  [node1 ] SEND     APP_CREATE_GROUP             node1→*
5946  L=6715  [node1 ] SEND     APP_GROUP                    node1→*
5947  L=6717  [node1 ] SEND     APP_CREATE_GROUP             node1→*
5948  L=6718  [node1 ] SEND     APP_GROUP                    node1→*
5949  L=6720  [node1 ] SEND     APP_GROUP                    node1→*
5950  L=6721  [node1 ] SEND     APP_GROUP                    node1→*
5951  L=6722  [node1 ] SEND     APP_GROUP                    node1→*
5952  L=6723  [node1 ] SEND     APP_GROUP                    node1→*
5953  L=6724  [node1 ] SEND     APP_GROUP                    node1→*
5954  L=6725  [node1 ] SEND     APP_GROUP                    node1→*
5955  L=6726  [node1 ] SEND     APP_GROUP                    node1→*
5956  L=6727  [node1 ] SEND     APP_GROUP                    node1→*
5957  L=6728  [node1 ] SEND     APP_GROUP                    node1→*
5958  L=6729  [node1 ] SEND     APP_GROUP                    node1→*
5959  L=6730  [node1 ] SEND     APP_CREATE_GROUP             node1→*
5960  L=6732  [node1 ] SEND     APP_GROUP                    node1→*
5961  L=6733  [node1 ] SEND     APP_GROUP                    node1→*
5962  L=6734  [node1 ] SEND     APP_GROUP                    node1→*
5963  L=6735  [node1 ] SEND     APP_GROUP                    node1→*
5964  L=6736  [node1 ] SEND     APP_CREATE_GROUP             node1→*
5965  L=6738  [node1 ] SEND     APP_CREATE_GROUP             node1→*
5966  L=6739  [node1 ] SEND     APP_GROUP                    node1→*
5967  L=6741  [node1 ] SEND     APP_CREATE_GROUP             node1→*
5968  L=6742  [node1 ] SEND     APP_GROUP                    node1→*
5969  L=6743  [node1 ] SEND     APP_GROUP                    node1→*
5970  L=6744  [node1 ] SEND     APP_GROUP                    node1→*
5971  L=6745  [node1 ] SEND     APP_GROUP                    node1→*
5972  L=6746  [node1 ] SEND     APP_GROUP                    node1→*
5973  L=6748  [node1 ] SEND     APP_GROUP                    node1→*
5974  L=6749  [node1 ] SEND     APP_GROUP                    node1→*
5975  L=6750  [node1 ] SEND     APP_GROUP                    node1→*
5976  L=6751  [node1 ] SEND     APP_GROUP                    node1→*
5977  L=6752  [node1 ] SEND     APP_GROUP                    node1→*
5978  L=6753  [node1 ] SEND     APP_CREATE_GROUP             node1→*
5979  L=6754  [node1 ] SEND     APP_GROUP                    node1→*
5980  L=6755  [node1 ] SEND     APP_GROUP                    node1→*
5981  L=6756  [node1 ] SEND     APP_GROUP                    node1→*
5982  L=6757  [node1 ] SEND     APP_GROUP                    node1→*
5983  L=6758  [node1 ] SEND     APP_GROUP                    node1→*
5984  L=6759  [node1 ] SEND     APP_GROUP                    node1→*
5985  L=6760  [node1 ] SEND     APP_GROUP                    node1→*
5986  L=6762  [node1 ] SEND     APP_CREATE_GROUP             node1→*
5987  L=6763  [node1 ] SEND     APP_GROUP                    node1→*
5988  L=6764  [node1 ] SEND     APP_GROUP                    node1→*
5989  L=6765  [node1 ] SEND     APP_GROUP                    node1→*
5990  L=6767  [node1 ] SEND     APP_GROUP                    node1→*
5991  L=6768  [node1 ] SEND     APP_GROUP                    node1→*
5992  L=6769  [node1 ] SEND     APP_GROUP                    node1→*
5993  L=6770  [node1 ] SEND     APP_GROUP                    node1→*
5994  L=6771  [node1 ] SEND     APP_GROUP                    node1→*
5995  L=6772  [node1 ] SEND     APP_GROUP                    node1→*
5996  L=6773  [node1 ] SEND     APP_GROUP                    node1→*
5997  L=6774  [node1 ] SEND     APP_GROUP                    node1→*
5998  L=6776  [node1 ] SEND     APP_CREATE_GROUP             node1→*
5999  L=6777  [node1 ] SEND     APP_GROUP                    node1→*
6000  L=6778  [node1 ] SEND     APP_GROUP                    node1→*
6001  L=6779  [node1 ] SEND     APP_GROUP                    node1→*
6002  L=6780  [node1 ] SEND     APP_GROUP                    node1→*
6003  L=6781  [node1 ] SEND     APP_GROUP                    node1→*
6004  L=6782  [node1 ] SEND     APP_CREATE_GROUP             node1→*
6005  L=6784  [node1 ] SEND     APP_GROUP                    node1→*
6006  L=6785  [node1 ] SEND     APP_GROUP                    node1→*
6007  L=6786  [node1 ] SEND     APP_GROUP                    node1→*
6008  L=6787  [node1 ] SEND     APP_GROUP                    node1→*
6009  L=6789  [node1 ] SEND     APP_CREATE_GROUP             node1→*
6010  L=6791  [node1 ] SEND     APP_GROUP                    node1→*
6011  L=6792  [node1 ] SEND     APP_GROUP                    node1→*
6012  L=6793  [node1 ] SEND     APP_GROUP                    node1→*
6013  L=6794  [node1 ] SEND     APP_GROUP                    node1→*
6014  L=6795  [node1 ] SEND     APP_GROUP                    node1→*
6015  L=6796  [node1 ] SEND     APP_GROUP                    node1→*
6016  L=6797  [node1 ] SEND     APP_GROUP                    node1→*
6017  L=6799  [node1 ] SEND     APP_GROUP                    node1→*
6018  L=6800  [node1 ] SEND     APP_GROUP                    node1→*
6019  L=6801  [node1 ] SEND     APP_GROUP                    node1→*
6020  L=6802  [node1 ] SEND     APP_GROUP                    node1→*
6021  L=6803  [node1 ] SEND     APP_CREATE_GROUP             node1→*
6022  L=6804  [node1 ] SEND     APP_CREATE_GROUP             node1→*
6023  L=6806  [node1 ] SEND     APP_GROUP                    node1→*
6024  L=6807  [node1 ] SEND     APP_GROUP                    node1→*
6025  L=6808  [node1 ] SEND     APP_GROUP                    node1→*
6026  L=6809  [node1 ] SEND     APP_GROUP                    node1→*
6027  L=6810  [node1 ] SEND     APP_GROUP                    node1→*
6028  L=6811  [node1 ] SEND     APP_CREATE_GROUP             node1→*
6029  L=6813  [node1 ] SEND     APP_GROUP                    node1→*
6030  L=6814  [node1 ] SEND     APP_GROUP                    node1→*
6031  L=6815  [node1 ] SEND     APP_GROUP                    node1→*
6032  L=6816  [node1 ] SEND     APP_GROUP                    node1→*
6033  L=6817  [node1 ] SEND     APP_GROUP                    node1→*
6034  L=6818  [node1 ] SEND     APP_GROUP                    node1→*
6035  L=6819  [node1 ] SEND     APP_CREATE_GROUP             node1→*
6036  L=6821  [node1 ] SEND     APP_GROUP                    node1→*
6037  L=6822  [node1 ] SEND     APP_GROUP                    node1→*
6038  L=6823  [node1 ] SEND     APP_GROUP                    node1→*
6039  L=6824  [node1 ] SEND     APP_GROUP                    node1→*
6040  L=6825  [node1 ] SEND     APP_CREATE_GROUP             node1→*
6041  L=6827  [node1 ] SEND     APP_GROUP                    node1→*
6042  L=6828  [node1 ] SEND     APP_GROUP                    node1→*
6043  L=6829  [node1 ] SEND     APP_CREATE_GROUP             node1→*
6044  L=6831  [node1 ] SEND     APP_GROUP                    node1→*
6045  L=6832  [node1 ] SEND     APP_GROUP                    node1→*
6046  L=6833  [node1 ] SEND     APP_GROUP                    node1→*
6047  L=6834  [node1 ] SEND     APP_GROUP                    node1→*
6048  L=6835  [node1 ] SEND     APP_GROUP                    node1→*
6049  L=6836  [node1 ] SEND     APP_GROUP                    node1→*
6050  L=6837  [node1 ] SEND     APP_GROUP                    node1→*
6051  L=6838  [node1 ] SEND     APP_CREATE_GROUP             node1→*
6052  L=6839  [node1 ] SEND     APP_GROUP                    node1→*
6053  L=6840  [node1 ] SEND     APP_GROUP                    node1→*
6054  L=6841  [node1 ] SEND     APP_GROUP                    node1→*
6055  L=6842  [node1 ] SEND     APP_GROUP                    node1→*
6056  L=6843  [node1 ] SEND     APP_CREATE_GROUP             node1→*
6057  L=6845  [node1 ] SEND     APP_GROUP                    node1→*
6058  L=6846  [node1 ] SEND     APP_GROUP                    node1→*
6059  L=6847  [node1 ] SEND     APP_GROUP                    node1→*
6060  L=6848  [node1 ] SEND     APP_GROUP                    node1→*
6061  L=6849  [node1 ] SEND     APP_GROUP                    node1→*
6062  L=6850  [node1 ] SEND     APP_GROUP                    node1→*
6063  L=6852  [node1 ] SEND     APP_GROUP                    node1→*
6065  L=6853  [node1 ] SEND     APP_GROUP                    node1→*
6064  L=6854  [node1 ] SEND     APP_GROUP                    node1→*
6066  L=6855  [node1 ] SEND     APP_GROUP                    node1→*
6067  L=6856  [node1 ] SEND     APP_CREATE_GROUP             node1→*
6068  L=6858  [node1 ] SEND     APP_GROUP                    node1→*
6069  L=6859  [node1 ] SEND     APP_GROUP                    node1→*
6070  L=6860  [node1 ] SEND     APP_GROUP                    node1→*
6071  L=6861  [node1 ] SEND     APP_CREATE_GROUP             node1→*
6072  L=6863  [node1 ] SEND     APP_CREATE_GROUP             node1→*
6073  L=6865  [node1 ] SEND     APP_CREATE_GROUP             node1→*
6074  L=6867  [node1 ] SEND     APP_CREATE_GROUP             node1→*
6075  L=6870  [node1 ] SEND     APP_GROUP                    node1→*
6076  L=6871  [node1 ] SEND     APP_GROUP                    node1→*
6077  L=6872  [node1 ] SEND     APP_GROUP                    node1→*
6078  L=6873  [node1 ] SEND     APP_GROUP                    node1→*
6079  L=6874  [node1 ] SEND     APP_GROUP                    node1→*
6080  L=6875  [node1 ] SEND     APP_GROUP                    node1→*
6081  L=6876  [node1 ] SEND     APP_GROUP                    node1→*
6082  L=6877  [node1 ] SEND     APP_GROUP                    node1→*
6083  L=6878  [node1 ] SEND     APP_GROUP                    node1→*
6084  L=6879  [node1 ] SEND     APP_GROUP                    node1→*
6085  L=6880  [node1 ] SEND     APP_CREATE_GROUP             node1→*
6086  L=6881  [node1 ] SEND     APP_GROUP                    node1→*
6087  L=6882  [node1 ] SEND     APP_GROUP                    node1→*
6088  L=6883  [node1 ] SEND     APP_GROUP                    node1→*
6089  L=6884  [node1 ] SEND     APP_CREATE_GROUP             node1→*
6090  L=6886  [node1 ] SEND     APP_GROUP                    node1→*
6091  L=6887  [node1 ] SEND     APP_GROUP                    node1→*
6092  L=6888  [node1 ] SEND     APP_GROUP                    node1→*
6093  L=6889  [node1 ] SEND     APP_CREATE_GROUP             node1→*
6094  L=6891  [node1 ] SEND     APP_CREATE_GROUP             node1→*
6095  L=6893  [node1 ] SEND     APP_CREATE_GROUP             node1→*
6096  L=6895  [node1 ] SEND     APP_GROUP                    node1→*
6097  L=6896  [node1 ] SEND     APP_GROUP                    node1→*
6098  L=6897  [node1 ] SEND     APP_GROUP                    node1→*
6099  L=6898  [node1 ] SEND     APP_GROUP                    node1→*
6100  L=6899  [node1 ] SEND     APP_GROUP                    node1→*
6101  L=6900  [node1 ] SEND     APP_CREATE_GROUP             node1→*
6102  L=6902  [node1 ] SEND     APP_GROUP                    node1→*
6103  L=6903  [node1 ] SEND     APP_CREATE_GROUP             node1→*
6104  L=6904  [node1 ] SEND     APP_GROUP                    node1→*
6105  L=6906  [node1 ] SEND     APP_CREATE_GROUP             node1→*
6106  L=6908  [node1 ] SEND     APP_GROUP                    node1→*
6107  L=6909  [node1 ] SEND     APP_CREATE_GROUP             node1→*
6108  L=6911  [node1 ] SEND     APP_GROUP                    node1→*
6109  L=6912  [node1 ] SEND     APP_GROUP                    node1→*
6110  L=6913  [node1 ] SEND     APP_GROUP                    node1→*
6111  L=6914  [node1 ] SEND     APP_GROUP                    node1→*
6112  L=6915  [node1 ] SEND     APP_GROUP                    node1→*
6113  L=6916  [node1 ] SEND     APP_GROUP                    node1→*
6114  L=6917  [node1 ] SEND     APP_GROUP                    node1→*
6115  L=6918  [node1 ] SEND     APP_GROUP                    node1→*
6116  L=6919  [node1 ] SEND     APP_GROUP                    node1→*
6117  L=6920  [node1 ] SEND     APP_GROUP                    node1→*
6118  L=6921  [node1 ] SEND     APP_CREATE_GROUP             node1→*
6119  L=6923  [node1 ] SEND     APP_CREATE_GROUP             node1→*
6120  L=6926  [node1 ] SEND     APP_GROUP                    node1→*
6121  L=6927  [node1 ] SEND     APP_CREATE_GROUP             node1→*
6122  L=6928  [node1 ] SEND     APP_GROUP                    node1→*
6123  L=6929  [node1 ] SEND     APP_GROUP                    node1→*
6124  L=6930  [node1 ] SEND     APP_CREATE_GROUP             node1→*
6125  L=6931  [node1 ] SEND     APP_CREATE_GROUP             node1→*
6126  L=6932  [node1 ] SEND     APP_GROUP                    node1→*
6127  L=6933  [node1 ] SEND     APP_GROUP                    node1→*
6128  L=6934  [node1 ] SEND     APP_GROUP                    node1→*
6129  L=6936  [node1 ] SEND     APP_GROUP                    node1→*
6130  L=6937  [node1 ] SEND     APP_GROUP                    node1→*
6131  L=6938  [node1 ] SEND     APP_GROUP                    node1→*
6132  L=6939  [node1 ] SEND     APP_GROUP                    node1→*
6133  L=6940  [node1 ] SEND     APP_GROUP                    node1→*
6134  L=6941  [node1 ] SEND     APP_GROUP                    node1→*
6135  L=6942  [node1 ] SEND     APP_GROUP                    node1→*
6136  L=6943  [node1 ] SEND     APP_GROUP                    node1→*
6137  L=6944  [node1 ] SEND     APP_GROUP                    node1→*
6138  L=6945  [node1 ] SEND     APP_GROUP                    node1→*
6139  L=6946  [node1 ] SEND     APP_CREATE_GROUP             node1→*
6140  L=6948  [node1 ] SEND     APP_GROUP                    node1→*
6141  L=6949  [node1 ] SEND     APP_GROUP                    node1→*
6142  L=6950  [node1 ] SEND     APP_GROUP                    node1→*
6143  L=6951  [node1 ] SEND     APP_CREATE_GROUP             node1→*
6144  L=6952  [node1 ] SEND     APP_GROUP                    node1→*
6145  L=6953  [node1 ] SEND     APP_GROUP                    node1→*
6146  L=6955  [node1 ] SEND     APP_GROUP                    node1→*
6147  L=6956  [node1 ] SEND     APP_GROUP                    node1→*
6148  L=6957  [node1 ] SEND     APP_GROUP                    node1→*
6149  L=6958  [node1 ] SEND     APP_GROUP                    node1→*
6150  L=6959  [node1 ] SEND     APP_CREATE_GROUP             node1→*
6151  L=6961  [node1 ] SEND     APP_GROUP                    node1→*
6152  L=6962  [node1 ] SEND     APP_GROUP                    node1→*
6153  L=6963  [node1 ] SEND     APP_GROUP                    node1→*
6154  L=6964  [node1 ] SEND     APP_GROUP                    node1→*
6155  L=6965  [node1 ] SEND     APP_GROUP                    node1→*
6156  L=6966  [node1 ] SEND     APP_CREATE_GROUP             node1→*
6157  L=6968  [node1 ] SEND     APP_CREATE_GROUP             node1→*
6158  L=6970  [node1 ] SEND     APP_CREATE_GROUP             node1→*
6159  L=6972  [node1 ] SEND     APP_GROUP                    node1→*
6160  L=6973  [node1 ] SEND     APP_GROUP                    node1→*
6161  L=6974  [node1 ] SEND     APP_GROUP                    node1→*
6162  L=6975  [node1 ] SEND     APP_GROUP                    node1→*
6163  L=6976  [node1 ] SEND     APP_GROUP                    node1→*
6164  L=6977  [node1 ] SEND     APP_GROUP                    node1→*
6165  L=6978  [node1 ] SEND     APP_GROUP                    node1→*
6166  L=6979  [node1 ] SEND     APP_GROUP                    node1→*
6167  L=6980  [node1 ] SEND     APP_GROUP                    node1→*
6168  L=6981  [node1 ] SEND     APP_CREATE_GROUP             node1→*
6169  L=6983  [node1 ] SEND     APP_CREATE_GROUP             node1→*
6170  L=6984  [node1 ] SEND     APP_GROUP                    node1→*
6171  L=6985  [node1 ] SEND     APP_GROUP                    node1→*
6172  L=6987  [node1 ] SEND     APP_GROUP                    node1→*
6173  L=6988  [node1 ] SEND     APP_GROUP                    node1→*
6174  L=6989  [node1 ] SEND     APP_GROUP                    node1→*
6175  L=6990  [node1 ] SEND     APP_GROUP                    node1→*
6176  L=6991  [node1 ] SEND     APP_GROUP                    node1→*
6177  L=6992  [node1 ] SEND     APP_GROUP                    node1→*
6178  L=6993  [node1 ] SEND     APP_GROUP                    node1→*
6179  L=6994  [node1 ] SEND     APP_GROUP                    node1→*
6180  L=6995  [node1 ] SEND     APP_CREATE_GROUP             node1→*
6181  L=6998  [node1 ] SEND     APP_CREATE_GROUP             node1→*
6182  L=6999  [node1 ] SEND     APP_GROUP                    node1→*
6183  L=7000  [node1 ] SEND     APP_CREATE_GROUP             node1→*
6184  L=7001  [node1 ] SEND     APP_GROUP                    node1→*
6185  L=7003  [node1 ] SEND     APP_GROUP                    node1→*
6186  L=7004  [node1 ] SEND     APP_GROUP                    node1→*
6187  L=7005  [node1 ] SEND     APP_GROUP                    node1→*
6188  L=7006  [node1 ] SEND     APP_GROUP                    node1→*
6189  L=7007  [node1 ] SEND     APP_CREATE_GROUP             node1→*
6190  L=7009  [node1 ] SEND     APP_CREATE_GROUP             node1→*
6191  L=7010  [node1 ] SEND     APP_GROUP                    node1→*
6192  L=7011  [node1 ] SEND     APP_GROUP                    node1→*
6193  L=7012  [node1 ] SEND     APP_GROUP                    node1→*
6194  L=7013  [node1 ] SEND     APP_GROUP                    node1→*
6195  L=7014  [node1 ] SEND     APP_GROUP                    node1→*
6196  L=7015  [node1 ] SEND     APP_GROUP                    node1→*
6197  L=7016  [node1 ] SEND     APP_GROUP                    node1→*
6198  L=7017  [node1 ] SEND     APP_GROUP                    node1→*
6199  L=7018  [node1 ] SEND     APP_GROUP                    node1→*
6200  L=7020  [node1 ] SEND     APP_CREATE_GROUP             node1→*
6201  L=7021  [node1 ] SEND     APP_GROUP                    node1→*
6202  L=7022  [node1 ] SEND     APP_GROUP                    node1→*
6203  L=7023  [node1 ] SEND     APP_GROUP                    node1→*
6204  L=7024  [node1 ] SEND     APP_GROUP                    node1→*
6205  L=7025  [node1 ] SEND     APP_GROUP                    node1→*
6206  L=7027  [node1 ] SEND     APP_CREATE_GROUP             node1→*
6207  L=7028  [node1 ] SEND     APP_GROUP                    node1→*
6208  L=7029  [node1 ] SEND     APP_GROUP                    node1→*
6209  L=7030  [node1 ] SEND     APP_GROUP                    node1→*
6210  L=7031  [node1 ] SEND     APP_GROUP                    node1→*
6211  L=7032  [node1 ] SEND     APP_GROUP                    node1→*
6212  L=7033  [node1 ] SEND     APP_GROUP                    node1→*
6213  L=7034  [node1 ] SEND     APP_GROUP                    node1→*
6214  L=7035  [node1 ] SEND     APP_GROUP                    node1→*
6215  L=7036  [node1 ] SEND     APP_GROUP                    node1→*
6216  L=7038  [node1 ] SEND     APP_GROUP                    node1→*
6217  L=7039  [node1 ] SEND     APP_GROUP                    node1→*
6218  L=7040  [node1 ] SEND     APP_GROUP                    node1→*
6219  L=7041  [node1 ] SEND     APP_GROUP                    node1→*
6220  L=7042  [node1 ] SEND     APP_GROUP                    node1→*
6221  L=7043  [node1 ] SEND     APP_GROUP                    node1→*
6222  L=7044  [node1 ] SEND     APP_GROUP                    node1→*
6223  L=7045  [node1 ] SEND     APP_GROUP                    node1→*
6224  L=7046  [node1 ] SEND     APP_GROUP                    node1→*
6225  L=7047  [node1 ] SEND     APP_CREATE_GROUP             node1→*
6226  L=7049  [node1 ] SEND     APP_GROUP                    node1→*
6227  L=7050  [node1 ] SEND     APP_GROUP                    node1→*
6228  L=7051  [node1 ] SEND     APP_GROUP                    node1→*
6229  L=7052  [node1 ] SEND     APP_GROUP                    node1→*
6230  L=7053  [node1 ] SEND     APP_GROUP                    node1→*
6231  L=7054  [node1 ] SEND     APP_GROUP                    node1→*
6232  L=7055  [node1 ] SEND     APP_GROUP                    node1→*
6233  L=7056  [node1 ] SEND     APP_CREATE_GROUP             node1→*
6234  L=7057  [node1 ] SEND     APP_GROUP                    node1→*
6235  L=7058  [node1 ] SEND     APP_GROUP                    node1→*
6236  L=7060  [node1 ] SEND     APP_GROUP                    node1→*
6237  L=7061  [node1 ] SEND     APP_GROUP                    node1→*
6238  L=7062  [node1 ] SEND     APP_GROUP                    node1→*
6239  L=7063  [node1 ] SEND     APP_GROUP                    node1→*
6240  L=7064  [node1 ] SEND     APP_CREATE_GROUP             node1→*
6241  L=7065  [node1 ] SEND     APP_GROUP                    node1→*
6242  L=7066  [node1 ] SEND     APP_GROUP                    node1→*
6243  L=7067  [node1 ] SEND     APP_GROUP                    node1→*
6244  L=7068  [node1 ] SEND     APP_GROUP                    node1→*
6245  L=7070  [node1 ] SEND     APP_CREATE_GROUP             node1→*
6247  L=7071  [node1 ] SEND     APP_GROUP                    node1→*
6246  L=7072  [node1 ] SEND     APP_GROUP                    node1→*
6248  L=7073  [node1 ] SEND     APP_GROUP                    node1→*
6249  L=7074  [node1 ] SEND     APP_GROUP                    node1→*
6250  L=7075  [node1 ] SEND     APP_GROUP                    node1→*
6251  L=7076  [node1 ] SEND     APP_GROUP                    node1→*
6252  L=7077  [node1 ] SEND     APP_GROUP                    node1→*
6253  L=7079  [node1 ] SEND     APP_GROUP                    node1→*
6254  L=7080  [node1 ] SEND     APP_GROUP                    node1→*
6255  L=7081  [node1 ] SEND     APP_GROUP                    node1→*
6256  L=7082  [node1 ] SEND     APP_GROUP                    node1→*
6257  L=7083  [node1 ] SEND     APP_GROUP                    node1→*
6258  L=7084  [node1 ] SEND     APP_CREATE_GROUP             node1→*
6259  L=7085  [node1 ] SEND     APP_GROUP                    node1→*
6260  L=7087  [node1 ] SEND     APP_CREATE_GROUP             node1→*
6261  L=7089  [node1 ] SEND     APP_GROUP                    node1→*
6262  L=7090  [node1 ] SEND     APP_GROUP                    node1→*
6263  L=7091  [node1 ] SEND     APP_GROUP                    node1→*
6264  L=7092  [node1 ] SEND     APP_GROUP                    node1→*
6265  L=7093  [node1 ] SEND     APP_GROUP                    node1→*
6267  L=7094  [node1 ] SEND     APP_GROUP                    node1→*
6266  L=7095  [node1 ] SEND     APP_GROUP                    node1→*
6268  L=7096  [node1 ] SEND     APP_GROUP                    node1→*
6269  L=7097  [node1 ] SEND     APP_GROUP                    node1→*
6270  L=7098  [node1 ] SEND     APP_GROUP                    node1→*
6271  L=7099  [node1 ] SEND     APP_GROUP                    node1→*
6272  L=7100  [node1 ] SEND     APP_GROUP                    node1→*
6273  L=7101  [node1 ] SEND     APP_GROUP                    node1→*
6274  L=7102  [node1 ] SEND     APP_CREATE_GROUP             node1→*
6275  L=7104  [node1 ] SEND     APP_GROUP                    node1→*
6276  L=7105  [node1 ] SEND     APP_GROUP                    node1→*
6277  L=7106  [node1 ] SEND     APP_GROUP                    node1→*
6278  L=7107  [node1 ] SEND     APP_GROUP                    node1→*
6279  L=7108  [node1 ] SEND     APP_GROUP                    node1→*
6280  L=7109  [node1 ] SEND     APP_GROUP                    node1→*
6281  L=7110  [node1 ] SEND     APP_GROUP                    node1→*
6282  L=7111  [node1 ] SEND     APP_GROUP                    node1→*
6283  L=7112  [node1 ] SEND     APP_GROUP                    node1→*
6284  L=7113  [node1 ] SEND     APP_GROUP                    node1→*
6285  L=7115  [node1 ] SEND     APP_CREATE_GROUP             node1→*
6286  L=7118  [node1 ] SEND     APP_GROUP                    node1→*
6287  L=7119  [node1 ] SEND     APP_CREATE_GROUP             node1→*
6288  L=7120  [node1 ] SEND     APP_GROUP                    node1→*
6289  L=7121  [node1 ] SEND     APP_CREATE_GROUP             node1→*
6290  L=7122  [node1 ] SEND     APP_GROUP                    node1→*
6291  L=7126  [node1 ] SEND     APP_CREATE_GROUP             node1→*
6292  L=7127  [node1 ] SEND     APP_CREATE_GROUP             node1→*
6293  L=7128  [node1 ] SEND     APP_GROUP                    node1→*
6294  L=7129  [node1 ] SEND     APP_CREATE_GROUP             node1→*
6295  L=7131  [node1 ] SEND     APP_CREATE_GROUP             node1→*
6296  L=7132  [node1 ] SEND     APP_CREATE_GROUP             node1→*
6297  L=7134  [node1 ] SEND     APP_GROUP                    node1→*
6298  L=7135  [node1 ] SEND     APP_GROUP                    node1→*
6299  L=7136  [node1 ] SEND     APP_GROUP                    node1→*
6300  L=7137  [node1 ] SEND     APP_GROUP                    node1→*
6301  L=7138  [node1 ] SEND     APP_GROUP                    node1→*
6302  L=7140  [node1 ] SEND     APP_GROUP                    node1→*
6303  L=7141  [node1 ] SEND     APP_GROUP                    node1→*
6304  L=7142  [node1 ] SEND     APP_CREATE_GROUP             node1→*
6306  L=7144  [node1 ] SEND     APP_CREATE_GROUP             node1→*
6305  L=7145  [node1 ] SEND     APP_GROUP                    node1→*
6307  L=7147  [node1 ] SEND     APP_GROUP                    node1→*
6308  L=7148  [node1 ] SEND     APP_GROUP                    node1→*
6309  L=7149  [node1 ] SEND     APP_GROUP                    node1→*
6310  L=7150  [node1 ] SEND     APP_GROUP                    node1→*
6311  L=7151  [node1 ] SEND     APP_CREATE_GROUP             node1→*
6312  L=7153  [node1 ] SEND     APP_CREATE_GROUP             node1→*
6313  L=7154  [node1 ] SEND     APP_GROUP                    node1→*
6314  L=7155  [node1 ] SEND     APP_GROUP                    node1→*
6315  L=7156  [node1 ] SEND     APP_GROUP                    node1→*
6316  L=7157  [node1 ] SEND     APP_CREATE_GROUP             node1→*
6317  L=7158  [node1 ] SEND     APP_GROUP                    node1→*
6318  L=7159  [node1 ] SEND     APP_GROUP                    node1→*
6319  L=7160  [node1 ] SEND     APP_GROUP                    node1→*
6320  L=7161  [node1 ] SEND     APP_GROUP                    node1→*
6321  L=7163  [node1 ] SEND     APP_GROUP                    node1→*
6322  L=7164  [node1 ] SEND     APP_GROUP                    node1→*
6323  L=7165  [node1 ] SEND     APP_GROUP                    node1→*
6324  L=7166  [node1 ] SEND     APP_GROUP                    node1→*
6325  L=7167  [node1 ] SEND     APP_GROUP                    node1→*
6326  L=7168  [node1 ] SEND     APP_GROUP                    node1→*
6327  L=7169  [node1 ] SEND     APP_GROUP                    node1→*
6328  L=7170  [node1 ] SEND     APP_GROUP                    node1→*
6329  L=7171  [node1 ] SEND     APP_GROUP                    node1→*
6330  L=7172  [node1 ] SEND     APP_GROUP                    node1→*
6331  L=7173  [node1 ] SEND     APP_CREATE_GROUP             node1→*
6332  L=7175  [node1 ] SEND     APP_GROUP                    node1→*
6333  L=7176  [node1 ] SEND     APP_CREATE_GROUP             node1→*
6334  L=7178  [node1 ] SEND     APP_GROUP                    node1→*
6335  L=7179  [node1 ] SEND     APP_GROUP                    node1→*
6336  L=7180  [node1 ] SEND     APP_GROUP                    node1→*
6337  L=7181  [node1 ] SEND     APP_GROUP                    node1→*
6338  L=7182  [node1 ] SEND     APP_GROUP                    node1→*
6339  L=7183  [node1 ] SEND     APP_CREATE_GROUP             node1→*
6340  L=7185  [node1 ] SEND     APP_CREATE_GROUP             node1→*
6341  L=7186  [node1 ] SEND     APP_GROUP                    node1→*
6342  L=7188  [node1 ] SEND     APP_GROUP                    node1→*
6343  L=7189  [node1 ] SEND     APP_GROUP                    node1→*
6344  L=7190  [node1 ] SEND     APP_CREATE_GROUP             node1→*
6346  L=7191  [node1 ] SEND     APP_GROUP                    node1→*
6345  L=7192  [node1 ] SEND     APP_GROUP                    node1→*
6347  L=7193  [node1 ] SEND     APP_GROUP                    node1→*
6348  L=7195  [node1 ] SEND     APP_GROUP                    node1→*
6349  L=7196  [node1 ] SEND     APP_GROUP                    node1→*
6350  L=7197  [node1 ] SEND     APP_GROUP                    node1→*
6351  L=7198  [node1 ] SEND     APP_GROUP                    node1→*
6352  L=7199  [node1 ] SEND     APP_GROUP                    node1→*
6353  L=7200  [node1 ] SEND     APP_GROUP                    node1→*
6354  L=7201  [node1 ] SEND     APP_GROUP                    node1→*
6355  L=7202  [node1 ] SEND     APP_GROUP                    node1→*
6356  L=7203  [node1 ] SEND     APP_GROUP                    node1→*
6357  L=7204  [node1 ] SEND     APP_GROUP                    node1→*
6358  L=7205  [node1 ] SEND     APP_CREATE_GROUP             node1→*
6359  L=7208  [node1 ] SEND     APP_CREATE_GROUP             node1→*
6360  L=7210  [node1 ] SEND     APP_GROUP                    node1→*
6361  L=7211  [node1 ] SEND     APP_GROUP                    node1→*
6362  L=7212  [node1 ] SEND     APP_GROUP                    node1→*
6363  L=7213  [node1 ] SEND     APP_GROUP                    node1→*
6364  L=7214  [node1 ] SEND     APP_CREATE_GROUP             node1→*
6365  L=7215  [node1 ] SEND     APP_GROUP                    node1→*
6366  L=7216  [node1 ] SEND     APP_GROUP                    node1→*
6367  L=7217  [node1 ] SEND     APP_GROUP                    node1→*
6368  L=7218  [node1 ] SEND     APP_GROUP                    node1→*
6369  L=7219  [node1 ] SEND     APP_CREATE_GROUP             node1→*
6370  L=7221  [node1 ] SEND     APP_GROUP                    node1→*
6371  L=7222  [node1 ] SEND     APP_GROUP                    node1→*
6372  L=7223  [node1 ] SEND     APP_GROUP                    node1→*
6373  L=7225  [node1 ] SEND     APP_CREATE_GROUP             node1→*
6374  L=7226  [node1 ] SEND     APP_CREATE_GROUP             node1→*
6375  L=7228  [node1 ] SEND     APP_CREATE_GROUP             node1→*
6376  L=7230  [node1 ] SEND     APP_CREATE_GROUP             node1→*
6377  L=7232  [node1 ] SEND     APP_GROUP                    node1→*
6378  L=7233  [node1 ] SEND     APP_GROUP                    node1→*
6379  L=7234  [node1 ] SEND     APP_GROUP                    node1→*
6380  L=7235  [node1 ] SEND     APP_CREATE_GROUP             node1→*
6381  L=7237  [node1 ] SEND     APP_CREATE_GROUP             node1→*
6382  L=7239  [node1 ] SEND     APP_GROUP                    node1→*
6383  L=7240  [node1 ] SEND     APP_GROUP                    node1→*
6385  L=7241  [node1 ] SEND     APP_CREATE_GROUP             node1→*
6384  L=7243  [node1 ] SEND     APP_CREATE_GROUP             node1→*
6386  L=7244  [node1 ] SEND     APP_GROUP                    node1→*
6387  L=7245  [node1 ] SEND     APP_GROUP                    node1→*
6388  L=7246  [node1 ] SEND     APP_GROUP                    node1→*
6389  L=7247  [node1 ] SEND     APP_GROUP                    node1→*
6390  L=7248  [node1 ] SEND     APP_GROUP                    node1→*
6391  L=7250  [node1 ] SEND     APP_GROUP                    node1→*
6392  L=7251  [node1 ] SEND     APP_GROUP                    node1→*
6393  L=7252  [node1 ] SEND     APP_GROUP                    node1→*
6394  L=7253  [node1 ] SEND     APP_GROUP                    node1→*
6395  L=7254  [node1 ] SEND     APP_GROUP                    node1→*
6396  L=7255  [node1 ] SEND     APP_GROUP                    node1→*
6397  L=7256  [node1 ] SEND     APP_GROUP                    node1→*
6398  L=7257  [node1 ] SEND     APP_GROUP                    node1→*
6399  L=7258  [node1 ] SEND     APP_GROUP                    node1→*
6400  L=7259  [node1 ] SEND     APP_GROUP                    node1→*
6401  L=7260  [node1 ] SEND     APP_GROUP                    node1→*
6402  L=7261  [node1 ] SEND     APP_GROUP                    node1→*
6403  L=7262  [node1 ] SEND     APP_CREATE_GROUP             node1→*
6404  L=7264  [node1 ] SEND     APP_GROUP                    node1→*
6405  L=7265  [node1 ] SEND     APP_GROUP                    node1→*
6406  L=7266  [node1 ] SEND     APP_GROUP                    node1→*
6407  L=7268  [node1 ] SEND     APP_CREATE_GROUP             node1→*
6408  L=7270  [node1 ] SEND     APP_GROUP                    node1→*
6409  L=7271  [node1 ] SEND     APP_GROUP                    node1→*
6410  L=7272  [node1 ] SEND     APP_GROUP                    node1→*
6411  L=7273  [node1 ] SEND     APP_GROUP                    node1→*
6412  L=7274  [node1 ] SEND     APP_GROUP                    node1→*
6413  L=7275  [node1 ] SEND     APP_GROUP                    node1→*
6414  L=7276  [node1 ] SEND     APP_GROUP                    node1→*
6415  L=7278  [node1 ] SEND     APP_GROUP                    node1→*
6416  L=7279  [node1 ] SEND     APP_GROUP                    node1→*
6417  L=7280  [node1 ] SEND     APP_GROUP                    node1→*
6418  L=7281  [node1 ] SEND     APP_GROUP                    node1→*
6419  L=7282  [node1 ] SEND     APP_CREATE_GROUP             node1→*
6420  L=7284  [node1 ] SEND     APP_GROUP                    node1→*
6421  L=7285  [node1 ] SEND     APP_GROUP                    node1→*
6422  L=7286  [node1 ] SEND     APP_CREATE_GROUP             node1→*
6423  L=7288  [node1 ] SEND     APP_GROUP                    node1→*
6424  L=7289  [node1 ] SEND     APP_GROUP                    node1→*
6425  L=7290  [node1 ] SEND     APP_GROUP                    node1→*
6426  L=7291  [node1 ] SEND     APP_GROUP                    node1→*
6427  L=7292  [node1 ] SEND     APP_GROUP                    node1→*
6428  L=7293  [node1 ] SEND     APP_GROUP                    node1→*
6429  L=7294  [node1 ] SEND     APP_GROUP                    node1→*
6430  L=7295  [node1 ] SEND     APP_GROUP                    node1→*
6431  L=7296  [node1 ] SEND     APP_GROUP                    node1→*
6432  L=7297  [node1 ] SEND     APP_GROUP                    node1→*
6433  L=7298  [node1 ] SEND     APP_CREATE_GROUP             node1→*
6434  L=7300  [node1 ] SEND     APP_CREATE_GROUP             node1→*
6435  L=7302  [node1 ] SEND     APP_CREATE_GROUP             node1→*
6436  L=7304  [node1 ] SEND     APP_CREATE_GROUP             node1→*
6437  L=7306  [node1 ] SEND     APP_CREATE_GROUP             node1→*
6438  L=7307  [node1 ] SEND     APP_CREATE_GROUP             node1→*
6439  L=7309  [node1 ] SEND     APP_GROUP                    node1→*
6440  L=7310  [node1 ] SEND     APP_GROUP                    node1→*
6441  L=7311  [node1 ] SEND     APP_GROUP                    node1→*
6442  L=7312  [node1 ] SEND     APP_GROUP                    node1→*
6443  L=7313  [node1 ] SEND     APP_GROUP                    node1→*
6444  L=7314  [node1 ] SEND     APP_GROUP                    node1→*
6445  L=7315  [node1 ] SEND     APP_GROUP                    node1→*
6446  L=7316  [node1 ] SEND     APP_GROUP                    node1→*
6447  L=7317  [node1 ] SEND     APP_GROUP                    node1→*
6448  L=7318  [node1 ] SEND     APP_CREATE_GROUP             node1→*
6449  L=7319  [node1 ] SEND     APP_GROUP                    node1→*
6450  L=7320  [node1 ] SEND     APP_GROUP                    node1→*
6451  L=7321  [node1 ] SEND     APP_GROUP                    node1→*
6452  L=7322  [node1 ] SEND     APP_GROUP                    node1→*
6453  L=7323  [node1 ] SEND     APP_GROUP                    node1→*
6454  L=7324  [node1 ] SEND     APP_GROUP                    node1→*
6455  L=7325  [node1 ] SEND     APP_GROUP                    node1→*
6456  L=7326  [node1 ] SEND     APP_GROUP                    node1→*
6457  L=7327  [node1 ] SEND     APP_CREATE_GROUP             node1→*
6458  L=7329  [node1 ] SEND     APP_GROUP                    node1→*
6459  L=7330  [node1 ] SEND     APP_CREATE_GROUP             node1→*
6460  L=7331  [node1 ] SEND     APP_GROUP                    node1→*
6461  L=7332  [node1 ] SEND     APP_GROUP                    node1→*
6462  L=7333  [node1 ] SEND     APP_GROUP                    node1→*
6463  L=7334  [node1 ] SEND     APP_GROUP                    node1→*
6464  L=7335  [node1 ] SEND     APP_GROUP                    node1→*
6465  L=7336  [node1 ] SEND     APP_GROUP                    node1→*
6466  L=7337  [node1 ] SEND     APP_GROUP                    node1→*
6467  L=7338  [node1 ] SEND     APP_GROUP                    node1→*
6468  L=7340  [node1 ] SEND     APP_GROUP                    node1→*
6469  L=7341  [node1 ] SEND     APP_GROUP                    node1→*
6470  L=7342  [node1 ] SEND     APP_GROUP                    node1→*
6471  L=7343  [node1 ] SEND     APP_GROUP                    node1→*
6472  L=7344  [node1 ] SEND     APP_GROUP                    node1→*
6473  L=7345  [node1 ] SEND     APP_GROUP                    node1→*
6474  L=7346  [node1 ] SEND     APP_CREATE_GROUP             node1→*
6475  L=7347  [node1 ] SEND     APP_GROUP                    node1→*
6476  L=7348  [node1 ] SEND     APP_GROUP                    node1→*
6477  L=7349  [node1 ] SEND     APP_GROUP                    node1→*
6478  L=7350  [node1 ] SEND     APP_GROUP                    node1→*
6479  L=7351  [node1 ] SEND     APP_GROUP                    node1→*
6480  L=7352  [node1 ] SEND     APP_GROUP                    node1→*
6481  L=7353  [node1 ] SEND     APP_GROUP                    node1→*
6482  L=7355  [node1 ] SEND     APP_GROUP                    node1→*
6483  L=7356  [node1 ] SEND     APP_GROUP                    node1→*
6484  L=7357  [node1 ] SEND     APP_GROUP                    node1→*
6485  L=7358  [node1 ] SEND     APP_GROUP                    node1→*
6486  L=7359  [node1 ] SEND     APP_GROUP                    node1→*
6487  L=7360  [node1 ] SEND     APP_CREATE_GROUP             node1→*
6488  L=7362  [node1 ] SEND     APP_GROUP                    node1→*
6489  L=7363  [node1 ] SEND     APP_GROUP                    node1→*
6490  L=7364  [node1 ] SEND     APP_GROUP                    node1→*
6491  L=7365  [node1 ] SEND     APP_GROUP                    node1→*
6492  L=7366  [node1 ] SEND     APP_GROUP                    node1→*
6493  L=7367  [node1 ] SEND     APP_CREATE_GROUP             node1→*
6494  L=7369  [node1 ] SEND     APP_GROUP                    node1→*
6495  L=7370  [node1 ] SEND     APP_GROUP                    node1→*
6496  L=7371  [node1 ] SEND     APP_GROUP                    node1→*
6497  L=7372  [node1 ] SEND     APP_GROUP                    node1→*
6498  L=7373  [node1 ] SEND     APP_GROUP                    node1→*
6499  L=7374  [node1 ] SEND     APP_GROUP                    node1→*
6500  L=7375  [node1 ] SEND     APP_GROUP                    node1→*
6501  L=7376  [node1 ] SEND     APP_CREATE_GROUP             node1→*
6502  L=7378  [node1 ] SEND     APP_CREATE_GROUP             node1→*
6503  L=7380  [node1 ] SEND     APP_CREATE_GROUP             node1→*
6504  L=7381  [node1 ] SEND     APP_GROUP                    node1→*
6505  L=7382  [node1 ] SEND     APP_GROUP                    node1→*
6506  L=7384  [node1 ] SEND     APP_CREATE_GROUP             node1→*
6507  L=7385  [node1 ] SEND     APP_GROUP                    node1→*
6508  L=7386  [node1 ] SEND     APP_GROUP                    node1→*
6509  L=7388  [node1 ] SEND     APP_GROUP                    node1→*
6510  L=7389  [node1 ] SEND     APP_GROUP                    node1→*
6511  L=7390  [node1 ] SEND     APP_GROUP                    node1→*
6512  L=7391  [node1 ] SEND     APP_GROUP                    node1→*
6513  L=7392  [node1 ] SEND     APP_CREATE_GROUP             node1→*
6514  L=7393  [node1 ] SEND     APP_GROUP                    node1→*
6515  L=7394  [node1 ] SEND     APP_GROUP                    node1→*
6516  L=7396  [node1 ] SEND     APP_CREATE_GROUP             node1→*
6517  L=7397  [node1 ] SEND     APP_GROUP                    node1→*
6518  L=7398  [node1 ] SEND     APP_GROUP                    node1→*
6519  L=7400  [node1 ] SEND     APP_GROUP                    node1→*
6520  L=7401  [node1 ] SEND     APP_GROUP                    node1→*
6521  L=7402  [node1 ] SEND     APP_GROUP                    node1→*
6522  L=7403  [node1 ] SEND     APP_GROUP                    node1→*
6523  L=7404  [node1 ] SEND     APP_GROUP                    node1→*
6524  L=7405  [node1 ] SEND     APP_CREATE_GROUP             node1→*
6525  L=7406  [node1 ] SEND     APP_GROUP                    node1→*
6526  L=7407  [node1 ] SEND     APP_GROUP                    node1→*
6527  L=7409  [node1 ] SEND     APP_GROUP                    node1→*
6528  L=7410  [node1 ] SEND     APP_GROUP                    node1→*
6529  L=7411  [node1 ] SEND     APP_CREATE_GROUP             node1→*
6530  L=7413  [node1 ] SEND     APP_CREATE_GROUP             node1→*
6531  L=7414  [node1 ] SEND     APP_GROUP                    node1→*
6532  L=7415  [node1 ] SEND     APP_GROUP                    node1→*
6533  L=7417  [node1 ] SEND     APP_CREATE_GROUP             node1→*
6534  L=7418  [node1 ] SEND     APP_GROUP                    node1→*
6535  L=7419  [node1 ] SEND     APP_GROUP                    node1→*
6536  L=7420  [node1 ] SEND     APP_GROUP                    node1→*
6537  L=7422  [node1 ] SEND     APP_GROUP                    node1→*
6538  L=7423  [node1 ] SEND     APP_GROUP                    node1→*
6539  L=7424  [node1 ] SEND     APP_GROUP                    node1→*
6540  L=7425  [node1 ] SEND     APP_GROUP                    node1→*
6541  L=7426  [node1 ] SEND     APP_CREATE_GROUP             node1→*
6542  L=7428  [node1 ] SEND     APP_GROUP                    node1→*
6543  L=7429  [node1 ] SEND     APP_GROUP                    node1→*
6544  L=7430  [node1 ] SEND     APP_CREATE_GROUP             node1→*
6545  L=7432  [node1 ] SEND     APP_GROUP                    node1→*
6546  L=7433  [node1 ] SEND     APP_GROUP                    node1→*
6547  L=7434  [node1 ] SEND     APP_GROUP                    node1→*
6548  L=7435  [node1 ] SEND     APP_CREATE_GROUP             node1→*
6549  L=7437  [node1 ] SEND     APP_GROUP                    node1→*
6550  L=7438  [node1 ] SEND     APP_GROUP                    node1→*
6551  L=7439  [node1 ] SEND     APP_GROUP                    node1→*
6552  L=7440  [node1 ] SEND     APP_GROUP                    node1→*
6553  L=7441  [node1 ] SEND     APP_GROUP                    node1→*
6554  L=7443  [node1 ] SEND     APP_CREATE_GROUP             node1→*
6555  L=7445  [node1 ] SEND     APP_GROUP                    node1→*
6556  L=7446  [node1 ] SEND     APP_GROUP                    node1→*
6557  L=7447  [node1 ] SEND     APP_CREATE_GROUP             node1→*
6558  L=7448  [node1 ] SEND     APP_GROUP                    node1→*
6559  L=7449  [node1 ] SEND     APP_CREATE_GROUP             node1→*
6560  L=7450  [node1 ] SEND     APP_GROUP                    node1→*
6561  L=7451  [node1 ] SEND     APP_GROUP                    node1→*
6562  L=7452  [node1 ] SEND     APP_GROUP                    node1→*
6563  L=7453  [node1 ] SEND     APP_GROUP                    node1→*
6564  L=7454  [node1 ] SEND     APP_GROUP                    node1→*
6565  L=7455  [node1 ] SEND     APP_GROUP                    node1→*
6566  L=7457  [node1 ] SEND     APP_GROUP                    node1→*
6567  L=7458  [node1 ] SEND     APP_GROUP                    node1→*
6568  L=7459  [node1 ] SEND     APP_GROUP                    node1→*
6569  L=7460  [node1 ] SEND     APP_GROUP                    node1→*
6570  L=7461  [node1 ] SEND     APP_CREATE_GROUP             node1→*
6571  L=7462  [node1 ] SEND     APP_GROUP                    node1→*
6572  L=7463  [node1 ] SEND     APP_GROUP                    node1→*
6573  L=7465  [node1 ] SEND     APP_CREATE_GROUP             node1→*
6574  L=7466  [node1 ] SEND     APP_GROUP                    node1→*
6575  L=7467  [node1 ] SEND     APP_GROUP                    node1→*
6576  L=7469  [node1 ] SEND     APP_GROUP                    node1→*
6577  L=7470  [node1 ] SEND     APP_GROUP                    node1→*
6578  L=7471  [node1 ] SEND     APP_GROUP                    node1→*
6579  L=7472  [node1 ] SEND     APP_GROUP                    node1→*
6580  L=7473  [node1 ] SEND     APP_GROUP                    node1→*
6581  L=7474  [node1 ] SEND     APP_CREATE_GROUP             node1→*
6582  L=7475  [node1 ] SEND     APP_GROUP                    node1→*
6583  L=7476  [node1 ] SEND     APP_GROUP                    node1→*
6584  L=7477  [node1 ] SEND     APP_GROUP                    node1→*
6585  L=7478  [node1 ] SEND     APP_GROUP                    node1→*
6586  L=7480  [node1 ] SEND     APP_GROUP                    node1→*
6587  L=7481  [node1 ] SEND     APP_CREATE_GROUP             node1→*
6588  L=7483  [node1 ] SEND     APP_GROUP                    node1→*
6589  L=7484  [node1 ] SEND     APP_GROUP                    node1→*
6590  L=7485  [node1 ] SEND     APP_GROUP                    node1→*
6591  L=7486  [node1 ] SEND     APP_GROUP                    node1→*
6592  L=7487  [node1 ] SEND     APP_GROUP                    node1→*
6593  L=7488  [node1 ] SEND     APP_GROUP                    node1→*
6594  L=7489  [node1 ] SEND     APP_GROUP                    node1→*
6595  L=7490  [node1 ] SEND     APP_CREATE_GROUP             node1→*
6596  L=7492  [node1 ] SEND     APP_GROUP                    node1→*
6597  L=7493  [node1 ] SEND     APP_GROUP                    node1→*
6598  L=7494  [node1 ] SEND     APP_GROUP                    node1→*
6599  L=7495  [node1 ] SEND     APP_GROUP                    node1→*
6600  L=7497  [node1 ] SEND     APP_CREATE_GROUP             node1→*
6601  L=7499  [node1 ] SEND     APP_GROUP                    node1→*
6602  L=7500  [node1 ] SEND     APP_GROUP                    node1→*
6603  L=7501  [node1 ] SEND     APP_GROUP                    node1→*
6604  L=7502  [node1 ] SEND     APP_GROUP                    node1→*
6605  L=7503  [node1 ] SEND     APP_GROUP                    node1→*
6606  L=7504  [node1 ] SEND     APP_GROUP                    node1→*
6607  L=7505  [node1 ] SEND     APP_GROUP                    node1→*
6608  L=7506  [node1 ] SEND     APP_GROUP                    node1→*
6609  L=7507  [node1 ] SEND     APP_GROUP                    node1→*
6610  L=7508  [node1 ] SEND     APP_GROUP                    node1→*
6611  L=7509  [node1 ] SEND     APP_GROUP                    node1→*
6612  L=7510  [node1 ] SEND     APP_GROUP                    node1→*
6613  L=7511  [node1 ] SEND     APP_GROUP                    node1→*
6614  L=7512  [node1 ] SEND     APP_CREATE_GROUP             node1→*
6615  L=7513  [node1 ] SEND     APP_GROUP                    node1→*
6616  L=7514  [node1 ] SEND     APP_GROUP                    node1→*
6617  L=7515  [node1 ] SEND     APP_GROUP                    node1→*
6618  L=7516  [node1 ] SEND     APP_GROUP                    node1→*
6619  L=7517  [node1 ] SEND     APP_GROUP                    node1→*
6620  L=7518  [node1 ] SEND     APP_CREATE_GROUP             node1→*
6621  L=7520  [node1 ] SEND     APP_GROUP                    node1→*
6622  L=7521  [node1 ] SEND     APP_GROUP                    node1→*
6623  L=7522  [node1 ] SEND     APP_GROUP                    node1→*
6624  L=7523  [node1 ] SEND     APP_CREATE_GROUP             node1→*
6625  L=7525  [node1 ] SEND     APP_CREATE_GROUP             node1→*
6626  L=7526  [node1 ] SEND     APP_GROUP                    node1→*
6627  L=7527  [node1 ] SEND     APP_GROUP                    node1→*
6628  L=7528  [node1 ] SEND     APP_GROUP                    node1→*
6629  L=7529  [node1 ] SEND     APP_GROUP                    node1→*
6630  L=7530  [node1 ] SEND     APP_GROUP                    node1→*
6631  L=7531  [node1 ] SEND     APP_GROUP                    node1→*
6632  L=7532  [node1 ] SEND     APP_GROUP                    node1→*
6633  L=7534  [node1 ] SEND     APP_GROUP                    node1→*
6634  L=7535  [node1 ] SEND     APP_GROUP                    node1→*
6635  L=7536  [node1 ] SEND     APP_GROUP                    node1→*
6636  L=7537  [node1 ] SEND     APP_GROUP                    node1→*
6637  L=7538  [node1 ] SEND     APP_GROUP                    node1→*
6638  L=7539  [node1 ] SEND     APP_GROUP                    node1→*
6639  L=7540  [node1 ] SEND     APP_CREATE_GROUP             node1→*
6640  L=7542  [node1 ] SEND     APP_GROUP                    node1→*
6641  L=7543  [node1 ] SEND     APP_GROUP                    node1→*
6642  L=7544  [node1 ] SEND     APP_GROUP                    node1→*
6643  L=7545  [node1 ] SEND     APP_GROUP                    node1→*
6644  L=7546  [node1 ] SEND     APP_GROUP                    node1→*
6645  L=7549  [node1 ] SEND     APP_GROUP                    node1→*
6646  L=7550  [node1 ] SEND     APP_GROUP                    node1→*
6647  L=7551  [node1 ] SEND     APP_GROUP                    node1→*
6648  L=7552  [node1 ] SEND     APP_GROUP                    node1→*
6649  L=7553  [node1 ] SEND     APP_GROUP                    node1→*
6650  L=7554  [node1 ] SEND     APP_GROUP                    node1→*
6651  L=7555  [node1 ] SEND     APP_GROUP                    node1→*
6652  L=7556  [node1 ] SEND     APP_GROUP                    node1→*
6653  L=7557  [node1 ] SEND     APP_GROUP                    node1→*
6654  L=7558  [node1 ] SEND     APP_CREATE_GROUP             node1→*
6655  L=7560  [node1 ] SEND     APP_GROUP                    node1→*
6656  L=7561  [node1 ] SEND     APP_GROUP                    node1→*
6657  L=7562  [node1 ] SEND     APP_CREATE_GROUP             node1→*
6658  L=7564  [node1 ] SEND     APP_CREATE_GROUP             node1→*
6659  L=7566  [node1 ] SEND     APP_GROUP                    node1→*
6660  L=7567  [node1 ] SEND     APP_GROUP                    node1→*
6661  L=7568  [node1 ] SEND     APP_GROUP                    node1→*
6662  L=7569  [node1 ] SEND     APP_GROUP                    node1→*
6663  L=7570  [node1 ] SEND     APP_CREATE_GROUP             node1→*
6664  L=7571  [node1 ] SEND     APP_GROUP                    node1→*
6665  L=7572  [node1 ] SEND     APP_CREATE_GROUP             node1→*
6666  L=7574  [node1 ] SEND     APP_CREATE_GROUP             node1→*
6667  L=7575  [node1 ] SEND     APP_CREATE_GROUP             node1→*
6668  L=7577  [node1 ] SEND     APP_GROUP                    node1→*
6669  L=7578  [node1 ] SEND     APP_GROUP                    node1→*
6670  L=7579  [node1 ] SEND     APP_GROUP                    node1→*
6671  L=7580  [node1 ] SEND     APP_GROUP                    node1→*
6672  L=7581  [node1 ] SEND     APP_GROUP                    node1→*
6673  L=7582  [node1 ] SEND     APP_CREATE_GROUP             node1→*
6674  L=7583  [node1 ] SEND     APP_GROUP                    node1→*
6675  L=7585  [node1 ] SEND     APP_GROUP                    node1→*
6676  L=7586  [node1 ] SEND     APP_GROUP                    node1→*
6677  L=7587  [node1 ] SEND     APP_GROUP                    node1→*
6678  L=7588  [node1 ] SEND     APP_GROUP                    node1→*
6679  L=7589  [node1 ] SEND     APP_GROUP                    node1→*
6680  L=7590  [node1 ] SEND     APP_GROUP                    node1→*
6681  L=7591  [node1 ] SEND     APP_GROUP                    node1→*
6682  L=7592  [node1 ] SEND     APP_GROUP                    node1→*
6683  L=7593  [node1 ] SEND     APP_GROUP                    node1→*
6684  L=7594  [node1 ] SEND     APP_CREATE_GROUP             node1→*
6685  L=7595  [node1 ] SEND     APP_GROUP                    node1→*
6686  L=7596  [node1 ] SEND     APP_GROUP                    node1→*
6687  L=7597  [node1 ] SEND     APP_GROUP                    node1→*
6688  L=7598  [node1 ] SEND     APP_GROUP                    node1→*
6689  L=7600  [node1 ] SEND     APP_GROUP                    node1→*
6690  L=7601  [node1 ] SEND     APP_GROUP                    node1→*
6691  L=7602  [node1 ] SEND     APP_GROUP                    node1→*
6692  L=7603  [node1 ] SEND     APP_GROUP                    node1→*
6693  L=7604  [node1 ] SEND     APP_CREATE_GROUP             node1→*
6694  L=7606  [node1 ] SEND     APP_CREATE_GROUP             node1→*
6695  L=7607  [node1 ] SEND     APP_GROUP                    node1→*
6696  L=7608  [node1 ] SEND     APP_GROUP                    node1→*
6697  L=7610  [node1 ] SEND     APP_GROUP                    node1→*
6698  L=7611  [node1 ] SEND     APP_GROUP                    node1→*
6699  L=7612  [node1 ] SEND     APP_GROUP                    node1→*
6700  L=7613  [node1 ] SEND     APP_GROUP                    node1→*
6701  L=7614  [node1 ] SEND     APP_GROUP                    node1→*
6702  L=7615  [node1 ] SEND     APP_GROUP                    node1→*
6703  L=7616  [node1 ] SEND     APP_GROUP                    node1→*
6704  L=7617  [node1 ] SEND     APP_GROUP                    node1→*
6705  L=7619  [node1 ] SEND     APP_GROUP                    node1→*
6706  L=7620  [node1 ] SEND     APP_CREATE_GROUP             node1→*
6707  L=7622  [node1 ] SEND     APP_GROUP                    node1→*
6708  L=7623  [node1 ] SEND     APP_GROUP                    node1→*
6709  L=7624  [node1 ] SEND     APP_GROUP                    node1→*
6710  L=7625  [node1 ] SEND     APP_GROUP                    node1→*
6711  L=7626  [node1 ] SEND     APP_GROUP                    node1→*
6712  L=7627  [node1 ] SEND     APP_GROUP                    node1→*
6713  L=7629  [node1 ] SEND     APP_GROUP                    node1→*
6714  L=7631  [node1 ] SEND     APP_GROUP                    node1→*
6715  L=7632  [node1 ] SEND     APP_GROUP                    node1→*
6716  L=7633  [node1 ] SEND     APP_CREATE_GROUP             node1→*
6717  L=7634  [node1 ] SEND     APP_GROUP                    node1→*
6718  L=7635  [node1 ] SEND     APP_GROUP                    node1→*
6719  L=7636  [node1 ] SEND     APP_GROUP                    node1→*
6720  L=7637  [node1 ] SEND     APP_GROUP                    node1→*
6721  L=7638  [node1 ] SEND     APP_GROUP                    node1→*
6722  L=7639  [node1 ] SEND     APP_GROUP                    node1→*
6723  L=7640  [node1 ] SEND     APP_GROUP                    node1→*
6724  L=7641  [node1 ] SEND     APP_CREATE_GROUP             node1→*
6725  L=7642  [node1 ] SEND     APP_GROUP                    node1→*
6726  L=7643  [node1 ] SEND     APP_GROUP                    node1→*
6727  L=7644  [node1 ] SEND     APP_GROUP                    node1→*
6728  L=7645  [node1 ] SEND     APP_GROUP                    node1→*
6729  L=7646  [node1 ] SEND     APP_GROUP                    node1→*
6730  L=7647  [node1 ] SEND     APP_CREATE_GROUP             node1→*
6731  L=7648  [node1 ] SEND     APP_GROUP                    node1→*
6732  L=7649  [node1 ] SEND     APP_GROUP                    node1→*
6733  L=7650  [node1 ] SEND     APP_GROUP                    node1→*
6734  L=7651  [node1 ] SEND     APP_CREATE_GROUP             node1→*
6735  L=7653  [node1 ] SEND     APP_GROUP                    node1→*
6736  L=7654  [node1 ] SEND     APP_CREATE_GROUP             node1→*
6737  L=7657  [node1 ] SEND     APP_GROUP                    node1→*
6738  L=7658  [node1 ] SEND     APP_GROUP                    node1→*
6739  L=7659  [node1 ] SEND     APP_GROUP                    node1→*
6740  L=7660  [node1 ] SEND     APP_GROUP                    node1→*
6741  L=7661  [node1 ] SEND     APP_GROUP                    node1→*
6742  L=7662  [node1 ] SEND     APP_GROUP                    node1→*
6743  L=7663  [node1 ] SEND     APP_GROUP                    node1→*
6744  L=7664  [node1 ] SEND     APP_GROUP                    node1→*
6745  L=7665  [node1 ] SEND     APP_GROUP                    node1→*
6746  L=7666  [node1 ] SEND     APP_GROUP                    node1→*
6747  L=7667  [node1 ] SEND     APP_GROUP                    node1→*
6748  L=7668  [node1 ] SEND     APP_CREATE_GROUP             node1→*
6749  L=7670  [node1 ] SEND     APP_GROUP                    node1→*
6750  L=7671  [node1 ] SEND     APP_GROUP                    node1→*
6751  L=7672  [node1 ] SEND     APP_GROUP                    node1→*
6752  L=7673  [node1 ] SEND     APP_CREATE_GROUP             node1→*
6753  L=7674  [node1 ] SEND     APP_CREATE_GROUP             node1→*
6754  L=7676  [node1 ] SEND     APP_GROUP                    node1→*
6755  L=7677  [node1 ] SEND     APP_GROUP                    node1→*
6756  L=7678  [node1 ] SEND     APP_GROUP                    node1→*
6757  L=7679  [node1 ] SEND     APP_GROUP                    node1→*
6758  L=7681  [node1 ] SEND     APP_CREATE_GROUP             node1→*
6759  L=7682  [node1 ] SEND     APP_CREATE_GROUP             node1→*
6760  L=7684  [node1 ] SEND     APP_GROUP                    node1→*
6761  L=7685  [node1 ] SEND     APP_GROUP                    node1→*
6762  L=7686  [node1 ] SEND     APP_GROUP                    node1→*
6763  L=7687  [node1 ] SEND     APP_GROUP                    node1→*
6764  L=7688  [node1 ] SEND     APP_GROUP                    node1→*
6765  L=7689  [node1 ] SEND     APP_GROUP                    node1→*
6766  L=7692  [node1 ] SEND     APP_GROUP                    node1→*
6767  L=7693  [node1 ] SEND     APP_GROUP                    node1→*
6768  L=7694  [node1 ] SEND     APP_GROUP                    node1→*
6769  L=7695  [node1 ] SEND     APP_GROUP                    node1→*
6770  L=7696  [node1 ] SEND     APP_GROUP                    node1→*
6771  L=7697  [node1 ] SEND     APP_CREATE_GROUP             node1→*
6772  L=7698  [node1 ] SEND     APP_CREATE_GROUP             node1→*
6773  L=7699  [node1 ] SEND     APP_GROUP                    node1→*
6774  L=7700  [node1 ] SEND     APP_GROUP                    node1→*
6775  L=7701  [node1 ] SEND     APP_CREATE_GROUP             node1→*
6776  L=7702  [node1 ] SEND     APP_GROUP                    node1→*
6777  L=7703  [node1 ] SEND     APP_GROUP                    node1→*
6778  L=7704  [node1 ] SEND     APP_GROUP                    node1→*
6779  L=7705  [node1 ] SEND     APP_GROUP                    node1→*
6780  L=7707  [node1 ] SEND     APP_GROUP                    node1→*
6781  L=7708  [node1 ] SEND     APP_CREATE_GROUP             node1→*
6782  L=7709  [node1 ] SEND     APP_GROUP                    node1→*
6783  L=7710  [node1 ] SEND     APP_GROUP                    node1→*
6784  L=7711  [node1 ] SEND     APP_GROUP                    node1→*
6785  L=7712  [node1 ] SEND     APP_GROUP                    node1→*
6786  L=7713  [node1 ] SEND     APP_GROUP                    node1→*
6787  L=7714  [node1 ] SEND     APP_GROUP                    node1→*
6788  L=7715  [node1 ] SEND     APP_GROUP                    node1→*
6789  L=7717  [node1 ] SEND     APP_CREATE_GROUP             node1→*
6790  L=7718  [node1 ] SEND     APP_GROUP                    node1→*
6791  L=7719  [node1 ] SEND     APP_GROUP                    node1→*
6792  L=7721  [node1 ] SEND     APP_CREATE_GROUP             node1→*
6793  L=7722  [node1 ] SEND     APP_GROUP                    node1→*
6794  L=7723  [node1 ] SEND     APP_GROUP                    node1→*
6795  L=7724  [node1 ] SEND     APP_GROUP                    node1→*
6796  L=7725  [node1 ] SEND     APP_GROUP                    node1→*
6797  L=7726  [node1 ] SEND     APP_GROUP                    node1→*
6798  L=7727  [node1 ] SEND     APP_GROUP                    node1→*
6799  L=7728  [node1 ] SEND     APP_GROUP                    node1→*
6800  L=7729  [node1 ] SEND     APP_GROUP                    node1→*
6801  L=7730  [node1 ] SEND     APP_GROUP                    node1→*
6802  L=7731  [node1 ] SEND     APP_GROUP                    node1→*
6803  L=7732  [node1 ] SEND     APP_GROUP                    node1→*
6804  L=7733  [node1 ] SEND     APP_GROUP                    node1→*
6805  L=7734  [node1 ] SEND     APP_GROUP                    node1→*
6806  L=7735  [node1 ] SEND     APP_GROUP                    node1→*
6807  L=7736  [node1 ] SEND     APP_GROUP                    node1→*
6808  L=7737  [node1 ] SEND     APP_GROUP                    node1→*
6809  L=7738  [node1 ] SEND     APP_GROUP                    node1→*
6810  L=7740  [node1 ] SEND     APP_GROUP                    node1→*
6811  L=7741  [node1 ] SEND     APP_GROUP                    node1→*
6812  L=7742  [node1 ] SEND     APP_GROUP                    node1→*
6813  L=7743  [node1 ] SEND     APP_GROUP                    node1→*
6814  L=7744  [node1 ] SEND     APP_GROUP                    node1→*
6815  L=7745  [node1 ] SEND     APP_GROUP                    node1→*
6816  L=7746  [node1 ] SEND     APP_GROUP                    node1→*
6817  L=7747  [node1 ] SEND     APP_GROUP                    node1→*
6818  L=7748  [node1 ] SEND     APP_CREATE_GROUP             node1→*
6819  L=7750  [node1 ] SEND     APP_GROUP                    node1→*
6820  L=7751  [node1 ] SEND     APP_GROUP                    node1→*
6821  L=7752  [node1 ] SEND     APP_GROUP                    node1→*
6822  L=7753  [node1 ] SEND     APP_GROUP                    node1→*
6823  L=7754  [node1 ] SEND     APP_GROUP                    node1→*
6824  L=7755  [node1 ] SEND     APP_CREATE_GROUP             node1→*
6825  L=7757  [node1 ] SEND     APP_CREATE_GROUP             node1→*
6826  L=7759  [node1 ] SEND     APP_GROUP                    node1→*
6827  L=7760  [node1 ] SEND     APP_GROUP                    node1→*
6828  L=7761  [node1 ] SEND     APP_GROUP                    node1→*
6829  L=7762  [node1 ] SEND     APP_GROUP                    node1→*
6830  L=7763  [node1 ] SEND     APP_GROUP                    node1→*
6831  L=7764  [node1 ] SEND     APP_GROUP                    node1→*
6832  L=7765  [node1 ] SEND     APP_CREATE_GROUP             node1→*
6833  L=7767  [node1 ] SEND     APP_GROUP                    node1→*
6834  L=7768  [node1 ] SEND     APP_GROUP                    node1→*
6835  L=7769  [node1 ] SEND     APP_GROUP                    node1→*
6836  L=7770  [node1 ] SEND     APP_GROUP                    node1→*
6837  L=7771  [node1 ] SEND     APP_CREATE_GROUP             node1→*
6838  L=7773  [node1 ] SEND     APP_GROUP                    node1→*
6839  L=7774  [node1 ] SEND     APP_GROUP                    node1→*
6840  L=7775  [node1 ] SEND     APP_GROUP                    node1→*
6841  L=7776  [node1 ] SEND     APP_GROUP                    node1→*
6842  L=7777  [node1 ] SEND     APP_CREATE_GROUP             node1→*
6843  L=7778  [node1 ] SEND     APP_GROUP                    node1→*
6844  L=7779  [node1 ] SEND     APP_GROUP                    node1→*
6845  L=7780  [node1 ] SEND     APP_GROUP                    node1→*
6846  L=7782  [node1 ] SEND     APP_GROUP                    node1→*
6847  L=7783  [node1 ] SEND     APP_GROUP                    node1→*
6848  L=7784  [node1 ] SEND     APP_GROUP                    node1→*
6849  L=7785  [node1 ] SEND     APP_CREATE_GROUP             node1→*
6850  L=7787  [node1 ] SEND     APP_GROUP                    node1→*
6851  L=7788  [node1 ] SEND     APP_GROUP                    node1→*
6852  L=7789  [node1 ] SEND     APP_GROUP                    node1→*
6853  L=7790  [node1 ] SEND     APP_CREATE_GROUP             node1→*
6854  L=7792  [node1 ] SEND     APP_CREATE_GROUP             node1→*
6855  L=7793  [node1 ] SEND     APP_GROUP                    node1→*
6856  L=7794  [node1 ] SEND     APP_GROUP                    node1→*
6857  L=7795  [node1 ] SEND     APP_GROUP                    node1→*
6858  L=7796  [node1 ] SEND     APP_GROUP                    node1→*
6859  L=7798  [node1 ] SEND     APP_GROUP                    node1→*
6860  L=7799  [node1 ] SEND     APP_GROUP                    node1→*
6861  L=7800  [node1 ] SEND     APP_GROUP                    node1→*
6862  L=7801  [node1 ] SEND     APP_GROUP                    node1→*
6863  L=7802  [node1 ] SEND     APP_GROUP                    node1→*
6864  L=7803  [node1 ] SEND     APP_GROUP                    node1→*
6865  L=7804  [node1 ] SEND     APP_GROUP                    node1→*
6866  L=7805  [node1 ] SEND     APP_GROUP                    node1→*
6867  L=7806  [node1 ] SEND     APP_GROUP                    node1→*
6868  L=7807  [node1 ] SEND     APP_GROUP                    node1→*
6869  L=7808  [node1 ] SEND     APP_GROUP                    node1→*
6870  L=7810  [node1 ] SEND     APP_GROUP                    node1→*
6871  L=7811  [node1 ] SEND     APP_GROUP                    node1→*
6872  L=7812  [node1 ] SEND     APP_GROUP                    node1→*
6873  L=7813  [node1 ] SEND     APP_GROUP                    node1→*
6874  L=7814  [node1 ] SEND     APP_GROUP                    node1→*
6875  L=7815  [node1 ] SEND     APP_GROUP                    node1→*
6876  L=7816  [node1 ] SEND     APP_GROUP                    node1→*
6877  L=7817  [node1 ] SEND     APP_GROUP                    node1→*
6878  L=7818  [node1 ] SEND     APP_GROUP                    node1→*
6879  L=7819  [node1 ] SEND     APP_CREATE_GROUP             node1→*
6880  L=7821  [node1 ] SEND     APP_CREATE_GROUP             node1→*
6881  L=7823  [node1 ] SEND     APP_GROUP                    node1→*
6882  L=7824  [node1 ] SEND     APP_GROUP                    node1→*
6883  L=7825  [node1 ] SEND     APP_GROUP                    node1→*
6884  L=7826  [node1 ] SEND     APP_GROUP                    node1→*
6885  L=7828  [node1 ] SEND     APP_CREATE_GROUP             node1→*
6886  L=7829  [node1 ] SEND     APP_CREATE_GROUP             node1→*
6887  L=7830  [node1 ] SEND     APP_GROUP                    node1→*
6888  L=7831  [node1 ] SEND     APP_GROUP                    node1→*
6889  L=7832  [node1 ] SEND     APP_GROUP                    node1→*
6890  L=7833  [node1 ] SEND     APP_GROUP                    node1→*
6891  L=7834  [node1 ] SEND     APP_GROUP                    node1→*
6892  L=7835  [node1 ] SEND     APP_CREATE_GROUP             node1→*
6893  L=7837  [node1 ] SEND     APP_CREATE_GROUP             node1→*
6894  L=7838  [node1 ] SEND     APP_GROUP                    node1→*
6895  L=7839  [node1 ] SEND     APP_GROUP                    node1→*
6896  L=7840  [node1 ] SEND     APP_GROUP                    node1→*
6897  L=7841  [node1 ] SEND     APP_GROUP                    node1→*
6898  L=7843  [node1 ] SEND     APP_GROUP                    node1→*
6899  L=7844  [node1 ] SEND     APP_GROUP                    node1→*
6900  L=7845  [node1 ] SEND     APP_GROUP                    node1→*
6901  L=7846  [node1 ] SEND     APP_GROUP                    node1→*
6902  L=7847  [node1 ] SEND     APP_CREATE_GROUP             node1→*
6903  L=7848  [node1 ] SEND     APP_GROUP                    node1→*
6904  L=7849  [node1 ] SEND     APP_GROUP                    node1→*
6905  L=7850  [node1 ] SEND     APP_GROUP                    node1→*
6906  L=7851  [node1 ] SEND     APP_GROUP                    node1→*
6907  L=7852  [node1 ] SEND     APP_GROUP                    node1→*
6908  L=7853  [node1 ] SEND     APP_GROUP                    node1→*
6909  L=7854  [node1 ] SEND     APP_GROUP                    node1→*
6910  L=7855  [node1 ] SEND     APP_GROUP                    node1→*
6911  L=7856  [node1 ] SEND     APP_GROUP                    node1→*
6912  L=7857  [node1 ] SEND     APP_GROUP                    node1→*
6913  L=7858  [node1 ] SEND     APP_GROUP                    node1→*
6914  L=7859  [node1 ] SEND     APP_GROUP                    node1→*
6915  L=7860  [node1 ] SEND     APP_GROUP                    node1→*
6916  L=7861  [node1 ] SEND     APP_GROUP                    node1→*
6917  L=7862  [node1 ] SEND     APP_GROUP                    node1→*
6918  L=7863  [node1 ] SEND     APP_GROUP                    node1→*
6919  L=7864  [node1 ] SEND     APP_GROUP                    node1→*
6920  L=7865  [node1 ] SEND     APP_GROUP                    node1→*
6921  L=7866  [node1 ] SEND     APP_GROUP                    node1→*
6922  L=7867  [node1 ] SEND     APP_GROUP                    node1→*
6923  L=7868  [node1 ] SEND     APP_GROUP                    node1→*
6924  L=7869  [node1 ] SEND     APP_GROUP                    node1→*
6925  L=7871  [node1 ] SEND     APP_GROUP                    node1→*
6926  L=7872  [node1 ] SEND     APP_GROUP                    node1→*
6927  L=7873  [node1 ] SEND     APP_GROUP                    node1→*
6928  L=7874  [node1 ] SEND     APP_CREATE_GROUP             node1→*
6929  L=7876  [node1 ] SEND     APP_GROUP                    node1→*
6930  L=7877  [node1 ] SEND     APP_GROUP                    node1→*
6931  L=7878  [node1 ] SEND     APP_GROUP                    node1→*
6932  L=7879  [node1 ] SEND     APP_GROUP                    node1→*
6933  L=7880  [node1 ] SEND     APP_GROUP                    node1→*
6934  L=7881  [node1 ] SEND     APP_CREATE_GROUP             node1→*
6935  L=7883  [node1 ] SEND     APP_GROUP                    node1→*
6936  L=7884  [node1 ] SEND     APP_GROUP                    node1→*
6937  L=7885  [node1 ] SEND     APP_GROUP                    node1→*
6938  L=7886  [node1 ] SEND     APP_GROUP                    node1→*
6939  L=7887  [node1 ] SEND     APP_GROUP                    node1→*
6940  L=7888  [node1 ] SEND     APP_GROUP                    node1→*
6941  L=7889  [node1 ] SEND     APP_CREATE_GROUP             node1→*
6942  L=7890  [node1 ] SEND     APP_GROUP                    node1→*
6943  L=7892  [node1 ] SEND     APP_CREATE_GROUP             node1→*
6944  L=7894  [node1 ] SEND     APP_GROUP                    node1→*
6945  L=7895  [node1 ] SEND     APP_GROUP                    node1→*
6946  L=7896  [node1 ] SEND     APP_GROUP                    node1→*
6947  L=7897  [node1 ] SEND     APP_GROUP                    node1→*
6948  L=7898  [node1 ] SEND     APP_GROUP                    node1→*
6949  L=7899  [node1 ] SEND     APP_GROUP                    node1→*
6950  L=7900  [node1 ] SEND     APP_GROUP                    node1→*
6951  L=7901  [node1 ] SEND     APP_GROUP                    node1→*
6952  L=7902  [node1 ] SEND     APP_GROUP                    node1→*
6953  L=7903  [node1 ] SEND     APP_CREATE_GROUP             node1→*
6954  L=7905  [node1 ] SEND     APP_GROUP                    node1→*
6955  L=7906  [node1 ] SEND     APP_GROUP                    node1→*
6956  L=7907  [node1 ] SEND     APP_GROUP                    node1→*
6957  L=7908  [node1 ] SEND     APP_GROUP                    node1→*
6958  L=7909  [node1 ] SEND     APP_GROUP                    node1→*
6959  L=7910  [node1 ] SEND     APP_GROUP                    node1→*
6960  L=7911  [node1 ] SEND     APP_GROUP                    node1→*
6961  L=7913  [node1 ] SEND     APP_GROUP                    node1→*
6962  L=7914  [node1 ] SEND     APP_GROUP                    node1→*
6963  L=7915  [node1 ] SEND     APP_CREATE_GROUP             node1→*
6964  L=7916  [node1 ] SEND     APP_CREATE_GROUP             node1→*
6965  L=7918  [node1 ] SEND     APP_GROUP                    node1→*
6966  L=7919  [node1 ] SEND     APP_GROUP                    node1→*
6967  L=7920  [node1 ] SEND     APP_CREATE_GROUP             node1→*
6968  L=7922  [node1 ] SEND     APP_GROUP                    node1→*
6969  L=7923  [node1 ] SEND     APP_GROUP                    node1→*
6970  L=7924  [node1 ] SEND     APP_GROUP                    node1→*
6971  L=7925  [node1 ] SEND     APP_GROUP                    node1→*
6972  L=7926  [node1 ] SEND     APP_GROUP                    node1→*
6973  L=7927  [node1 ] SEND     APP_GROUP                    node1→*
6974  L=7928  [node1 ] SEND     APP_CREATE_GROUP             node1→*
6975  L=7930  [node1 ] SEND     APP_GROUP                    node1→*
6976  L=7931  [node1 ] SEND     APP_GROUP                    node1→*
6977  L=7932  [node1 ] SEND     APP_GROUP                    node1→*
6978  L=7933  [node1 ] SEND     APP_CREATE_GROUP             node1→*
6979  L=7935  [node1 ] SEND     APP_GROUP                    node1→*
6980  L=7936  [node1 ] SEND     APP_GROUP                    node1→*
6981  L=7937  [node1 ] SEND     APP_GROUP                    node1→*
6982  L=7938  [node1 ] SEND     APP_GROUP                    node1→*
6983  L=7939  [node1 ] SEND     APP_GROUP                    node1→*
6984  L=7940  [node1 ] SEND     APP_GROUP                    node1→*
6985  L=7941  [node1 ] SEND     APP_GROUP                    node1→*
6986  L=7942  [node1 ] SEND     APP_GROUP                    node1→*
6987  L=7943  [node1 ] SEND     APP_GROUP                    node1→*
6988  L=7944  [node1 ] SEND     APP_GROUP                    node1→*
6989  L=7945  [node1 ] SEND     APP_CREATE_GROUP             node1→*
6990  L=7946  [node1 ] SEND     APP_GROUP                    node1→*
6991  L=7947  [node1 ] SEND     APP_GROUP                    node1→*
6992  L=7948  [node1 ] SEND     APP_GROUP                    node1→*
6993  L=7949  [node1 ] SEND     APP_GROUP                    node1→*
6994  L=7951  [node1 ] SEND     APP_GROUP                    node1→*
6995  L=7952  [node1 ] SEND     APP_GROUP                    node1→*
6996  L=7953  [node1 ] SEND     APP_GROUP                    node1→*
6997  L=7954  [node1 ] SEND     APP_GROUP                    node1→*
6998  L=7955  [node1 ] SEND     APP_GROUP                    node1→*
6999  L=7956  [node1 ] SEND     APP_GROUP                    node1→*
7000  L=7957  [node1 ] SEND     APP_GROUP                    node1→*
7001  L=7959  [node1 ] SEND     APP_GROUP                    node1→*
7002  L=7960  [node1 ] SEND     APP_GROUP                    node1→*
7003  L=7961  [node1 ] SEND     APP_GROUP                    node1→*
7004  L=7962  [node1 ] SEND     APP_GROUP                    node1→*
7005  L=7963  [node1 ] SEND     APP_GROUP                    node1→*
7006  L=7964  [node1 ] SEND     APP_GROUP                    node1→*
7007  L=7965  [node1 ] SEND     APP_CREATE_GROUP             node1→*
7008  L=7967  [node1 ] SEND     APP_GROUP                    node1→*
7009  L=7968  [node1 ] SEND     APP_GROUP                    node1→*
7010  L=7970  [node1 ] SEND     APP_CREATE_GROUP             node1→*
7011  L=7971  [node1 ] SEND     APP_GROUP                    node1→*
7012  L=7972  [node1 ] SEND     APP_GROUP                    node1→*
7013  L=7973  [node1 ] SEND     APP_GROUP                    node1→*
7014  L=7974  [node1 ] SEND     APP_GROUP                    node1→*
7015  L=7975  [node1 ] SEND     APP_GROUP                    node1→*
7016  L=7976  [node1 ] SEND     APP_CREATE_GROUP             node1→*
7017  L=7977  [node1 ] SEND     APP_CREATE_GROUP             node1→*
7019  L=7978  [node1 ] SEND     APP_GROUP                    node1→*
7018  L=7979  [node1 ] SEND     APP_GROUP                    node1→*
7020  L=7980  [node1 ] SEND     APP_GROUP                    node1→*
7021  L=7981  [node1 ] SEND     APP_GROUP                    node1→*
7022  L=7982  [node1 ] SEND     APP_GROUP                    node1→*
7023  L=7984  [node1 ] SEND     APP_CREATE_GROUP             node1→*
7024  L=7985  [node1 ] SEND     APP_GROUP                    node1→*
7025  L=7986  [node1 ] SEND     APP_GROUP                    node1→*
7026  L=7987  [node1 ] SEND     APP_GROUP                    node1→*
7027  L=7988  [node1 ] SEND     APP_GROUP                    node1→*
7028  L=7989  [node1 ] SEND     APP_GROUP                    node1→*
7029  L=7990  [node1 ] SEND     APP_GROUP                    node1→*
7030  L=7991  [node1 ] SEND     APP_GROUP                    node1→*
7031  L=7992  [node1 ] SEND     APP_GROUP                    node1→*
7032  L=7994  [node1 ] SEND     APP_CREATE_GROUP             node1→*
7033  L=7995  [node1 ] SEND     APP_GROUP                    node1→*
7034  L=7996  [node1 ] SEND     APP_GROUP                    node1→*
7035  L=7997  [node1 ] SEND     APP_GROUP                    node1→*
7036  L=7998  [node1 ] SEND     APP_GROUP                    node1→*
7038  L=8000  [node1 ] SEND     APP_GROUP                    node1→*
7037  L=8001  [node1 ] SEND     APP_GROUP                    node1→*
7039  L=8002  [node1 ] SEND     APP_GROUP                    node1→*
7040  L=8003  [node1 ] SEND     APP_GROUP                    node1→*
7041  L=8004  [node1 ] SEND     APP_GROUP                    node1→*
7042  L=8005  [node1 ] SEND     APP_CREATE_GROUP             node1→*
7043  L=8007  [node1 ] SEND     APP_GROUP                    node1→*
7044  L=8008  [node1 ] SEND     APP_GROUP                    node1→*
7045  L=8009  [node1 ] SEND     APP_GROUP                    node1→*
7046  L=8010  [node1 ] SEND     APP_GROUP                    node1→*
7047  L=8011  [node1 ] SEND     APP_GROUP                    node1→*
7048  L=8012  [node1 ] SEND     APP_GROUP                    node1→*
7049  L=8013  [node1 ] SEND     APP_GROUP                    node1→*
7050  L=8014  [node1 ] SEND     APP_GROUP                    node1→*
7051  L=8015  [node1 ] SEND     APP_CREATE_GROUP             node1→*
7052  L=8017  [node1 ] SEND     APP_CREATE_GROUP             node1→*
7053  L=8019  [node1 ] SEND     APP_CREATE_GROUP             node1→*
7054  L=8021  [node1 ] SEND     APP_GROUP                    node1→*
7055  L=8022  [node1 ] SEND     APP_GROUP                    node1→*
7056  L=8023  [node1 ] SEND     APP_GROUP                    node1→*
7057  L=8024  [node1 ] SEND     APP_CREATE_GROUP             node1→*
7058  L=8025  [node1 ] SEND     APP_GROUP                    node1→*
7059  L=8026  [node1 ] SEND     APP_GROUP                    node1→*
7060  L=8027  [node1 ] SEND     APP_GROUP                    node1→*
7061  L=8028  [node1 ] SEND     APP_GROUP                    node1→*
7062  L=8029  [node1 ] SEND     APP_GROUP                    node1→*
7063  L=8030  [node1 ] SEND     APP_GROUP                    node1→*
7064  L=8032  [node1 ] SEND     APP_CREATE_GROUP             node1→*
7065  L=8033  [node1 ] SEND     APP_GROUP                    node1→*
7066  L=8034  [node1 ] SEND     APP_GROUP                    node1→*
7067  L=8035  [node1 ] SEND     APP_GROUP                    node1→*
7068  L=8037  [node1 ] SEND     APP_GROUP                    node1→*
7069  L=8038  [node1 ] SEND     APP_GROUP                    node1→*
7070  L=8039  [node1 ] SEND     APP_GROUP                    node1→*
7071  L=8040  [node1 ] SEND     APP_GROUP                    node1→*
7072  L=8041  [node1 ] SEND     APP_GROUP                    node1→*
7073  L=8042  [node1 ] SEND     APP_CREATE_GROUP             node1→*
7074  L=8044  [node1 ] SEND     APP_CREATE_GROUP             node1→*
7075  L=8046  [node1 ] SEND     APP_GROUP                    node1→*
7076  L=8047  [node1 ] SEND     APP_GROUP                    node1→*
7077  L=8048  [node1 ] SEND     APP_GROUP                    node1→*
7078  L=8049  [node1 ] SEND     APP_GROUP                    node1→*
7079  L=8050  [node1 ] SEND     APP_GROUP                    node1→*
7080  L=8051  [node1 ] SEND     APP_GROUP                    node1→*
7081  L=8052  [node1 ] SEND     APP_CREATE_GROUP             node1→*
7082  L=8053  [node1 ] SEND     APP_GROUP                    node1→*
7083  L=8054  [node1 ] SEND     APP_GROUP                    node1→*
7084  L=8055  [node1 ] SEND     APP_GROUP                    node1→*
7085  L=8056  [node1 ] SEND     APP_GROUP                    node1→*
7086  L=8058  [node1 ] SEND     APP_GROUP                    node1→*
7087  L=8059  [node1 ] SEND     APP_GROUP                    node1→*
7088  L=8060  [node1 ] SEND     APP_GROUP                    node1→*
7089  L=8061  [node1 ] SEND     APP_GROUP                    node1→*
7090  L=8062  [node1 ] SEND     APP_GROUP                    node1→*
7091  L=8063  [node1 ] SEND     APP_GROUP                    node1→*
7092  L=8064  [node1 ] SEND     APP_GROUP                    node1→*
7093  L=8065  [node1 ] SEND     APP_GROUP                    node1→*
7094  L=8066  [node1 ] SEND     APP_GROUP                    node1→*
7095  L=8068  [node1 ] SEND     APP_CREATE_GROUP             node1→*
7096  L=8069  [node1 ] SEND     APP_GROUP                    node1→*
7097  L=8070  [node1 ] SEND     APP_GROUP                    node1→*
7098  L=8071  [node1 ] SEND     APP_GROUP                    node1→*
7099  L=8072  [node1 ] SEND     APP_GROUP                    node1→*
7100  L=8073  [node1 ] SEND     APP_GROUP                    node1→*
7101  L=8075  [node1 ] SEND     APP_CREATE_GROUP             node1→*
7102  L=8077  [node1 ] SEND     APP_CREATE_GROUP             node1→*
7103  L=8079  [node1 ] SEND     APP_GROUP                    node1→*
7104  L=8080  [node1 ] SEND     APP_GROUP                    node1→*
7105  L=8081  [node1 ] SEND     APP_GROUP                    node1→*
7106  L=8082  [node1 ] SEND     APP_GROUP                    node1→*
7107  L=8083  [node1 ] SEND     APP_GROUP                    node1→*
7108  L=8084  [node1 ] SEND     APP_GROUP                    node1→*
7109  L=8085  [node1 ] SEND     APP_GROUP                    node1→*
7110  L=8086  [node1 ] SEND     APP_GROUP                    node1→*
7111  L=8087  [node1 ] SEND     APP_GROUP                    node1→*
7112  L=8088  [node1 ] SEND     APP_GROUP                    node1→*
7113  L=8090  [node1 ] SEND     APP_CREATE_GROUP             node1→*
7114  L=8091  [node1 ] SEND     APP_CREATE_GROUP             node1→*
7115  L=8092  [node1 ] SEND     APP_GROUP                    node1→*
7116  L=8093  [node1 ] SEND     APP_GROUP                    node1→*
7117  L=8094  [node1 ] SEND     APP_GROUP                    node1→*
7118  L=8095  [node1 ] SEND     APP_GROUP                    node1→*
7119  L=8096  [node1 ] SEND     APP_GROUP                    node1→*
7120  L=8097  [node1 ] SEND     APP_GROUP                    node1→*
7121  L=8098  [node1 ] SEND     APP_CREATE_GROUP             node1→*
7122  L=8099  [node1 ] SEND     APP_GROUP                    node1→*
7123  L=8100  [node1 ] SEND     APP_GROUP                    node1→*
7124  L=8101  [node1 ] SEND     APP_GROUP                    node1→*
7125  L=8102  [node1 ] SEND     APP_GROUP                    node1→*
7126  L=8103  [node1 ] SEND     APP_GROUP                    node1→*
7127  L=8104  [node1 ] SEND     APP_GROUP                    node1→*
7128  L=8106  [node1 ] SEND     APP_GROUP                    node1→*
7129  L=8107  [node1 ] SEND     APP_GROUP                    node1→*
7130  L=8108  [node1 ] SEND     APP_GROUP                    node1→*
7131  L=8109  [node1 ] SEND     APP_GROUP                    node1→*
7132  L=8110  [node1 ] SEND     APP_GROUP                    node1→*
7133  L=8111  [node1 ] SEND     APP_CREATE_GROUP             node1→*
7134  L=8113  [node1 ] SEND     APP_GROUP                    node1→*
7135  L=8114  [node1 ] SEND     APP_GROUP                    node1→*
7136  L=8115  [node1 ] SEND     APP_GROUP                    node1→*
7137  L=8116  [node1 ] SEND     APP_GROUP                    node1→*
7138  L=8117  [node1 ] SEND     APP_GROUP                    node1→*
7139  L=8118  [node1 ] SEND     APP_GROUP                    node1→*
7140  L=8119  [node1 ] SEND     APP_CREATE_GROUP             node1→*
7141  L=8121  [node1 ] SEND     APP_GROUP                    node1→*
7142  L=8122  [node1 ] SEND     APP_GROUP                    node1→*
7143  L=8123  [node1 ] SEND     APP_GROUP                    node1→*
7144  L=8124  [node1 ] SEND     APP_GROUP                    node1→*
7145  L=8125  [node1 ] SEND     APP_GROUP                    node1→*
7146  L=8126  [node1 ] SEND     APP_CREATE_GROUP             node1→*
7147  L=8128  [node1 ] SEND     APP_GROUP                    node1→*
7148  L=8129  [node1 ] SEND     APP_GROUP                    node1→*
7149  L=8130  [node1 ] SEND     APP_GROUP                    node1→*
7150  L=8131  [node1 ] SEND     APP_GROUP                    node1→*
7151  L=8132  [node1 ] SEND     APP_GROUP                    node1→*
7152  L=8133  [node1 ] SEND     APP_GROUP                    node1→*
7153  L=8134  [node1 ] SEND     APP_GROUP                    node1→*
7154  L=8135  [node1 ] SEND     APP_CREATE_GROUP             node1→*
7155  L=8136  [node1 ] SEND     APP_GROUP                    node1→*
7156  L=8137  [node1 ] SEND     APP_GROUP                    node1→*
7157  L=8138  [node1 ] SEND     APP_GROUP                    node1→*
7158  L=8139  [node1 ] SEND     APP_GROUP                    node1→*
7159  L=8141  [node1 ] SEND     APP_CREATE_GROUP             node1→*
7160  L=8142  [node1 ] SEND     APP_GROUP                    node1→*
7161  L=8143  [node1 ] SEND     APP_GROUP                    node1→*
7162  L=8144  [node1 ] SEND     APP_GROUP                    node1→*
7163  L=8145  [node1 ] SEND     APP_GROUP                    node1→*
7164  L=8147  [node1 ] SEND     APP_CREATE_GROUP             node1→*
7165  L=8149  [node1 ] SEND     APP_GROUP                    node1→*
7166  L=8150  [node1 ] SEND     APP_GROUP                    node1→*
7167  L=8151  [node1 ] SEND     APP_GROUP                    node1→*
7168  L=8152  [node1 ] SEND     APP_GROUP                    node1→*
7169  L=8153  [node1 ] SEND     APP_CREATE_GROUP             node1→*
7170  L=8155  [node1 ] SEND     APP_GROUP                    node1→*
7171  L=8156  [node1 ] SEND     APP_GROUP                    node1→*
7172  L=8157  [node1 ] SEND     APP_GROUP                    node1→*
7173  L=8158  [node1 ] SEND     APP_GROUP                    node1→*
7174  L=8159  [node1 ] SEND     APP_CREATE_GROUP             node1→*
7175  L=8160  [node1 ] SEND     APP_GROUP                    node1→*
7176  L=8161  [node1 ] SEND     APP_GROUP                    node1→*
7177  L=8162  [node1 ] SEND     APP_GROUP                    node1→*
7178  L=8163  [node1 ] SEND     APP_GROUP                    node1→*
7179  L=8164  [node1 ] SEND     APP_GROUP                    node1→*
7180  L=8165  [node1 ] SEND     APP_GROUP                    node1→*
7181  L=8166  [node1 ] SEND     APP_GROUP                    node1→*
7182  L=8167  [node1 ] SEND     APP_GROUP                    node1→*
7183  L=8168  [node1 ] SEND     APP_GROUP                    node1→*
7184  L=8169  [node1 ] SEND     APP_GROUP                    node1→*
7185  L=8170  [node1 ] SEND     APP_GROUP                    node1→*
7186  L=8171  [node1 ] SEND     APP_GROUP                    node1→*
7187  L=8172  [node1 ] SEND     APP_GROUP                    node1→*
7188  L=8173  [node1 ] SEND     APP_GROUP                    node1→*
7189  L=8174  [node1 ] SEND     APP_GROUP                    node1→*
7190  L=8175  [node1 ] SEND     APP_GROUP                    node1→*
7191  L=8176  [node1 ] SEND     APP_GROUP                    node1→*
7192  L=8177  [node1 ] SEND     APP_GROUP                    node1→*
7193  L=8178  [node1 ] SEND     APP_GROUP                    node1→*
7194  L=8179  [node1 ] SEND     APP_GROUP                    node1→*
7195  L=8181  [node1 ] SEND     APP_GROUP                    node1→*
7196  L=8182  [node1 ] SEND     APP_GROUP                    node1→*
7197  L=8183  [node1 ] SEND     APP_GROUP                    node1→*
7198  L=8184  [node1 ] SEND     APP_GROUP                    node1→*
7199  L=8185  [node1 ] SEND     APP_CREATE_GROUP             node1→*
7200  L=8187  [node1 ] SEND     APP_CREATE_GROUP             node1→*
7201  L=8189  [node1 ] SEND     APP_GROUP                    node1→*
7202  L=8190  [node1 ] SEND     APP_GROUP                    node1→*
7203  L=8191  [node1 ] SEND     APP_GROUP                    node1→*
7204  L=8192  [node1 ] SEND     APP_GROUP                    node1→*
7205  L=8193  [node1 ] SEND     APP_GROUP                    node1→*
7206  L=8194  [node1 ] SEND     APP_CREATE_GROUP             node1→*
7207  L=8196  [node1 ] SEND     APP_GROUP                    node1→*
7208  L=8197  [node1 ] SEND     APP_GROUP                    node1→*
7209  L=8198  [node1 ] SEND     APP_GROUP                    node1→*
7210  L=8199  [node1 ] SEND     APP_CREATE_GROUP             node1→*
7211  L=8200  [node1 ] SEND     APP_GROUP                    node1→*
7212  L=8202  [node1 ] SEND     APP_GROUP                    node1→*
7213  L=8203  [node1 ] SEND     APP_GROUP                    node1→*
7214  L=8204  [node1 ] SEND     APP_GROUP                    node1→*
7215  L=8205  [node1 ] SEND     APP_GROUP                    node1→*
7216  L=8206  [node1 ] SEND     APP_GROUP                    node1→*
7217  L=8207  [node1 ] SEND     APP_GROUP                    node1→*
7218  L=8208  [node1 ] SEND     APP_CREATE_GROUP             node1→*
7219  L=8209  [node1 ] SEND     APP_GROUP                    node1→*
7220  L=8210  [node1 ] SEND     APP_GROUP                    node1→*
7221  L=8211  [node1 ] SEND     APP_GROUP                    node1→*
7222  L=8212  [node1 ] SEND     APP_GROUP                    node1→*
7223  L=8213  [node1 ] SEND     APP_GROUP                    node1→*
7224  L=8214  [node1 ] SEND     APP_GROUP                    node1→*
7225  L=8216  [node1 ] SEND     APP_GROUP                    node1→*
7226  L=8217  [node1 ] SEND     APP_GROUP                    node1→*
7227  L=8218  [node1 ] SEND     APP_GROUP                    node1→*
7228  L=8219  [node1 ] SEND     APP_GROUP                    node1→*
7229  L=8220  [node1 ] SEND     APP_GROUP                    node1→*
7230  L=8221  [node1 ] SEND     APP_GROUP                    node1→*
7231  L=8222  [node1 ] SEND     APP_GROUP                    node1→*
7232  L=8223  [node1 ] SEND     APP_GROUP                    node1→*
7233  L=8224  [node1 ] SEND     APP_GROUP                    node1→*
7234  L=8225  [node1 ] SEND     APP_GROUP                    node1→*
7235  L=8226  [node1 ] SEND     APP_GROUP                    node1→*
7236  L=8228  [node1 ] SEND     APP_CREATE_GROUP             node1→*
7237  L=8230  [node1 ] SEND     APP_GROUP                    node1→*
7238  L=8231  [node1 ] SEND     APP_GROUP                    node1→*
7239  L=8232  [node1 ] SEND     APP_GROUP                    node1→*
7240  L=8233  [node1 ] SEND     APP_GROUP                    node1→*
7241  L=8234  [node1 ] SEND     APP_GROUP                    node1→*
7242  L=8235  [node1 ] SEND     APP_CREATE_GROUP             node1→*
7243  L=8237  [node1 ] SEND     APP_GROUP                    node1→*
7244  L=8238  [node1 ] SEND     APP_GROUP                    node1→*
7245  L=8239  [node1 ] SEND     APP_GROUP                    node1→*
7246  L=8240  [node1 ] SEND     APP_GROUP                    node1→*
7247  L=8241  [node1 ] SEND     APP_GROUP                    node1→*
7248  L=8242  [node1 ] SEND     APP_GROUP                    node1→*
7249  L=8243  [node1 ] SEND     APP_GROUP                    node1→*
7250  L=8244  [node1 ] SEND     APP_GROUP                    node1→*
7251  L=8245  [node1 ] SEND     APP_GROUP                    node1→*
7252  L=8246  [node1 ] SEND     APP_GROUP                    node1→*
7253  L=8247  [node1 ] SEND     APP_CREATE_GROUP             node1→*
7254  L=8249  [node1 ] SEND     APP_CREATE_GROUP             node1→*
7255  L=8251  [node1 ] SEND     APP_GROUP                    node1→*
7256  L=8252  [node1 ] SEND     APP_GROUP                    node1→*
7257  L=8253  [node1 ] SEND     APP_GROUP                    node1→*
7258  L=8254  [node1 ] SEND     APP_GROUP                    node1→*
7259  L=8255  [node1 ] SEND     APP_GROUP                    node1→*
7260  L=8256  [node1 ] SEND     APP_CREATE_GROUP             node1→*
7261  L=8258  [node1 ] SEND     APP_CREATE_GROUP             node1→*
7262  L=8259  [node1 ] SEND     APP_CREATE_GROUP             node1→*
7263  L=8260  [node1 ] SEND     APP_GROUP                    node1→*
7264  L=8261  [node1 ] SEND     APP_GROUP                    node1→*
7265  L=8262  [node1 ] SEND     APP_GROUP                    node1→*
7266  L=8264  [node1 ] SEND     APP_GROUP                    node1→*
7267  L=8265  [node1 ] SEND     APP_GROUP                    node1→*
7268  L=8266  [node1 ] SEND     APP_GROUP                    node1→*
7269  L=8267  [node1 ] SEND     APP_GROUP                    node1→*
7270  L=8268  [node1 ] SEND     APP_GROUP                    node1→*
7271  L=8269  [node1 ] SEND     APP_GROUP                    node1→*
7272  L=8270  [node1 ] SEND     APP_CREATE_GROUP             node1→*
7273  L=8271  [node1 ] SEND     APP_GROUP                    node1→*
7274  L=8273  [node1 ] SEND     APP_GROUP                    node1→*
7275  L=8274  [node1 ] SEND     APP_GROUP                    node1→*
7276  L=8275  [node1 ] SEND     APP_GROUP                    node1→*
7277  L=8276  [node1 ] SEND     APP_GROUP                    node1→*
7278  L=8277  [node1 ] SEND     APP_GROUP                    node1→*
7279  L=8278  [node1 ] SEND     APP_GROUP                    node1→*
7280  L=8279  [node1 ] SEND     APP_CREATE_GROUP             node1→*
7281  L=8281  [node1 ] SEND     APP_CREATE_GROUP             node1→*
7282  L=8283  [node1 ] SEND     APP_GROUP                    node1→*
7283  L=8284  [node1 ] SEND     APP_GROUP                    node1→*
7284  L=8285  [node1 ] SEND     APP_GROUP                    node1→*
7285  L=8286  [node1 ] SEND     APP_GROUP                    node1→*
7286  L=8288  [node1 ] SEND     APP_GROUP                    node1→*
7287  L=8289  [node1 ] SEND     APP_GROUP                    node1→*
7288  L=8290  [node1 ] SEND     APP_GROUP                    node1→*
7289  L=8291  [node1 ] SEND     APP_GROUP                    node1→*
7290  L=8292  [node1 ] SEND     APP_GROUP                    node1→*
7291  L=8293  [node1 ] SEND     APP_GROUP                    node1→*
7292  L=8295  [node1 ] SEND     APP_CREATE_GROUP             node1→*
7293  L=8297  [node1 ] SEND     APP_CREATE_GROUP             node1→*
7294  L=8298  [node1 ] SEND     APP_CREATE_GROUP             node1→*
7295  L=8299  [node1 ] SEND     APP_GROUP                    node1→*
7296  L=8300  [node1 ] SEND     APP_GROUP                    node1→*
7297  L=8301  [node1 ] SEND     APP_GROUP                    node1→*
7298  L=8302  [node1 ] SEND     APP_GROUP                    node1→*
7299  L=8303  [node1 ] SEND     APP_GROUP                    node1→*
7300  L=8304  [node1 ] SEND     APP_GROUP                    node1→*
7301  L=8305  [node1 ] SEND     APP_CREATE_GROUP             node1→*
7302  L=8307  [node1 ] SEND     APP_GROUP                    node1→*
7303  L=8308  [node1 ] SEND     APP_GROUP                    node1→*
7304  L=8310  [node1 ] SEND     APP_CREATE_GROUP             node1→*
7305  L=8311  [node1 ] SEND     APP_GROUP                    node1→*
7306  L=8312  [node1 ] SEND     APP_GROUP                    node1→*
7307  L=8313  [node1 ] SEND     APP_GROUP                    node1→*
7308  L=8314  [node1 ] SEND     APP_GROUP                    node1→*
7309  L=8315  [node1 ] SEND     APP_CREATE_GROUP             node1→*
7310  L=8317  [node1 ] SEND     APP_GROUP                    node1→*
7311  L=8318  [node1 ] SEND     APP_GROUP                    node1→*
7312  L=8319  [node1 ] SEND     APP_GROUP                    node1→*
7313  L=8320  [node1 ] SEND     APP_GROUP                    node1→*
7314  L=8321  [node1 ] SEND     APP_GROUP                    node1→*
7315  L=8322  [node1 ] SEND     APP_GROUP                    node1→*
7316  L=8323  [node1 ] SEND     APP_CREATE_GROUP             node1→*
7317  L=8325  [node1 ] SEND     APP_GROUP                    node1→*
7318  L=8326  [node1 ] SEND     APP_GROUP                    node1→*
7319  L=8327  [node1 ] SEND     APP_GROUP                    node1→*
7320  L=8328  [node1 ] SEND     APP_GROUP                    node1→*
7321  L=8329  [node1 ] SEND     APP_GROUP                    node1→*
7322  L=8330  [node1 ] SEND     APP_GROUP                    node1→*
7323  L=8331  [node1 ] SEND     APP_CREATE_GROUP             node1→*
7324  L=8333  [node1 ] SEND     APP_CREATE_GROUP             node1→*
7325  L=8335  [node1 ] SEND     APP_CREATE_GROUP             node1→*
7326  L=8337  [node1 ] SEND     APP_GROUP                    node1→*
7327  L=8338  [node1 ] SEND     APP_GROUP                    node1→*
7328  L=8339  [node1 ] SEND     APP_GROUP                    node1→*
7329  L=8340  [node1 ] SEND     APP_GROUP                    node1→*
7330  L=8341  [node1 ] SEND     APP_GROUP                    node1→*
7331  L=8342  [node1 ] SEND     APP_GROUP                    node1→*
7332  L=8343  [node1 ] SEND     APP_CREATE_GROUP             node1→*
7333  L=8345  [node1 ] SEND     APP_CREATE_GROUP             node1→*
7334  L=8347  [node1 ] SEND     APP_GROUP                    node1→*
7335  L=8348  [node1 ] SEND     APP_CREATE_GROUP             node1→*
7336  L=8350  [node1 ] SEND     APP_CREATE_GROUP             node1→*
7337  L=8351  [node1 ] SEND     APP_GROUP                    node1→*
7338  L=8352  [node1 ] SEND     APP_GROUP                    node1→*
7339  L=8353  [node1 ] SEND     APP_GROUP                    node1→*
7340  L=8354  [node1 ] SEND     APP_GROUP                    node1→*
7341  L=8355  [node1 ] SEND     APP_GROUP                    node1→*
7342  L=8356  [node1 ] SEND     APP_GROUP                    node1→*
7343  L=8357  [node1 ] SEND     APP_GROUP                    node1→*
7344  L=8358  [node1 ] SEND     APP_GROUP                    node1→*
7345  L=8359  [node1 ] SEND     APP_GROUP                    node1→*
7346  L=8360  [node1 ] SEND     APP_GROUP                    node1→*
7347  L=8361  [node1 ] SEND     APP_GROUP                    node1→*
7348  L=8363  [node1 ] SEND     APP_CREATE_GROUP             node1→*
7349  L=8365  [node1 ] SEND     APP_CREATE_GROUP             node1→*
7350  L=8366  [node1 ] SEND     APP_GROUP                    node1→*
7351  L=8367  [node1 ] SEND     APP_GROUP                    node1→*
7352  L=8368  [node1 ] SEND     APP_GROUP                    node1→*
7353  L=8369  [node1 ] SEND     APP_GROUP                    node1→*
7354  L=8370  [node1 ] SEND     APP_GROUP                    node1→*
7355  L=8372  [node1 ] SEND     APP_CREATE_GROUP             node1→*
7356  L=8373  [node1 ] SEND     APP_GROUP                    node1→*
7357  L=8374  [node1 ] SEND     APP_GROUP                    node1→*
7358  L=8376  [node1 ] SEND     APP_CREATE_GROUP             node1→*
7359  L=8377  [node1 ] SEND     APP_GROUP                    node1→*
7360  L=8379  [node1 ] SEND     APP_CREATE_GROUP             node1→*
7361  L=8380  [node1 ] SEND     APP_GROUP                    node1→*
7362  L=8381  [node1 ] SEND     APP_GROUP                    node1→*
7363  L=8383  [node1 ] SEND     APP_CREATE_GROUP             node1→*
7364  L=8384  [node1 ] SEND     APP_GROUP                    node1→*
7365  L=8385  [node1 ] SEND     APP_GROUP                    node1→*
7366  L=8386  [node1 ] SEND     APP_GROUP                    node1→*
7367  L=8388  [node1 ] SEND     APP_CREATE_GROUP             node1→*
7368  L=8389  [node1 ] SEND     APP_GROUP                    node1→*
7369  L=8390  [node1 ] SEND     APP_GROUP                    node1→*
7370  L=8391  [node1 ] SEND     APP_GROUP                    node1→*
7371  L=8392  [node1 ] SEND     APP_GROUP                    node1→*
7372  L=8393  [node1 ] SEND     APP_GROUP                    node1→*
7373  L=8394  [node1 ] SEND     APP_GROUP                    node1→*
7374  L=8395  [node1 ] SEND     APP_GROUP                    node1→*
7375  L=8396  [node1 ] SEND     APP_GROUP                    node1→*
7376  L=8398  [node1 ] SEND     APP_GROUP                    node1→*
7377  L=8399  [node1 ] SEND     APP_GROUP                    node1→*
7378  L=8400  [node1 ] SEND     APP_GROUP                    node1→*
7379  L=8401  [node1 ] SEND     APP_GROUP                    node1→*
7380  L=8402  [node1 ] SEND     APP_CREATE_GROUP             node1→*
7381  L=8404  [node1 ] SEND     APP_GROUP                    node1→*
7382  L=8405  [node1 ] SEND     APP_GROUP                    node1→*
7383  L=8406  [node1 ] SEND     APP_CREATE_GROUP             node1→*
7384  L=8408  [node1 ] SEND     APP_GROUP                    node1→*
7385  L=8409  [node1 ] SEND     APP_GROUP                    node1→*
7386  L=8410  [node1 ] SEND     APP_CREATE_GROUP             node1→*
7387  L=8412  [node1 ] SEND     APP_GROUP                    node1→*
7388  L=8413  [node1 ] SEND     APP_GROUP                    node1→*
7389  L=8414  [node1 ] SEND     APP_GROUP                    node1→*
7390  L=8415  [node1 ] SEND     APP_CREATE_GROUP             node1→*
7391  L=8417  [node1 ] SEND     APP_GROUP                    node1→*
7392  L=8418  [node1 ] SEND     APP_GROUP                    node1→*
7393  L=8419  [node1 ] SEND     APP_GROUP                    node1→*
7394  L=8420  [node1 ] SEND     APP_GROUP                    node1→*
7395  L=8422  [node1 ] SEND     APP_CREATE_GROUP             node1→*
7396  L=8424  [node1 ] SEND     APP_GROUP                    node1→*
7397  L=8425  [node1 ] SEND     APP_GROUP                    node1→*
7398  L=8426  [node1 ] SEND     APP_GROUP                    node1→*
7399  L=8427  [node1 ] SEND     APP_GROUP                    node1→*
7400  L=8428  [node1 ] SEND     APP_GROUP                    node1→*
7401  L=8429  [node1 ] SEND     APP_CREATE_GROUP             node1→*
7402  L=8430  [node1 ] SEND     APP_GROUP                    node1→*
7403  L=8431  [node1 ] SEND     APP_GROUP                    node1→*
7404  L=8432  [node1 ] SEND     APP_GROUP                    node1→*
7405  L=8433  [node1 ] SEND     APP_GROUP                    node1→*
7406  L=8434  [node1 ] SEND     APP_GROUP                    node1→*
7407  L=8435  [node1 ] SEND     APP_CREATE_GROUP             node1→*
7408  L=8436  [node1 ] SEND     APP_GROUP                    node1→*
7409  L=8437  [node1 ] SEND     APP_GROUP                    node1→*
7410  L=8438  [node1 ] SEND     APP_GROUP                    node1→*
7411  L=8440  [node1 ] SEND     APP_GROUP                    node1→*
7412  L=8441  [node1 ] SEND     APP_GROUP                    node1→*
7413  L=8442  [node1 ] SEND     APP_GROUP                    node1→*
7414  L=8443  [node1 ] SEND     APP_GROUP                    node1→*
7415  L=8444  [node1 ] SEND     APP_GROUP                    node1→*
7416  L=8445  [node1 ] SEND     APP_GROUP                    node1→*
7417  L=8446  [node1 ] SEND     APP_GROUP                    node1→*
7418  L=8448  [node1 ] SEND     APP_GROUP                    node1→*
7419  L=8449  [node1 ] SEND     APP_GROUP                    node1→*
7420  L=8450  [node1 ] SEND     APP_GROUP                    node1→*
7421  L=8451  [node1 ] SEND     APP_GROUP                    node1→*
7422  L=8452  [node1 ] SEND     APP_CREATE_GROUP             node1→*
7423  L=8453  [node1 ] SEND     APP_GROUP                    node1→*
7424  L=8454  [node1 ] SEND     APP_GROUP                    node1→*
7425  L=8455  [node1 ] SEND     APP_GROUP                    node1→*
7426  L=8456  [node1 ] SEND     APP_GROUP                    node1→*
7427  L=8457  [node1 ] SEND     APP_CREATE_GROUP             node1→*
7428  L=8459  [node1 ] SEND     APP_GROUP                    node1→*
7429  L=8460  [node1 ] SEND     APP_GROUP                    node1→*
7430  L=8461  [node1 ] SEND     APP_GROUP                    node1→*
7431  L=8462  [node1 ] SEND     APP_GROUP                    node1→*
7432  L=8463  [node1 ] SEND     APP_CREATE_GROUP             node1→*
7433  L=8465  [node1 ] SEND     APP_GROUP                    node1→*
7434  L=8466  [node1 ] SEND     APP_GROUP                    node1→*
7435  L=8467  [node1 ] SEND     APP_GROUP                    node1→*
7436  L=8468  [node1 ] SEND     APP_GROUP                    node1→*
7437  L=8469  [node1 ] SEND     APP_GROUP                    node1→*
7438  L=8471  [node1 ] SEND     APP_CREATE_GROUP             node1→*
7439  L=8472  [node1 ] SEND     APP_CREATE_GROUP             node1→*
7440  L=8473  [node1 ] SEND     APP_GROUP                    node1→*
7441  L=8474  [node1 ] SEND     APP_GROUP                    node1→*
7442  L=8475  [node1 ] SEND     APP_GROUP                    node1→*
7443  L=8476  [node1 ] SEND     APP_GROUP                    node1→*
7444  L=8478  [node1 ] SEND     APP_GROUP                    node1→*
7445  L=8479  [node1 ] SEND     APP_GROUP                    node1→*
7446  L=8480  [node1 ] SEND     APP_GROUP                    node1→*
7448  L=8481  [node1 ] SEND     APP_CREATE_GROUP             node1→*
7447  L=8483  [node1 ] SEND     APP_CREATE_GROUP             node1→*
7449  L=8484  [node1 ] SEND     APP_GROUP                    node1→*
7450  L=8485  [node1 ] SEND     APP_GROUP                    node1→*
7451  L=8486  [node1 ] SEND     APP_GROUP                    node1→*
7452  L=8487  [node1 ] SEND     APP_GROUP                    node1→*
7453  L=8489  [node1 ] SEND     APP_CREATE_GROUP             node1→*
7454  L=8491  [node1 ] SEND     APP_GROUP                    node1→*
7455  L=8492  [node1 ] SEND     APP_GROUP                    node1→*
7456  L=8493  [node1 ] SEND     APP_GROUP                    node1→*
7457  L=8494  [node1 ] SEND     APP_GROUP                    node1→*
7458  L=8495  [node1 ] SEND     APP_CREATE_GROUP             node1→*
7459  L=8496  [node1 ] SEND     APP_GROUP                    node1→*
7460  L=8497  [node1 ] SEND     APP_GROUP                    node1→*
7461  L=8498  [node1 ] SEND     APP_GROUP                    node1→*
7462  L=8500  [node1 ] SEND     APP_GROUP                    node1→*
7463  L=8501  [node1 ] SEND     APP_GROUP                    node1→*
7464  L=8502  [node1 ] SEND     APP_GROUP                    node1→*
7465  L=8503  [node1 ] SEND     APP_GROUP                    node1→*
7466  L=8504  [node1 ] SEND     APP_GROUP                    node1→*
7467  L=8505  [node1 ] SEND     APP_GROUP                    node1→*
7468  L=8506  [node1 ] SEND     APP_GROUP                    node1→*
7469  L=8507  [node1 ] SEND     APP_GROUP                    node1→*
7470  L=8508  [node1 ] SEND     APP_GROUP                    node1→*
7471  L=8509  [node1 ] SEND     APP_CREATE_GROUP             node1→*
7472  L=8511  [node1 ] SEND     APP_CREATE_GROUP             node1→*
7473  L=8513  [node1 ] SEND     APP_GROUP                    node1→*
7474  L=8514  [node1 ] SEND     APP_GROUP                    node1→*
7475  L=8515  [node1 ] SEND     APP_GROUP                    node1→*
7476  L=8516  [node1 ] SEND     APP_GROUP                    node1→*
7477  L=8517  [node1 ] SEND     APP_GROUP                    node1→*
7478  L=8518  [node1 ] SEND     APP_GROUP                    node1→*
7479  L=8519  [node1 ] SEND     APP_GROUP                    node1→*
7480  L=8520  [node1 ] SEND     APP_CREATE_GROUP             node1→*
7481  L=8522  [node1 ] SEND     APP_GROUP                    node1→*
7482  L=8523  [node1 ] SEND     APP_GROUP                    node1→*
7483  L=8524  [node1 ] SEND     APP_GROUP                    node1→*
7484  L=8525  [node1 ] SEND     APP_GROUP                    node1→*
7485  L=8526  [node1 ] SEND     APP_GROUP                    node1→*
7486  L=8527  [node1 ] SEND     APP_GROUP                    node1→*
7487  L=8528  [node1 ] SEND     APP_GROUP                    node1→*
7488  L=8529  [node1 ] SEND     APP_CREATE_GROUP             node1→*
7489  L=8531  [node1 ] SEND     APP_GROUP                    node1→*
7490  L=8532  [node1 ] SEND     APP_GROUP                    node1→*
7491  L=8533  [node1 ] SEND     APP_GROUP                    node1→*
7492  L=8534  [node1 ] SEND     APP_GROUP                    node1→*
7493  L=8535  [node1 ] SEND     APP_GROUP                    node1→*
7494  L=8536  [node1 ] SEND     APP_GROUP                    node1→*
7495  L=8537  [node1 ] SEND     APP_GROUP                    node1→*
7496  L=8538  [node1 ] SEND     APP_GROUP                    node1→*
7497  L=8539  [node1 ] SEND     APP_CREATE_GROUP             node1→*
7498  L=8541  [node1 ] SEND     APP_CREATE_GROUP             node1→*
7499  L=8543  [node1 ] SEND     APP_GROUP                    node1→*
7500  L=8544  [node1 ] SEND     APP_GROUP                    node1→*
7501  L=8546  [node1 ] SEND     APP_GROUP                    node1→*
7502  L=8547  [node1 ] SEND     APP_GROUP                    node1→*
7503  L=8548  [node1 ] SEND     APP_GROUP                    node1→*
7504  L=8549  [node1 ] SEND     APP_GROUP                    node1→*
7505  L=8550  [node1 ] SEND     APP_CREATE_GROUP             node1→*
7506  L=8552  [node1 ] SEND     APP_GROUP                    node1→*
7507  L=8553  [node1 ] SEND     APP_GROUP                    node1→*
7508  L=8554  [node1 ] SEND     APP_GROUP                    node1→*
7509  L=8555  [node1 ] SEND     APP_GROUP                    node1→*
7510  L=8556  [node1 ] SEND     APP_GROUP                    node1→*
7511  L=8557  [node1 ] SEND     APP_GROUP                    node1→*
7512  L=8559  [node1 ] SEND     APP_CREATE_GROUP             node1→*
7513  L=8560  [node1 ] SEND     APP_GROUP                    node1→*
7514  L=8561  [node1 ] SEND     APP_GROUP                    node1→*
7515  L=8562  [node1 ] SEND     APP_GROUP                    node1→*
7516  L=8563  [node1 ] SEND     APP_GROUP                    node1→*
7517  L=8564  [node1 ] SEND     APP_CREATE_GROUP             node1→*
7518  L=8566  [node1 ] SEND     APP_GROUP                    node1→*
7519  L=8567  [node1 ] SEND     APP_GROUP                    node1→*
7520  L=8568  [node1 ] SEND     APP_GROUP                    node1→*
7521  L=8569  [node1 ] SEND     APP_GROUP                    node1→*
7522  L=8570  [node1 ] SEND     APP_GROUP                    node1→*
7523  L=8571  [node1 ] SEND     APP_GROUP                    node1→*
7524  L=8572  [node1 ] SEND     APP_CREATE_GROUP             node1→*
7525  L=8573  [node1 ] SEND     APP_GROUP                    node1→*
7526  L=8574  [node1 ] SEND     APP_GROUP                    node1→*
7527  L=8575  [node1 ] SEND     APP_CREATE_GROUP             node1→*
7528  L=8576  [node1 ] SEND     APP_GROUP                    node1→*
7529  L=8578  [node1 ] SEND     APP_CREATE_GROUP             node1→*
7530  L=8580  [node1 ] SEND     APP_CREATE_GROUP             node1→*
7531  L=8581  [node1 ] SEND     APP_GROUP                    node1→*
7532  L=8583  [node1 ] SEND     APP_GROUP                    node1→*
7533  L=8584  [node1 ] SEND     APP_GROUP                    node1→*
7534  L=8585  [node1 ] SEND     APP_GROUP                    node1→*
7535  L=8586  [node1 ] SEND     APP_GROUP                    node1→*
7536  L=8587  [node1 ] SEND     APP_GROUP                    node1→*
7537  L=8588  [node1 ] SEND     APP_GROUP                    node1→*
7538  L=8590  [node1 ] SEND     APP_GROUP                    node1→*
7539  L=8591  [node1 ] SEND     APP_GROUP                    node1→*
7540  L=8592  [node1 ] SEND     APP_GROUP                    node1→*
7541  L=8593  [node1 ] SEND     APP_GROUP                    node1→*
7542  L=8594  [node1 ] SEND     APP_GROUP                    node1→*
7543  L=8595  [node1 ] SEND     APP_GROUP                    node1→*
7544  L=8596  [node1 ] SEND     APP_CREATE_GROUP             node1→*
7545  L=8598  [node1 ] SEND     APP_GROUP                    node1→*
7546  L=8599  [node1 ] SEND     APP_CREATE_GROUP             node1→*
7547  L=8601  [node1 ] SEND     APP_CREATE_GROUP             node1→*
7548  L=8602  [node1 ] SEND     APP_GROUP                    node1→*
7549  L=8604  [node1 ] SEND     APP_GROUP                    node1→*
7550  L=8605  [node1 ] SEND     APP_GROUP                    node1→*
7551  L=8606  [node1 ] SEND     APP_GROUP                    node1→*
7552  L=8607  [node1 ] SEND     APP_GROUP                    node1→*
7553  L=8608  [node1 ] SEND     APP_GROUP                    node1→*
7554  L=8609  [node1 ] SEND     APP_CREATE_GROUP             node1→*
7555  L=8610  [node1 ] SEND     APP_GROUP                    node1→*
7556  L=8611  [node1 ] SEND     APP_GROUP                    node1→*
7557  L=8613  [node1 ] SEND     APP_GROUP                    node1→*
7558  L=8614  [node1 ] SEND     APP_GROUP                    node1→*
7559  L=8615  [node1 ] SEND     APP_GROUP                    node1→*
7560  L=8616  [node1 ] SEND     APP_GROUP                    node1→*
7561  L=8617  [node1 ] SEND     APP_GROUP                    node1→*
7562  L=8618  [node1 ] SEND     APP_GROUP                    node1→*
7563  L=8619  [node1 ] SEND     APP_GROUP                    node1→*
7564  L=8620  [node1 ] SEND     APP_GROUP                    node1→*
7565  L=8621  [node1 ] SEND     APP_GROUP                    node1→*
7566  L=8622  [node1 ] SEND     APP_GROUP                    node1→*
7567  L=8623  [node1 ] SEND     APP_CREATE_GROUP             node1→*
7568  L=8624  [node1 ] SEND     APP_GROUP                    node1→*
7569  L=8625  [node1 ] SEND     APP_GROUP                    node1→*
7570  L=8626  [node1 ] SEND     APP_CREATE_GROUP             node1→*
7571  L=8628  [node1 ] SEND     APP_GROUP                    node1→*
7572  L=8629  [node1 ] SEND     APP_CREATE_GROUP             node1→*
7573  L=8631  [node1 ] SEND     APP_GROUP                    node1→*
7574  L=8632  [node1 ] SEND     APP_GROUP                    node1→*
7575  L=8633  [node1 ] SEND     APP_GROUP                    node1→*
7576  L=8634  [node1 ] SEND     APP_GROUP                    node1→*
7577  L=8635  [node1 ] SEND     APP_GROUP                    node1→*
7578  L=8636  [node1 ] SEND     APP_GROUP                    node1→*
7579  L=8637  [node1 ] SEND     APP_CREATE_GROUP             node1→*
7580  L=8639  [node1 ] SEND     APP_GROUP                    node1→*
7581  L=8640  [node1 ] SEND     APP_GROUP                    node1→*
7582  L=8641  [node1 ] SEND     APP_GROUP                    node1→*
7583  L=8642  [node1 ] SEND     APP_CREATE_GROUP             node1→*
7584  L=8644  [node1 ] SEND     APP_CREATE_GROUP             node1→*
7585  L=8646  [node1 ] SEND     APP_GROUP                    node1→*
7586  L=8647  [node1 ] SEND     APP_GROUP                    node1→*
7587  L=8648  [node1 ] SEND     APP_GROUP                    node1→*
7588  L=8649  [node1 ] SEND     APP_GROUP                    node1→*
7589  L=8650  [node1 ] SEND     APP_GROUP                    node1→*
7590  L=8651  [node1 ] SEND     APP_GROUP                    node1→*
7591  L=8652  [node1 ] SEND     APP_GROUP                    node1→*
7592  L=8653  [node1 ] SEND     APP_GROUP                    node1→*
7593  L=8654  [node1 ] SEND     APP_GROUP                    node1→*
7594  L=8655  [node1 ] SEND     APP_GROUP                    node1→*
7595  L=8656  [node1 ] SEND     APP_GROUP                    node1→*
7596  L=8657  [node1 ] SEND     APP_CREATE_GROUP             node1→*
7597  L=8659  [node1 ] SEND     APP_GROUP                    node1→*
7598  L=8660  [node1 ] SEND     APP_GROUP                    node1→*
7599  L=8661  [node1 ] SEND     APP_GROUP                    node1→*
7600  L=8662  [node1 ] SEND     APP_GROUP                    node1→*
7601  L=8663  [node1 ] SEND     APP_GROUP                    node1→*
7602  L=8664  [node1 ] SEND     APP_GROUP                    node1→*
7603  L=8665  [node1 ] SEND     APP_CREATE_GROUP             node1→*
7604  L=8667  [node1 ] SEND     APP_GROUP                    node1→*
7605  L=8668  [node1 ] SEND     APP_GROUP                    node1→*
7606  L=8669  [node1 ] SEND     APP_CREATE_GROUP             node1→*
7607  L=8672  [node1 ] SEND     APP_CREATE_GROUP             node1→*
7608  L=8674  [node1 ] SEND     APP_CREATE_GROUP             node1→*
7609  L=8675  [node1 ] SEND     APP_GROUP                    node1→*
7610  L=8676  [node1 ] SEND     APP_GROUP                    node1→*
7611  L=8677  [node1 ] SEND     APP_GROUP                    node1→*
7612  L=8678  [node1 ] SEND     APP_GROUP                    node1→*
7613  L=8679  [node1 ] SEND     APP_CREATE_GROUP             node1→*
7614  L=8680  [node1 ] SEND     APP_GROUP                    node1→*
7615  L=8681  [node1 ] SEND     APP_GROUP                    node1→*
7616  L=8682  [node1 ] SEND     APP_GROUP                    node1→*
7617  L=8683  [node1 ] SEND     APP_GROUP                    node1→*
7618  L=8684  [node1 ] SEND     APP_GROUP                    node1→*
7621  L=8685  [node1 ] SEND     APP_GROUP                    node1→*
7620  L=8686  [node1 ] SEND     APP_GROUP                    node1→*
7619  L=8687  [node1 ] SEND     APP_GROUP                    node1→*
7622  L=8688  [node1 ] SEND     APP_GROUP                    node1→*
7623  L=8689  [node1 ] SEND     APP_GROUP                    node1→*
7624  L=8690  [node1 ] SEND     APP_GROUP                    node1→*
7625  L=8691  [node1 ] SEND     APP_GROUP                    node1→*
7626  L=8692  [node1 ] SEND     APP_GROUP                    node1→*
7627  L=8693  [node1 ] SEND     APP_GROUP                    node1→*
7628  L=8694  [node1 ] SEND     APP_GROUP                    node1→*
7629  L=8695  [node1 ] SEND     APP_GROUP                    node1→*
7630  L=8696  [node1 ] SEND     APP_GROUP                    node1→*
7631  L=8697  [node1 ] SEND     APP_GROUP                    node1→*
7632  L=8699  [node1 ] SEND     APP_GROUP                    node1→*
7633  L=8700  [node1 ] SEND     APP_GROUP                    node1→*
7634  L=8701  [node1 ] SEND     APP_CREATE_GROUP             node1→*
7635  L=8703  [node1 ] SEND     APP_GROUP                    node1→*
7636  L=8704  [node1 ] SEND     APP_GROUP                    node1→*
7637  L=8705  [node1 ] SEND     APP_GROUP                    node1→*
7638  L=8706  [node1 ] SEND     APP_GROUP                    node1→*
7639  L=8707  [node1 ] SEND     APP_CREATE_GROUP             node1→*
7640  L=8708  [node1 ] SEND     APP_GROUP                    node1→*
7641  L=8709  [node1 ] SEND     APP_GROUP                    node1→*
7642  L=8710  [node1 ] SEND     APP_GROUP                    node1→*
7643  L=8711  [node1 ] SEND     APP_GROUP                    node1→*
7645  L=8712  [node1 ] SEND     APP_GROUP                    node1→*
7644  L=8713  [node1 ] SEND     APP_GROUP                    node1→*
7646  L=8714  [node1 ] SEND     APP_GROUP                    node1→*
7647  L=8715  [node1 ] SEND     APP_GROUP                    node1→*
7648  L=8716  [node1 ] SEND     APP_GROUP                    node1→*
7649  L=8717  [node1 ] SEND     APP_GROUP                    node1→*
7650  L=8718  [node1 ] SEND     APP_GROUP                    node1→*
7651  L=8720  [node1 ] SEND     APP_GROUP                    node1→*
7652  L=8721  [node1 ] SEND     APP_GROUP                    node1→*
7653  L=8722  [node1 ] SEND     APP_GROUP                    node1→*
7654  L=8723  [node1 ] SEND     APP_GROUP                    node1→*
7655  L=8724  [node1 ] SEND     APP_CREATE_GROUP             node1→*
7656  L=8725  [node1 ] SEND     APP_GROUP                    node1→*
7657  L=8727  [node1 ] SEND     APP_GROUP                    node1→*
7658  L=8728  [node1 ] SEND     APP_GROUP                    node1→*
7659  L=8729  [node1 ] SEND     APP_GROUP                    node1→*
7660  L=8730  [node1 ] SEND     APP_GROUP                    node1→*
7661  L=8731  [node1 ] SEND     APP_CREATE_GROUP             node1→*
7662  L=8732  [node1 ] SEND     APP_GROUP                    node1→*
7663  L=8734  [node1 ] SEND     APP_GROUP                    node1→*
7664  L=8735  [node1 ] SEND     APP_GROUP                    node1→*
7665  L=8736  [node1 ] SEND     APP_GROUP                    node1→*
7666  L=8737  [node1 ] SEND     APP_GROUP                    node1→*
7667  L=8738  [node1 ] SEND     APP_GROUP                    node1→*
7668  L=8739  [node1 ] SEND     APP_GROUP                    node1→*
7669  L=8740  [node1 ] SEND     APP_CREATE_GROUP             node1→*
7670  L=8742  [node1 ] SEND     APP_GROUP                    node1→*
7671  L=8743  [node1 ] SEND     APP_GROUP                    node1→*
7672  L=8744  [node1 ] SEND     APP_GROUP                    node1→*
7673  L=8747  [node1 ] SEND     APP_GROUP                    node1→*
7674  L=8748  [node1 ] SEND     APP_GROUP                    node1→*
7675  L=8749  [node1 ] SEND     APP_GROUP                    node1→*
7676  L=8750  [node1 ] SEND     APP_GROUP                    node1→*
7677  L=8751  [node1 ] SEND     APP_GROUP                    node1→*
7678  L=8752  [node1 ] SEND     APP_CREATE_GROUP             node1→*
7679  L=8753  [node1 ] SEND     APP_CREATE_GROUP             node1→*
7680  L=8754  [node1 ] SEND     APP_GROUP                    node1→*
7681  L=8755  [node1 ] SEND     APP_GROUP                    node1→*
7682  L=8756  [node1 ] SEND     APP_GROUP                    node1→*
7683  L=8757  [node1 ] SEND     APP_GROUP                    node1→*
7684  L=8758  [node1 ] SEND     APP_CREATE_GROUP             node1→*
7685  L=8760  [node1 ] SEND     APP_CREATE_GROUP             node1→*
7686  L=8761  [node1 ] SEND     APP_GROUP                    node1→*
7687  L=8763  [node1 ] SEND     APP_CREATE_GROUP             node1→*
7688  L=8765  [node1 ] SEND     APP_GROUP                    node1→*
7689  L=8766  [node1 ] SEND     APP_GROUP                    node1→*
7690  L=8767  [node1 ] SEND     APP_GROUP                    node1→*
7691  L=8768  [node1 ] SEND     APP_GROUP                    node1→*
7692  L=8769  [node1 ] SEND     APP_GROUP                    node1→*
7693  L=8770  [node1 ] SEND     APP_GROUP                    node1→*
7694  L=8772  [node1 ] SEND     APP_GROUP                    node1→*
7695  L=8773  [node1 ] SEND     APP_GROUP                    node1→*
7696  L=8774  [node1 ] SEND     APP_CREATE_GROUP             node1→*
7697  L=8775  [node1 ] SEND     APP_CREATE_GROUP             node1→*
7698  L=8776  [node1 ] SEND     APP_GROUP                    node1→*
7699  L=8777  [node1 ] SEND     APP_GROUP                    node1→*
7700  L=8778  [node1 ] SEND     APP_GROUP                    node1→*
7701  L=8779  [node1 ] SEND     APP_GROUP                    node1→*
7702  L=8780  [node1 ] SEND     APP_GROUP                    node1→*
7703  L=8781  [node1 ] SEND     APP_GROUP                    node1→*
7704  L=8782  [node1 ] SEND     APP_GROUP                    node1→*
7705  L=8783  [node1 ] SEND     APP_GROUP                    node1→*
7706  L=8784  [node1 ] SEND     APP_GROUP                    node1→*
7707  L=8785  [node1 ] SEND     APP_GROUP                    node1→*
7708  L=8786  [node1 ] SEND     APP_GROUP                    node1→*
7709  L=8787  [node1 ] SEND     APP_GROUP                    node1→*
7710  L=8788  [node1 ] SEND     APP_GROUP                    node1→*
7711  L=8789  [node1 ] SEND     APP_GROUP                    node1→*
7712  L=8791  [node1 ] SEND     APP_GROUP                    node1→*
7713  L=8792  [node1 ] SEND     APP_CREATE_GROUP             node1→*
7714  L=8793  [node1 ] SEND     APP_GROUP                    node1→*
7716  L=8794  [node1 ] SEND     APP_GROUP                    node1→*
7715  L=8795  [node1 ] SEND     APP_GROUP                    node1→*
7717  L=8796  [node1 ] SEND     APP_GROUP                    node1→*
7718  L=8797  [node1 ] SEND     APP_GROUP                    node1→*
7719  L=8798  [node1 ] SEND     APP_GROUP                    node1→*
7720  L=8799  [node1 ] SEND     APP_GROUP                    node1→*
7721  L=8801  [node1 ] SEND     APP_GROUP                    node1→*
7722  L=8802  [node1 ] SEND     APP_GROUP                    node1→*
7723  L=8803  [node1 ] SEND     APP_GROUP                    node1→*
7724  L=8804  [node1 ] SEND     APP_CREATE_GROUP             node1→*
7725  L=8806  [node1 ] SEND     APP_GROUP                    node1→*
7726  L=8807  [node1 ] SEND     APP_GROUP                    node1→*
7727  L=8808  [node1 ] SEND     APP_GROUP                    node1→*
7728  L=8809  [node1 ] SEND     APP_CREATE_GROUP             node1→*
7729  L=8811  [node1 ] SEND     APP_GROUP                    node1→*
7730  L=8812  [node1 ] SEND     APP_GROUP                    node1→*
7731  L=8813  [node1 ] SEND     APP_GROUP                    node1→*
7732  L=8814  [node1 ] SEND     APP_GROUP                    node1→*
7733  L=8815  [node1 ] SEND     APP_CREATE_GROUP             node1→*
7734  L=8817  [node1 ] SEND     APP_CREATE_GROUP             node1→*
7735  L=8818  [node1 ] SEND     APP_GROUP                    node1→*
7736  L=8819  [node1 ] SEND     APP_GROUP                    node1→*
7737  L=8820  [node1 ] SEND     APP_GROUP                    node1→*
7738  L=8821  [node1 ] SEND     APP_GROUP                    node1→*
7739  L=8822  [node1 ] SEND     APP_GROUP                    node1→*
7740  L=8823  [node1 ] SEND     APP_GROUP                    node1→*
7741  L=8824  [node1 ] SEND     APP_GROUP                    node1→*
7742  L=8825  [node1 ] SEND     APP_GROUP                    node1→*
7743  L=8826  [node1 ] SEND     APP_GROUP                    node1→*
7744  L=8827  [node1 ] SEND     APP_GROUP                    node1→*
7745  L=8828  [node1 ] SEND     APP_GROUP                    node1→*
7746  L=8829  [node1 ] SEND     APP_GROUP                    node1→*
7747  L=8831  [node1 ] SEND     APP_GROUP                    node1→*
7748  L=8832  [node1 ] SEND     APP_GROUP                    node1→*
7749  L=8833  [node1 ] SEND     APP_GROUP                    node1→*
7750  L=8834  [node1 ] SEND     APP_GROUP                    node1→*
7751  L=8835  [node1 ] SEND     APP_CREATE_GROUP             node1→*
7752  L=8836  [node1 ] SEND     APP_GROUP                    node1→*
7753  L=8837  [node1 ] SEND     APP_GROUP                    node1→*
7754  L=8838  [node1 ] SEND     APP_GROUP                    node1→*
7755  L=8839  [node1 ] SEND     APP_GROUP                    node1→*
7756  L=8840  [node1 ] SEND     APP_GROUP                    node1→*
7757  L=8841  [node1 ] SEND     APP_GROUP                    node1→*
7758  L=8842  [node1 ] SEND     APP_GROUP                    node1→*
7759  L=8844  [node1 ] SEND     APP_GROUP                    node1→*
7760  L=8845  [node1 ] SEND     APP_GROUP                    node1→*
7761  L=8846  [node1 ] SEND     APP_GROUP                    node1→*
7762  L=8848  [node1 ] SEND     APP_CREATE_GROUP             node1→*
7763  L=8850  [node1 ] SEND     APP_CREATE_GROUP             node1→*
7764  L=8851  [node1 ] SEND     APP_CREATE_GROUP             node1→*
7765  L=8852  [node1 ] SEND     APP_GROUP                    node1→*
7766  L=8853  [node1 ] SEND     APP_GROUP                    node1→*
7767  L=8854  [node1 ] SEND     APP_GROUP                    node1→*
7768  L=8855  [node1 ] SEND     APP_GROUP                    node1→*
7769  L=8856  [node1 ] SEND     APP_GROUP                    node1→*
7770  L=8857  [node1 ] SEND     APP_GROUP                    node1→*
7771  L=8858  [node1 ] SEND     APP_GROUP                    node1→*
7772  L=8859  [node1 ] SEND     APP_GROUP                    node1→*
7773  L=8860  [node1 ] SEND     APP_GROUP                    node1→*
7774  L=8861  [node1 ] SEND     APP_GROUP                    node1→*
7775  L=8862  [node1 ] SEND     APP_GROUP                    node1→*
7776  L=8863  [node1 ] SEND     APP_GROUP                    node1→*
7777  L=8864  [node1 ] SEND     APP_GROUP                    node1→*
7778  L=8865  [node1 ] SEND     APP_GROUP                    node1→*
7779  L=8866  [node1 ] SEND     APP_GROUP                    node1→*
7780  L=8867  [node1 ] SEND     APP_GROUP                    node1→*
7781  L=8869  [node1 ] SEND     APP_GROUP                    node1→*
7782  L=8870  [node1 ] SEND     APP_GROUP                    node1→*
7783  L=8871  [node1 ] SEND     APP_GROUP                    node1→*
7784  L=8872  [node1 ] SEND     APP_GROUP                    node1→*
7785  L=8873  [node1 ] SEND     APP_GROUP                    node1→*
7786  L=8874  [node1 ] SEND     APP_GROUP                    node1→*
7787  L=8875  [node1 ] SEND     APP_GROUP                    node1→*
7788  L=8876  [node1 ] SEND     APP_GROUP                    node1→*
7789  L=8877  [node1 ] SEND     APP_GROUP                    node1→*
7790  L=8878  [node1 ] SEND     APP_CREATE_GROUP             node1→*
7791  L=8880  [node1 ] SEND     APP_GROUP                    node1→*
7792  L=8881  [node1 ] SEND     APP_GROUP                    node1→*
7793  L=8882  [node1 ] SEND     APP_GROUP                    node1→*
7794  L=8883  [node1 ] SEND     APP_GROUP                    node1→*
7795  L=8884  [node1 ] SEND     APP_CREATE_GROUP             node1→*
7796  L=8886  [node1 ] SEND     APP_GROUP                    node1→*
7797  L=8887  [node1 ] SEND     APP_GROUP                    node1→*
7798  L=8888  [node1 ] SEND     APP_CREATE_GROUP             node1→*
7799  L=8890  [node1 ] SEND     APP_GROUP                    node1→*
7800  L=8891  [node1 ] SEND     APP_GROUP                    node1→*
7801  L=8892  [node1 ] SEND     APP_CREATE_GROUP             node1→*
7802  L=8894  [node1 ] SEND     APP_CREATE_GROUP             node1→*
7803  L=8895  [node1 ] SEND     APP_GROUP                    node1→*
7804  L=8896  [node1 ] SEND     APP_GROUP                    node1→*
7805  L=8897  [node1 ] SEND     APP_GROUP                    node1→*
7806  L=8898  [node1 ] SEND     APP_GROUP                    node1→*
7807  L=8899  [node1 ] SEND     APP_GROUP                    node1→*
7808  L=8900  [node1 ] SEND     APP_GROUP                    node1→*
7809  L=8902  [node1 ] SEND     APP_GROUP                    node1→*
7810  L=8903  [node1 ] SEND     APP_GROUP                    node1→*
7811  L=8904  [node1 ] SEND     APP_GROUP                    node1→*
7812  L=8905  [node1 ] SEND     APP_GROUP                    node1→*
7813  L=8906  [node1 ] SEND     APP_GROUP                    node1→*
7814  L=8907  [node1 ] SEND     APP_GROUP                    node1→*
7815  L=8909  [node1 ] SEND     APP_CREATE_GROUP             node1→*
7816  L=8910  [node1 ] SEND     APP_CREATE_GROUP             node1→*
7817  L=8912  [node1 ] SEND     APP_GROUP                    node1→*
7818  L=8913  [node1 ] SEND     APP_GROUP                    node1→*
7819  L=8914  [node1 ] SEND     APP_GROUP                    node1→*
7820  L=8915  [node1 ] SEND     APP_GROUP                    node1→*
7821  L=8916  [node1 ] SEND     APP_GROUP                    node1→*
7822  L=8917  [node1 ] SEND     APP_GROUP                    node1→*
7823  L=8918  [node1 ] SEND     APP_GROUP                    node1→*
7824  L=8919  [node1 ] SEND     APP_GROUP                    node1→*
7825  L=8920  [node1 ] SEND     APP_CREATE_GROUP             node1→*
7826  L=8922  [node1 ] SEND     APP_CREATE_GROUP             node1→*
7827  L=8923  [node1 ] SEND     APP_GROUP                    node1→*
7828  L=8924  [node1 ] SEND     APP_GROUP                    node1→*
7829  L=8925  [node1 ] SEND     APP_GROUP                    node1→*
7830  L=8926  [node1 ] SEND     APP_GROUP                    node1→*
7831  L=8927  [node1 ] SEND     APP_GROUP                    node1→*
7832  L=8928  [node1 ] SEND     APP_GROUP                    node1→*
7833  L=8929  [node1 ] SEND     APP_GROUP                    node1→*
7834  L=8930  [node1 ] SEND     APP_GROUP                    node1→*
7835  L=8931  [node1 ] SEND     APP_GROUP                    node1→*
7836  L=8933  [node1 ] SEND     APP_GROUP                    node1→*
7837  L=8934  [node1 ] SEND     APP_GROUP                    node1→*
7838  L=8935  [node1 ] SEND     APP_GROUP                    node1→*
7839  L=8936  [node1 ] SEND     APP_GROUP                    node1→*
7841  L=8937  [node1 ] SEND     APP_GROUP                    node1→*
7840  L=8938  [node1 ] SEND     APP_GROUP                    node1→*
7842  L=8939  [node1 ] SEND     APP_GROUP                    node1→*
7843  L=8940  [node1 ] SEND     APP_CREATE_GROUP             node1→*
7844  L=8942  [node1 ] SEND     APP_GROUP                    node1→*
7845  L=8943  [node1 ] SEND     APP_GROUP                    node1→*
7846  L=8944  [node1 ] SEND     APP_GROUP                    node1→*
7847  L=8945  [node1 ] SEND     APP_GROUP                    node1→*
7848  L=8946  [node1 ] SEND     APP_GROUP                    node1→*
7849  L=8947  [node1 ] SEND     APP_GROUP                    node1→*
7850  L=8948  [node1 ] SEND     APP_CREATE_GROUP             node1→*
7851  L=8950  [node1 ] SEND     APP_GROUP                    node1→*
7852  L=8951  [node1 ] SEND     APP_CREATE_GROUP             node1→*
7853  L=8953  [node1 ] SEND     APP_GROUP                    node1→*
7854  L=8954  [node1 ] SEND     APP_CREATE_GROUP             node1→*
7855  L=8955  [node1 ] SEND     APP_GROUP                    node1→*
7856  L=8957  [node1 ] SEND     APP_CREATE_GROUP             node1→*
7857  L=8959  [node1 ] SEND     APP_GROUP                    node1→*
7858  L=8960  [node1 ] SEND     APP_GROUP                    node1→*
7859  L=8961  [node1 ] SEND     APP_GROUP                    node1→*
7860  L=8962  [node1 ] SEND     APP_CREATE_GROUP             node1→*
7861  L=8963  [node1 ] SEND     APP_GROUP                    node1→*
7862  L=8964  [node1 ] SEND     APP_GROUP                    node1→*
7863  L=8965  [node1 ] SEND     APP_GROUP                    node1→*
7864  L=8966  [node1 ] SEND     APP_GROUP                    node1→*
7865  L=8967  [node1 ] SEND     APP_GROUP                    node1→*
7866  L=8968  [node1 ] SEND     APP_GROUP                    node1→*
7867  L=8969  [node1 ] SEND     APP_GROUP                    node1→*
7868  L=8971  [node1 ] SEND     APP_GROUP                    node1→*
7869  L=8972  [node1 ] SEND     APP_GROUP                    node1→*
7870  L=8973  [node1 ] SEND     APP_GROUP                    node1→*
7871  L=8974  [node1 ] SEND     APP_GROUP                    node1→*
7872  L=8975  [node1 ] SEND     APP_CREATE_GROUP             node1→*
7873  L=8976  [node1 ] SEND     APP_GROUP                    node1→*
7874  L=8978  [node1 ] SEND     APP_CREATE_GROUP             node1→*
7875  L=8979  [node1 ] SEND     APP_GROUP                    node1→*
7876  L=8980  [node1 ] SEND     APP_GROUP                    node1→*
7877  L=8981  [node1 ] SEND     APP_GROUP                    node1→*
7878  L=8982  [node1 ] SEND     APP_GROUP                    node1→*
7879  L=8983  [node1 ] SEND     APP_GROUP                    node1→*
7880  L=8984  [node1 ] SEND     APP_GROUP                    node1→*
7881  L=8985  [node1 ] SEND     APP_GROUP                    node1→*
7882  L=8986  [node1 ] SEND     APP_GROUP                    node1→*
7883  L=8987  [node1 ] SEND     APP_GROUP                    node1→*
7884  L=8988  [node1 ] SEND     APP_GROUP                    node1→*
7885  L=8989  [node1 ] SEND     APP_GROUP                    node1→*
7886  L=8990  [node1 ] SEND     APP_GROUP                    node1→*
7887  L=8991  [node1 ] SEND     APP_GROUP                    node1→*
7888  L=8992  [node1 ] SEND     APP_GROUP                    node1→*
7889  L=8993  [node1 ] SEND     APP_GROUP                    node1→*
7890  L=8995  [node1 ] SEND     APP_GROUP                    node1→*
7891  L=8996  [node1 ] SEND     APP_GROUP                    node1→*
7892  L=8997  [node1 ] SEND     APP_GROUP                    node1→*
7893  L=8998  [node1 ] SEND     APP_GROUP                    node1→*
7894  L=8999  [node1 ] SEND     APP_GROUP                    node1→*
7895  L=9000  [node1 ] SEND     APP_CREATE_GROUP             node1→*
7896  L=9002  [node1 ] SEND     APP_GROUP                    node1→*
7897  L=9003  [node1 ] SEND     APP_GROUP                    node1→*
7898  L=9004  [node1 ] SEND     APP_GROUP                    node1→*
7899  L=9005  [node1 ] SEND     APP_CREATE_GROUP             node1→*
7900  L=9007  [node1 ] SEND     APP_GROUP                    node1→*
7901  L=9008  [node1 ] SEND     APP_GROUP                    node1→*
7902  L=9009  [node1 ] SEND     APP_GROUP                    node1→*
7903  L=9010  [node1 ] SEND     APP_GROUP                    node1→*
7904  L=9011  [node1 ] SEND     APP_GROUP                    node1→*
7905  L=9012  [node1 ] SEND     APP_GROUP                    node1→*
7906  L=9013  [node1 ] SEND     APP_GROUP                    node1→*
7907  L=9014  [node1 ] SEND     APP_GROUP                    node1→*
7908  L=9015  [node1 ] SEND     APP_CREATE_GROUP             node1→*
7909  L=9016  [node1 ] SEND     APP_GROUP                    node1→*
7910  L=9017  [node1 ] SEND     APP_GROUP                    node1→*
7911  L=9019  [node1 ] SEND     APP_GROUP                    node1→*
7912  L=9020  [node1 ] SEND     APP_GROUP                    node1→*
7913  L=9021  [node1 ] SEND     APP_GROUP                    node1→*
7914  L=9022  [node1 ] SEND     APP_GROUP                    node1→*
7915  L=9023  [node1 ] SEND     APP_CREATE_GROUP             node1→*
7916  L=9024  [node1 ] SEND     APP_GROUP                    node1→*
7917  L=9025  [node1 ] SEND     APP_GROUP                    node1→*
7918  L=9026  [node1 ] SEND     APP_GROUP                    node1→*
7919  L=9027  [node1 ] SEND     APP_GROUP                    node1→*
7920  L=9028  [node1 ] SEND     APP_GROUP                    node1→*
7921  L=9029  [node1 ] SEND     APP_GROUP                    node1→*
7922  L=9030  [node1 ] SEND     APP_GROUP                    node1→*
7923  L=9031  [node1 ] SEND     APP_GROUP                    node1→*
7924  L=9032  [node1 ] SEND     APP_GROUP                    node1→*
7925  L=9033  [node1 ] SEND     APP_GROUP                    node1→*
7926  L=9034  [node1 ] SEND     APP_GROUP                    node1→*
7927  L=9035  [node1 ] SEND     APP_GROUP                    node1→*
7928  L=9037  [node1 ] SEND     APP_CREATE_GROUP             node1→*
7929  L=9039  [node1 ] SEND     APP_GROUP                    node1→*
7930  L=9040  [node1 ] SEND     APP_GROUP                    node1→*
7931  L=9041  [node1 ] SEND     APP_GROUP                    node1→*
7932  L=9042  [node1 ] SEND     APP_GROUP                    node1→*
7933  L=9043  [node1 ] SEND     APP_GROUP                    node1→*
7934  L=9044  [node1 ] SEND     APP_CREATE_GROUP             node1→*
7935  L=9045  [node1 ] SEND     APP_GROUP                    node1→*
7936  L=9047  [node1 ] SEND     APP_CREATE_GROUP             node1→*
7937  L=9048  [node1 ] SEND     APP_GROUP                    node1→*
7938  L=9049  [node1 ] SEND     APP_GROUP                    node1→*
7939  L=9050  [node1 ] SEND     APP_GROUP                    node1→*
7940  L=9051  [node1 ] SEND     APP_GROUP                    node1→*
7941  L=9052  [node1 ] SEND     APP_GROUP                    node1→*
7942  L=9053  [node1 ] SEND     APP_GROUP                    node1→*
7943  L=9055  [node1 ] SEND     APP_GROUP                    node1→*
7944  L=9056  [node1 ] SEND     APP_GROUP                    node1→*
7945  L=9057  [node1 ] SEND     APP_GROUP                    node1→*
7946  L=9058  [node1 ] SEND     APP_GROUP                    node1→*
7947  L=9059  [node1 ] SEND     APP_CREATE_GROUP             node1→*
7948  L=9061  [node1 ] SEND     APP_GROUP                    node1→*
7949  L=9062  [node1 ] SEND     APP_GROUP                    node1→*
7950  L=9064  [node1 ] SEND     APP_GROUP                    node1→*
7951  L=9065  [node1 ] SEND     APP_GROUP                    node1→*
7952  L=9066  [node1 ] SEND     APP_GROUP                    node1→*
7953  L=9067  [node1 ] SEND     APP_GROUP                    node1→*
7954  L=9068  [node1 ] SEND     APP_GROUP                    node1→*
7955  L=9069  [node1 ] SEND     APP_GROUP                    node1→*
7956  L=9070  [node1 ] SEND     APP_CREATE_GROUP             node1→*
7957  L=9071  [node1 ] SEND     APP_GROUP                    node1→*
7958  L=9072  [node1 ] SEND     APP_GROUP                    node1→*
7959  L=9073  [node1 ] SEND     APP_GROUP                    node1→*
7960  L=9074  [node1 ] SEND     APP_CREATE_GROUP             node1→*
7961  L=9075  [node1 ] SEND     APP_GROUP                    node1→*
7962  L=9076  [node1 ] SEND     APP_GROUP                    node1→*
7963  L=9077  [node1 ] SEND     APP_GROUP                    node1→*
7964  L=9078  [node1 ] SEND     APP_GROUP                    node1→*
7965  L=9079  [node1 ] SEND     APP_GROUP                    node1→*
7966  L=9080  [node1 ] SEND     APP_GROUP                    node1→*
7967  L=9081  [node1 ] SEND     APP_GROUP                    node1→*
7968  L=9083  [node1 ] SEND     APP_GROUP                    node1→*
7969  L=9084  [node1 ] SEND     APP_GROUP                    node1→*
7970  L=9085  [node1 ] SEND     APP_GROUP                    node1→*
7971  L=9086  [node1 ] SEND     APP_GROUP                    node1→*
7972  L=9087  [node1 ] SEND     APP_CREATE_GROUP             node1→*
7973  L=9089  [node1 ] SEND     APP_CREATE_GROUP             node1→*
7974  L=9090  [node1 ] SEND     APP_GROUP                    node1→*
7975  L=9091  [node1 ] SEND     APP_GROUP                    node1→*
7976  L=9092  [node1 ] SEND     APP_GROUP                    node1→*
7977  L=9094  [node1 ] SEND     APP_GROUP                    node1→*
7978  L=9095  [node1 ] SEND     APP_GROUP                    node1→*
7979  L=9096  [node1 ] SEND     APP_GROUP                    node1→*
7980  L=9097  [node1 ] SEND     APP_GROUP                    node1→*
7981  L=9098  [node1 ] SEND     APP_GROUP                    node1→*
7982  L=9100  [node1 ] SEND     APP_CREATE_GROUP             node1→*
7983  L=9102  [node1 ] SEND     APP_CREATE_GROUP             node1→*
7984  L=9103  [node1 ] SEND     APP_GROUP                    node1→*
7985  L=9104  [node1 ] SEND     APP_GROUP                    node1→*
7986  L=9105  [node1 ] SEND     APP_GROUP                    node1→*
7987  L=9106  [node1 ] SEND     APP_GROUP                    node1→*
7988  L=9107  [node1 ] SEND     APP_CREATE_GROUP             node1→*
7989  L=9109  [node1 ] SEND     APP_CREATE_GROUP             node1→*
7990  L=9110  [node1 ] SEND     APP_GROUP                    node1→*
7991  L=9111  [node1 ] SEND     APP_GROUP                    node1→*
7992  L=9112  [node1 ] SEND     APP_GROUP                    node1→*
7993  L=9113  [node1 ] SEND     APP_GROUP                    node1→*
7994  L=9114  [node1 ] SEND     APP_GROUP                    node1→*
7995  L=9115  [node1 ] SEND     APP_GROUP                    node1→*
7996  L=9116  [node1 ] SEND     APP_GROUP                    node1→*
7997  L=9117  [node1 ] SEND     APP_GROUP                    node1→*
7998  L=9118  [node1 ] SEND     APP_GROUP                    node1→*
7999  L=9119  [node1 ] SEND     APP_GROUP                    node1→*
8000  L=9121  [node1 ] SEND     APP_CREATE_GROUP             node1→*
8001  L=9122  [node1 ] SEND     APP_GROUP                    node1→*
8002  L=9124  [node1 ] SEND     APP_GROUP                    node1→*
8003  L=9125  [node1 ] SEND     APP_GROUP                    node1→*
8004  L=9126  [node1 ] SEND     APP_GROUP                    node1→*
8005  L=9127  [node1 ] SEND     APP_GROUP                    node1→*
8006  L=9128  [node1 ] SEND     APP_GROUP                    node1→*
8007  L=9129  [node1 ] SEND     APP_GROUP                    node1→*
8008  L=9130  [node1 ] SEND     APP_GROUP                    node1→*
8009  L=9131  [node1 ] SEND     APP_GROUP                    node1→*
8010  L=9132  [node1 ] SEND     APP_GROUP                    node1→*
8011  L=9133  [node1 ] SEND     APP_GROUP                    node1→*
8012  L=9135  [node1 ] SEND     APP_CREATE_GROUP             node1→*
8013  L=9136  [node1 ] SEND     APP_CREATE_GROUP             node1→*
8014  L=9137  [node1 ] SEND     APP_GROUP                    node1→*
8015  L=9138  [node1 ] SEND     APP_GROUP                    node1→*
8016  L=9140  [node1 ] SEND     APP_GROUP                    node1→*
8017  L=9141  [node1 ] SEND     APP_CREATE_GROUP             node1→*
8018  L=9143  [node1 ] SEND     APP_GROUP                    node1→*
8019  L=9144  [node1 ] SEND     APP_GROUP                    node1→*
8020  L=9145  [node1 ] SEND     APP_GROUP                    node1→*
8021  L=9146  [node1 ] SEND     APP_GROUP                    node1→*
8022  L=9147  [node1 ] SEND     APP_GROUP                    node1→*
8023  L=9148  [node1 ] SEND     APP_CREATE_GROUP             node1→*
8024  L=9149  [node1 ] SEND     APP_GROUP                    node1→*
8025  L=9150  [node1 ] SEND     APP_GROUP                    node1→*
8026  L=9151  [node1 ] SEND     APP_GROUP                    node1→*
8027  L=9153  [node1 ] SEND     APP_GROUP                    node1→*
8028  L=9154  [node1 ] SEND     APP_GROUP                    node1→*
8029  L=9155  [node1 ] SEND     APP_GROUP                    node1→*
8030  L=9156  [node1 ] SEND     APP_GROUP                    node1→*
8031  L=9157  [node1 ] SEND     APP_GROUP                    node1→*
8032  L=9158  [node1 ] SEND     APP_GROUP                    node1→*
8033  L=9159  [node1 ] SEND     APP_GROUP                    node1→*
8034  L=9160  [node1 ] SEND     APP_CREATE_GROUP             node1→*
8035  L=9162  [node1 ] SEND     APP_GROUP                    node1→*
8036  L=9163  [node1 ] SEND     APP_GROUP                    node1→*
8037  L=9165  [node1 ] SEND     APP_CREATE_GROUP             node1→*
8038  L=9167  [node1 ] SEND     APP_GROUP                    node1→*
8039  L=9168  [node1 ] SEND     APP_GROUP                    node1→*
8040  L=9169  [node1 ] SEND     APP_GROUP                    node1→*
8041  L=9170  [node1 ] SEND     APP_GROUP                    node1→*
8042  L=9171  [node1 ] SEND     APP_GROUP                    node1→*
8043  L=9172  [node1 ] SEND     APP_CREATE_GROUP             node1→*
8044  L=9174  [node1 ] SEND     APP_GROUP                    node1→*
8045  L=9175  [node1 ] SEND     APP_GROUP                    node1→*
8046  L=9176  [node1 ] SEND     APP_GROUP                    node1→*
8047  L=9177  [node1 ] SEND     APP_GROUP                    node1→*
8048  L=9178  [node1 ] SEND     APP_GROUP                    node1→*
8049  L=9179  [node1 ] SEND     APP_CREATE_GROUP             node1→*
8050  L=9181  [node1 ] SEND     APP_GROUP                    node1→*
8051  L=9182  [node1 ] SEND     APP_GROUP                    node1→*
8052  L=9183  [node1 ] SEND     APP_GROUP                    node1→*
8053  L=9184  [node1 ] SEND     APP_GROUP                    node1→*
8054  L=9185  [node1 ] SEND     APP_GROUP                    node1→*
8055  L=9186  [node1 ] SEND     APP_GROUP                    node1→*
8056  L=9187  [node1 ] SEND     APP_CREATE_GROUP             node1→*
8057  L=9189  [node1 ] SEND     APP_GROUP                    node1→*
8058  L=9190  [node1 ] SEND     APP_GROUP                    node1→*
8059  L=9191  [node1 ] SEND     APP_GROUP                    node1→*
8060  L=9192  [node1 ] SEND     APP_GROUP                    node1→*
8061  L=9193  [node1 ] SEND     APP_GROUP                    node1→*
8062  L=9194  [node1 ] SEND     APP_CREATE_GROUP             node1→*
8063  L=9195  [node1 ] SEND     APP_GROUP                    node1→*
8064  L=9196  [node1 ] SEND     APP_GROUP                    node1→*
8065  L=9197  [node1 ] SEND     APP_CREATE_GROUP             node1→*
8066  L=9199  [node1 ] SEND     APP_GROUP                    node1→*
8067  L=9200  [node1 ] SEND     APP_GROUP                    node1→*
8068  L=9201  [node1 ] SEND     APP_CREATE_GROUP             node1→*
8069  L=9203  [node1 ] SEND     APP_CREATE_GROUP             node1→*
8070  L=9204  [node1 ] SEND     APP_GROUP                    node1→*
8071  L=9206  [node1 ] SEND     APP_CREATE_GROUP             node1→*
8072  L=9208  [node1 ] SEND     APP_GROUP                    node1→*
8073  L=9209  [node1 ] SEND     APP_GROUP                    node1→*
8074  L=9210  [node1 ] SEND     APP_CREATE_GROUP             node1→*
8075  L=9212  [node1 ] SEND     APP_CREATE_GROUP             node1→*
8076  L=9214  [node1 ] SEND     APP_CREATE_GROUP             node1→*
8077  L=9216  [node1 ] SEND     APP_GROUP                    node1→*
8078  L=9217  [node1 ] SEND     APP_GROUP                    node1→*
8079  L=9218  [node1 ] SEND     APP_GROUP                    node1→*
8080  L=9219  [node1 ] SEND     APP_GROUP                    node1→*
8081  L=9220  [node1 ] SEND     APP_GROUP                    node1→*
8082  L=9221  [node1 ] SEND     APP_CREATE_GROUP             node1→*
8083  L=9223  [node1 ] SEND     APP_GROUP                    node1→*
8084  L=9224  [node1 ] SEND     APP_GROUP                    node1→*
8085  L=9225  [node1 ] SEND     APP_GROUP                    node1→*
8086  L=9226  [node1 ] SEND     APP_GROUP                    node1→*
8087  L=9227  [node1 ] SEND     APP_GROUP                    node1→*
8088  L=9228  [node1 ] SEND     APP_GROUP                    node1→*
8089  L=9229  [node1 ] SEND     APP_GROUP                    node1→*
8090  L=9230  [node1 ] SEND     APP_GROUP                    node1→*
8091  L=9231  [node1 ] SEND     APP_CREATE_GROUP             node1→*
8092  L=9233  [node1 ] SEND     APP_GROUP                    node1→*
8093  L=9234  [node1 ] SEND     APP_GROUP                    node1→*
8094  L=9235  [node1 ] SEND     APP_GROUP                    node1→*
8095  L=9236  [node1 ] SEND     APP_GROUP                    node1→*
8096  L=9237  [node1 ] SEND     APP_GROUP                    node1→*
8097  L=9238  [node1 ] SEND     APP_GROUP                    node1→*
8098  L=9239  [node1 ] SEND     APP_GROUP                    node1→*
8099  L=9240  [node1 ] SEND     APP_GROUP                    node1→*
8100  L=9241  [node1 ] SEND     APP_GROUP                    node1→*
8101  L=9242  [node1 ] SEND     APP_CREATE_GROUP             node1→*
8102  L=9244  [node1 ] SEND     APP_CREATE_GROUP             node1→*
8103  L=9246  [node1 ] SEND     APP_GROUP                    node1→*
8104  L=9247  [node1 ] SEND     APP_GROUP                    node1→*
8105  L=9249  [node1 ] SEND     APP_CREATE_GROUP             node1→*
8106  L=9251  [node1 ] SEND     APP_CREATE_GROUP             node1→*
8107  L=9253  [node1 ] SEND     APP_GROUP                    node1→*
8108  L=9254  [node1 ] SEND     APP_GROUP                    node1→*
8109  L=9255  [node1 ] SEND     APP_GROUP                    node1→*
8110  L=9256  [node1 ] SEND     APP_GROUP                    node1→*
8111  L=9257  [node1 ] SEND     APP_GROUP                    node1→*
8112  L=9258  [node1 ] SEND     APP_GROUP                    node1→*
8113  L=9259  [node1 ] SEND     APP_CREATE_GROUP             node1→*
8114  L=9260  [node1 ] SEND     APP_GROUP                    node1→*
8115  L=9262  [node1 ] SEND     APP_CREATE_GROUP             node1→*
8116  L=9264  [node1 ] SEND     APP_GROUP                    node1→*
8117  L=9265  [node1 ] SEND     APP_GROUP                    node1→*
8118  L=9266  [node1 ] SEND     APP_GROUP                    node1→*
8119  L=9267  [node1 ] SEND     APP_GROUP                    node1→*
8120  L=9268  [node1 ] SEND     APP_GROUP                    node1→*
8121  L=9269  [node1 ] SEND     APP_GROUP                    node1→*
8122  L=9270  [node1 ] SEND     APP_CREATE_GROUP             node1→*
8123  L=9271  [node1 ] SEND     APP_GROUP                    node1→*
8124  L=9272  [node1 ] SEND     APP_GROUP                    node1→*
8125  L=9273  [node1 ] SEND     APP_GROUP                    node1→*
8126  L=9274  [node1 ] SEND     APP_GROUP                    node1→*
8127  L=9275  [node1 ] SEND     APP_GROUP                    node1→*
8128  L=9276  [node1 ] SEND     APP_GROUP                    node1→*
8129  L=9277  [node1 ] SEND     APP_GROUP                    node1→*
8130  L=9278  [node1 ] SEND     APP_CREATE_GROUP             node1→*
8131  L=9280  [node1 ] SEND     APP_GROUP                    node1→*
8132  L=9281  [node1 ] SEND     APP_GROUP                    node1→*
8133  L=9282  [node1 ] SEND     APP_GROUP                    node1→*
8134  L=9283  [node1 ] SEND     APP_GROUP                    node1→*
8135  L=9284  [node1 ] SEND     APP_GROUP                    node1→*
8136  L=9285  [node1 ] SEND     APP_GROUP                    node1→*
8137  L=9286  [node1 ] SEND     APP_CREATE_GROUP             node1→*
8138  L=9288  [node1 ] SEND     APP_GROUP                    node1→*
8139  L=9289  [node1 ] SEND     APP_GROUP                    node1→*
8140  L=9290  [node1 ] SEND     APP_GROUP                    node1→*
8141  L=9291  [node1 ] SEND     APP_GROUP                    node1→*
8142  L=9293  [node1 ] SEND     APP_GROUP                    node1→*
8143  L=9294  [node1 ] SEND     APP_GROUP                    node1→*
8144  L=9295  [node1 ] SEND     APP_GROUP                    node1→*
8145  L=9296  [node1 ] SEND     APP_GROUP                    node1→*
8146  L=9297  [node1 ] SEND     APP_GROUP                    node1→*
8149  L=9298  [node1 ] SEND     APP_CREATE_GROUP             node1→*
8147  L=9300  [node1 ] SEND     APP_GROUP                    node1→*
8148  L=9301  [node1 ] SEND     APP_GROUP                    node1→*
8150  L=9302  [node1 ] SEND     APP_GROUP                    node1→*
8151  L=9303  [node1 ] SEND     APP_GROUP                    node1→*
8152  L=9304  [node1 ] SEND     APP_GROUP                    node1→*
8153  L=9305  [node1 ] SEND     APP_CREATE_GROUP             node1→*
8154  L=9307  [node1 ] SEND     APP_GROUP                    node1→*
8155  L=9308  [node1 ] SEND     APP_GROUP                    node1→*
8156  L=9309  [node1 ] SEND     APP_GROUP                    node1→*
8157  L=9310  [node1 ] SEND     APP_GROUP                    node1→*
8159  L=9312  [node1 ] SEND     APP_CREATE_GROUP             node1→*
8158  L=9313  [node1 ] SEND     APP_GROUP                    node1→*
8160  L=9315  [node1 ] SEND     APP_CREATE_GROUP             node1→*
8161  L=9317  [node1 ] SEND     APP_GROUP                    node1→*
8162  L=9318  [node1 ] SEND     APP_GROUP                    node1→*
8163  L=9319  [node1 ] SEND     APP_GROUP                    node1→*
8164  L=9320  [node1 ] SEND     APP_GROUP                    node1→*
8165  L=9321  [node1 ] SEND     APP_GROUP                    node1→*
8166  L=9322  [node1 ] SEND     APP_CREATE_GROUP             node1→*
8167  L=9324  [node1 ] SEND     APP_GROUP                    node1→*
8168  L=9325  [node1 ] SEND     APP_GROUP                    node1→*
8169  L=9326  [node1 ] SEND     APP_GROUP                    node1→*
8170  L=9328  [node1 ] SEND     APP_GROUP                    node1→*
8171  L=9329  [node1 ] SEND     APP_GROUP                    node1→*
8172  L=9330  [node1 ] SEND     APP_GROUP                    node1→*
8173  L=9331  [node1 ] SEND     APP_GROUP                    node1→*
8174  L=9332  [node1 ] SEND     APP_GROUP                    node1→*
8175  L=9333  [node1 ] SEND     APP_CREATE_GROUP             node1→*
8176  L=9334  [node1 ] SEND     APP_GROUP                    node1→*
8177  L=9335  [node1 ] SEND     APP_CREATE_GROUP             node1→*
8178  L=9337  [node1 ] SEND     APP_GROUP                    node1→*
8179  L=9338  [node1 ] SEND     APP_CREATE_GROUP             node1→*
8180  L=9339  [node1 ] SEND     APP_CREATE_GROUP             node1→*
8181  L=9341  [node1 ] SEND     APP_CREATE_GROUP             node1→*
8182  L=9342  [node1 ] SEND     APP_CREATE_GROUP             node1→*
8183  L=9343  [node1 ] SEND     APP_GROUP                    node1→*
8184  L=9344  [node1 ] SEND     APP_GROUP                    node1→*
8185  L=9345  [node1 ] SEND     APP_GROUP                    node1→*
8186  L=9346  [node1 ] SEND     APP_GROUP                    node1→*
8187  L=9347  [node1 ] SEND     APP_GROUP                    node1→*
8188  L=9348  [node1 ] SEND     APP_GROUP                    node1→*
8189  L=9349  [node1 ] SEND     APP_GROUP                    node1→*
8190  L=9350  [node1 ] SEND     APP_GROUP                    node1→*
8191  L=9351  [node1 ] SEND     APP_GROUP                    node1→*
8192  L=9353  [node1 ] SEND     APP_CREATE_GROUP             node1→*
8193  L=9355  [node1 ] SEND     APP_CREATE_GROUP             node1→*
8194  L=9357  [node1 ] SEND     APP_GROUP                    node1→*
8195  L=9358  [node1 ] SEND     APP_GROUP                    node1→*
8196  L=9359  [node1 ] SEND     APP_CREATE_GROUP             node1→*
8197  L=9360  [node1 ] SEND     APP_GROUP                    node1→*
8198  L=9361  [node1 ] SEND     APP_GROUP                    node1→*
8199  L=9362  [node1 ] SEND     APP_GROUP                    node1→*
8200  L=9364  [node1 ] SEND     APP_CREATE_GROUP             node1→*
8201  L=9365  [node1 ] SEND     APP_GROUP                    node1→*
8202  L=9366  [node1 ] SEND     APP_GROUP                    node1→*
8203  L=9367  [node1 ] SEND     APP_GROUP                    node1→*
8204  L=9368  [node1 ] SEND     APP_GROUP                    node1→*
8205  L=9369  [node1 ] SEND     APP_GROUP                    node1→*
8206  L=9371  [node1 ] SEND     APP_CREATE_GROUP             node1→*
8207  L=9372  [node1 ] SEND     APP_GROUP                    node1→*
8208  L=9373  [node1 ] SEND     APP_GROUP                    node1→*
8209  L=9374  [node1 ] SEND     APP_GROUP                    node1→*
8210  L=9375  [node1 ] SEND     APP_GROUP                    node1→*
8211  L=9377  [node1 ] SEND     APP_GROUP                    node1→*
8212  L=9378  [node1 ] SEND     APP_GROUP                    node1→*
8213  L=9379  [node1 ] SEND     APP_GROUP                    node1→*
8214  L=9380  [node1 ] SEND     APP_GROUP                    node1→*
8215  L=9381  [node1 ] SEND     APP_CREATE_GROUP             node1→*
8216  L=9383  [node1 ] SEND     APP_CREATE_GROUP             node1→*
8217  L=9384  [node1 ] SEND     APP_GROUP                    node1→*
8218  L=9385  [node1 ] SEND     APP_GROUP                    node1→*
8219  L=9386  [node1 ] SEND     APP_GROUP                    node1→*
8220  L=9387  [node1 ] SEND     APP_GROUP                    node1→*
8221  L=9388  [node1 ] SEND     APP_GROUP                    node1→*
8222  L=9389  [node1 ] SEND     APP_GROUP                    node1→*
8223  L=9390  [node1 ] SEND     APP_GROUP                    node1→*
8224  L=9391  [node1 ] SEND     APP_GROUP                    node1→*
8225  L=9392  [node1 ] SEND     APP_GROUP                    node1→*
8226  L=9394  [node1 ] SEND     APP_CREATE_GROUP             node1→*
8227  L=9395  [node1 ] SEND     APP_GROUP                    node1→*
8228  L=9396  [node1 ] SEND     APP_GROUP                    node1→*
8229  L=9398  [node1 ] SEND     APP_GROUP                    node1→*
8230  L=9399  [node1 ] SEND     APP_CREATE_GROUP             node1→*
8231  L=9401  [node1 ] SEND     APP_GROUP                    node1→*
8232  L=9402  [node1 ] SEND     APP_GROUP                    node1→*
8233  L=9403  [node1 ] SEND     APP_GROUP                    node1→*
8234  L=9404  [node1 ] SEND     APP_GROUP                    node1→*
8235  L=9405  [node1 ] SEND     APP_GROUP                    node1→*
8236  L=9406  [node1 ] SEND     APP_CREATE_GROUP             node1→*
8237  L=9408  [node1 ] SEND     APP_GROUP                    node1→*
8238  L=9409  [node1 ] SEND     APP_GROUP                    node1→*
8239  L=9410  [node1 ] SEND     APP_GROUP                    node1→*
8240  L=9411  [node1 ] SEND     APP_GROUP                    node1→*
8241  L=9412  [node1 ] SEND     APP_GROUP                    node1→*
8242  L=9413  [node1 ] SEND     APP_GROUP                    node1→*
8243  L=9414  [node1 ] SEND     APP_GROUP                    node1→*
8244  L=9415  [node1 ] SEND     APP_GROUP                    node1→*
8245  L=9416  [node1 ] SEND     APP_GROUP                    node1→*
8246  L=9417  [node1 ] SEND     APP_GROUP                    node1→*
8247  L=9418  [node1 ] SEND     APP_GROUP                    node1→*
8248  L=9419  [node1 ] SEND     APP_GROUP                    node1→*
8249  L=9420  [node1 ] SEND     APP_CREATE_GROUP             node1→*
8250  L=9422  [node1 ] SEND     APP_GROUP                    node1→*
8251  L=9423  [node1 ] SEND     APP_GROUP                    node1→*
8252  L=9424  [node1 ] SEND     APP_GROUP                    node1→*
8253  L=9425  [node1 ] SEND     APP_GROUP                    node1→*
8254  L=9426  [node1 ] SEND     APP_GROUP                    node1→*
8255  L=9427  [node1 ] SEND     APP_GROUP                    node1→*
8256  L=9428  [node1 ] SEND     APP_CREATE_GROUP             node1→*
8257  L=9430  [node1 ] SEND     APP_GROUP                    node1→*
8258  L=9431  [node1 ] SEND     APP_GROUP                    node1→*
8259  L=9432  [node1 ] SEND     APP_GROUP                    node1→*
8260  L=9433  [node1 ] SEND     APP_GROUP                    node1→*
8261  L=9434  [node1 ] SEND     APP_GROUP                    node1→*
8262  L=9435  [node1 ] SEND     APP_CREATE_GROUP             node1→*
8263  L=9437  [node1 ] SEND     APP_GROUP                    node1→*
8264  L=9438  [node1 ] SEND     APP_GROUP                    node1→*
8265  L=9439  [node1 ] SEND     APP_GROUP                    node1→*
8266  L=9440  [node1 ] SEND     APP_GROUP                    node1→*
8267  L=9441  [node1 ] SEND     APP_GROUP                    node1→*
8268  L=9442  [node1 ] SEND     APP_GROUP                    node1→*
8269  L=9443  [node1 ] SEND     APP_CREATE_GROUP             node1→*
8270  L=9445  [node1 ] SEND     APP_GROUP                    node1→*
8271  L=9446  [node1 ] SEND     APP_GROUP                    node1→*
8272  L=9447  [node1 ] SEND     APP_GROUP                    node1→*
8273  L=9448  [node1 ] SEND     APP_GROUP                    node1→*
8274  L=9449  [node1 ] SEND     APP_GROUP                    node1→*
8275  L=9450  [node1 ] SEND     APP_CREATE_GROUP             node1→*
8276  L=9452  [node1 ] SEND     APP_GROUP                    node1→*
8277  L=9453  [node1 ] SEND     APP_GROUP                    node1→*
8278  L=9454  [node1 ] SEND     APP_CREATE_GROUP             node1→*
8279  L=9455  [node1 ] SEND     APP_GROUP                    node1→*
8280  L=9456  [node1 ] SEND     APP_GROUP                    node1→*
8281  L=9457  [node1 ] SEND     APP_GROUP                    node1→*
8282  L=9458  [node1 ] SEND     APP_GROUP                    node1→*
8283  L=9459  [node1 ] SEND     APP_GROUP                    node1→*
8284  L=9461  [node1 ] SEND     APP_GROUP                    node1→*
8285  L=9462  [node1 ] SEND     APP_GROUP                    node1→*
8286  L=9463  [node1 ] SEND     APP_GROUP                    node1→*
8287  L=9464  [node1 ] SEND     APP_GROUP                    node1→*
8288  L=9465  [node1 ] SEND     APP_CREATE_GROUP             node1→*
8289  L=9467  [node1 ] SEND     APP_GROUP                    node1→*
8290  L=9468  [node1 ] SEND     APP_GROUP                    node1→*
8291  L=9469  [node1 ] SEND     APP_GROUP                    node1→*
8292  L=9470  [node1 ] SEND     APP_GROUP                    node1→*
8293  L=9472  [node1 ] SEND     APP_CREATE_GROUP             node1→*
8294  L=9474  [node1 ] SEND     APP_CREATE_GROUP             node1→*
8295  L=9475  [node1 ] SEND     APP_GROUP                    node1→*
8296  L=9476  [node1 ] SEND     APP_GROUP                    node1→*
8297  L=9477  [node1 ] SEND     APP_GROUP                    node1→*
8298  L=9478  [node1 ] SEND     APP_GROUP                    node1→*
8299  L=9479  [node1 ] SEND     APP_CREATE_GROUP             node1→*
8300  L=9481  [node1 ] SEND     APP_GROUP                    node1→*
8301  L=9482  [node1 ] SEND     APP_CREATE_GROUP             node1→*
8302  L=9484  [node1 ] SEND     APP_GROUP                    node1→*
8303  L=9485  [node1 ] SEND     APP_GROUP                    node1→*
8304  L=9486  [node1 ] SEND     APP_GROUP                    node1→*
8305  L=9487  [node1 ] SEND     APP_GROUP                    node1→*
8306  L=9488  [node1 ] SEND     APP_GROUP                    node1→*
8307  L=9489  [node1 ] SEND     APP_GROUP                    node1→*
8308  L=9490  [node1 ] SEND     APP_GROUP                    node1→*
8309  L=9491  [node1 ] SEND     APP_GROUP                    node1→*
8310  L=9492  [node1 ] SEND     APP_CREATE_GROUP             node1→*
8311  L=9494  [node1 ] SEND     APP_GROUP                    node1→*
8312  L=9495  [node1 ] SEND     APP_GROUP                    node1→*
8313  L=9496  [node1 ] SEND     APP_GROUP                    node1→*
8314  L=9497  [node1 ] SEND     APP_GROUP                    node1→*
8315  L=9498  [node1 ] SEND     APP_GROUP                    node1→*
8316  L=9499  [node1 ] SEND     APP_GROUP                    node1→*
8317  L=9500  [node1 ] SEND     APP_CREATE_GROUP             node1→*
8318  L=9501  [node1 ] SEND     APP_GROUP                    node1→*
8319  L=9502  [node1 ] SEND     APP_GROUP                    node1→*
8320  L=9503  [node1 ] SEND     APP_GROUP                    node1→*
8321  L=9504  [node1 ] SEND     APP_GROUP                    node1→*
8322  L=9506  [node1 ] SEND     APP_GROUP                    node1→*
8323  L=9507  [node1 ] SEND     APP_GROUP                    node1→*
8324  L=9508  [node1 ] SEND     APP_CREATE_GROUP             node1→*
8325  L=9509  [node1 ] SEND     APP_GROUP                    node1→*
8326  L=9510  [node1 ] SEND     APP_GROUP                    node1→*
8327  L=9512  [node1 ] SEND     APP_CREATE_GROUP             node1→*
8328  L=9513  [node1 ] SEND     APP_GROUP                    node1→*
8329  L=9514  [node1 ] SEND     APP_GROUP                    node1→*
8330  L=9515  [node1 ] SEND     APP_GROUP                    node1→*
8331  L=9516  [node1 ] SEND     APP_GROUP                    node1→*
8332  L=9517  [node1 ] SEND     APP_GROUP                    node1→*
8333  L=9518  [node1 ] SEND     APP_GROUP                    node1→*
8334  L=9519  [node1 ] SEND     APP_GROUP                    node1→*
8335  L=9520  [node1 ] SEND     APP_GROUP                    node1→*
8336  L=9521  [node1 ] SEND     APP_GROUP                    node1→*
8337  L=9523  [node1 ] SEND     APP_GROUP                    node1→*
8338  L=9524  [node1 ] SEND     APP_GROUP                    node1→*
8339  L=9526  [node1 ] SEND     APP_CREATE_GROUP             node1→*
8340  L=9527  [node1 ] SEND     APP_CREATE_GROUP             node1→*
8341  L=9528  [node1 ] SEND     APP_GROUP                    node1→*
8342  L=9529  [node1 ] SEND     APP_GROUP                    node1→*
8343  L=9530  [node1 ] SEND     APP_GROUP                    node1→*
8344  L=9531  [node1 ] SEND     APP_GROUP                    node1→*
8345  L=9532  [node1 ] SEND     APP_GROUP                    node1→*
8346  L=9533  [node1 ] SEND     APP_GROUP                    node1→*
8347  L=9534  [node1 ] SEND     APP_GROUP                    node1→*
8348  L=9535  [node1 ] SEND     APP_GROUP                    node1→*
8349  L=9536  [node1 ] SEND     APP_GROUP                    node1→*
8350  L=9537  [node1 ] SEND     APP_GROUP                    node1→*
8351  L=9538  [node1 ] SEND     APP_GROUP                    node1→*
8352  L=9539  [node1 ] SEND     APP_GROUP                    node1→*
8353  L=9540  [node1 ] SEND     APP_GROUP                    node1→*
8354  L=9542  [node1 ] SEND     APP_GROUP                    node1→*
8355  L=9543  [node1 ] SEND     APP_GROUP                    node1→*
8356  L=9544  [node1 ] SEND     APP_GROUP                    node1→*
8357  L=9545  [node1 ] SEND     APP_GROUP                    node1→*
8358  L=9546  [node1 ] SEND     APP_GROUP                    node1→*
8359  L=9547  [node1 ] SEND     APP_GROUP                    node1→*
8360  L=9548  [node1 ] SEND     APP_GROUP                    node1→*
8361  L=9549  [node1 ] SEND     APP_CREATE_GROUP             node1→*
8362  L=9550  [node1 ] SEND     APP_GROUP                    node1→*
8363  L=9552  [node1 ] SEND     APP_CREATE_GROUP             node1→*
8364  L=9554  [node1 ] SEND     APP_GROUP                    node1→*
8365  L=9555  [node1 ] SEND     APP_GROUP                    node1→*
8366  L=9556  [node1 ] SEND     APP_GROUP                    node1→*
8367  L=9557  [node1 ] SEND     APP_GROUP                    node1→*
8368  L=9558  [node1 ] SEND     APP_CREATE_GROUP             node1→*
8369  L=9559  [node1 ] SEND     APP_GROUP                    node1→*
8370  L=9560  [node1 ] SEND     APP_GROUP                    node1→*
8371  L=9561  [node1 ] SEND     APP_GROUP                    node1→*
8372  L=9562  [node1 ] SEND     APP_GROUP                    node1→*
8373  L=9563  [node1 ] SEND     APP_GROUP                    node1→*
8374  L=9564  [node1 ] SEND     APP_GROUP                    node1→*
8375  L=9565  [node1 ] SEND     APP_GROUP                    node1→*
8376  L=9566  [node1 ] SEND     APP_GROUP                    node1→*
8377  L=9567  [node1 ] SEND     APP_GROUP                    node1→*
8378  L=9568  [node1 ] SEND     APP_GROUP                    node1→*
8379  L=9570  [node1 ] SEND     APP_GROUP                    node1→*
8380  L=9571  [node1 ] SEND     APP_GROUP                    node1→*
8381  L=9572  [node1 ] SEND     APP_GROUP                    node1→*
8382  L=9573  [node1 ] SEND     APP_CREATE_GROUP             node1→*
8383  L=9575  [node1 ] SEND     APP_GROUP                    node1→*
8384  L=9576  [node1 ] SEND     APP_GROUP                    node1→*
8385  L=9577  [node1 ] SEND     APP_GROUP                    node1→*
8386  L=9578  [node1 ] SEND     APP_GROUP                    node1→*
8387  L=9579  [node1 ] SEND     APP_GROUP                    node1→*
8388  L=9580  [node1 ] SEND     APP_GROUP                    node1→*
8389  L=9581  [node1 ] SEND     APP_GROUP                    node1→*
8390  L=9582  [node1 ] SEND     APP_GROUP                    node1→*
8391  L=9583  [node1 ] SEND     APP_GROUP                    node1→*
8392  L=9584  [node1 ] SEND     APP_GROUP                    node1→*
8393  L=9585  [node1 ] SEND     APP_GROUP                    node1→*
8394  L=9586  [node1 ] SEND     APP_CREATE_GROUP             node1→*
8395  L=9587  [node1 ] SEND     APP_GROUP                    node1→*
8396  L=9588  [node1 ] SEND     APP_GROUP                    node1→*
8397  L=9589  [node1 ] SEND     APP_GROUP                    node1→*
8398  L=9590  [node1 ] SEND     APP_GROUP                    node1→*
8399  L=9591  [node1 ] SEND     APP_GROUP                    node1→*
8400  L=9593  [node1 ] SEND     APP_GROUP                    node1→*
8401  L=9594  [node1 ] SEND     APP_CREATE_GROUP             node1→*
8402  L=9595  [node1 ] SEND     APP_GROUP                    node1→*
8403  L=9596  [node1 ] SEND     APP_GROUP                    node1→*
8404  L=9598  [node1 ] SEND     APP_GROUP                    node1→*
8405  L=9599  [node1 ] SEND     APP_GROUP                    node1→*
8406  L=9600  [node1 ] SEND     APP_GROUP                    node1→*
8407  L=9601  [node1 ] SEND     APP_GROUP                    node1→*
8408  L=9602  [node1 ] SEND     APP_CREATE_GROUP             node1→*
8409  L=9603  [node1 ] SEND     APP_GROUP                    node1→*
8410  L=9605  [node1 ] SEND     APP_CREATE_GROUP             node1→*
8411  L=9607  [node1 ] SEND     APP_GROUP                    node1→*
8412  L=9608  [node1 ] SEND     APP_GROUP                    node1→*
8413  L=9609  [node1 ] SEND     APP_GROUP                    node1→*
8414  L=9610  [node1 ] SEND     APP_GROUP                    node1→*
8415  L=9611  [node1 ] SEND     APP_CREATE_GROUP             node1→*
8416  L=9612  [node1 ] SEND     APP_GROUP                    node1→*
8417  L=9613  [node1 ] SEND     APP_GROUP                    node1→*
8418  L=9614  [node1 ] SEND     APP_GROUP                    node1→*
8419  L=9615  [node1 ] SEND     APP_GROUP                    node1→*
8420  L=9616  [node1 ] SEND     APP_GROUP                    node1→*
8421  L=9617  [node1 ] SEND     APP_GROUP                    node1→*
8422  L=9618  [node1 ] SEND     APP_GROUP                    node1→*
8423  L=9619  [node1 ] SEND     APP_GROUP                    node1→*
8424  L=9620  [node1 ] SEND     APP_GROUP                    node1→*
8425  L=9621  [node1 ] SEND     APP_GROUP                    node1→*
8426  L=9622  [node1 ] SEND     APP_GROUP                    node1→*
8427  L=9624  [node1 ] SEND     APP_CREATE_GROUP             node1→*
8428  L=9625  [node1 ] SEND     APP_GROUP                    node1→*
8429  L=9627  [node1 ] SEND     APP_GROUP                    node1→*
8430  L=9628  [node1 ] SEND     APP_GROUP                    node1→*
8431  L=9629  [node1 ] SEND     APP_GROUP                    node1→*
8432  L=9630  [node1 ] SEND     APP_CREATE_GROUP             node1→*
8433  L=9631  [node1 ] SEND     APP_GROUP                    node1→*
8434  L=9632  [node1 ] SEND     APP_GROUP                    node1→*
8435  L=9634  [node1 ] SEND     APP_GROUP                    node1→*
8436  L=9635  [node1 ] SEND     APP_GROUP                    node1→*
8437  L=9636  [node1 ] SEND     APP_GROUP                    node1→*
8438  L=9637  [node1 ] SEND     APP_GROUP                    node1→*
8439  L=9638  [node1 ] SEND     APP_GROUP                    node1→*
8440  L=9639  [node1 ] SEND     APP_CREATE_GROUP             node1→*
8441  L=9640  [node1 ] SEND     APP_GROUP                    node1→*
8442  L=9641  [node1 ] SEND     APP_GROUP                    node1→*
8443  L=9642  [node1 ] SEND     APP_GROUP                    node1→*
8444  L=9643  [node1 ] SEND     APP_GROUP                    node1→*
8445  L=9644  [node1 ] SEND     APP_GROUP                    node1→*
8446  L=9645  [node1 ] SEND     APP_GROUP                    node1→*
8447  L=9646  [node1 ] SEND     APP_GROUP                    node1→*
8448  L=9647  [node1 ] SEND     APP_GROUP                    node1→*
8449  L=9648  [node1 ] SEND     APP_GROUP                    node1→*
8450  L=9649  [node1 ] SEND     APP_GROUP                    node1→*
8451  L=9651  [node1 ] SEND     APP_GROUP                    node1→*
8452  L=9652  [node1 ] SEND     APP_GROUP                    node1→*
8453  L=9653  [node1 ] SEND     APP_GROUP                    node1→*
8454  L=9654  [node1 ] SEND     APP_GROUP                    node1→*
8455  L=9655  [node1 ] SEND     APP_GROUP                    node1→*
8456  L=9656  [node1 ] SEND     APP_GROUP                    node1→*
8457  L=9657  [node1 ] SEND     APP_GROUP                    node1→*
8458  L=9658  [node1 ] SEND     APP_GROUP                    node1→*
8459  L=9659  [node1 ] SEND     APP_GROUP                    node1→*
8460  L=9660  [node1 ] SEND     APP_GROUP                    node1→*
8461  L=9661  [node1 ] SEND     APP_CREATE_GROUP             node1→*
8462  L=9663  [node1 ] SEND     APP_GROUP                    node1→*
8463  L=9664  [node1 ] SEND     APP_GROUP                    node1→*
8464  L=9665  [node1 ] SEND     APP_GROUP                    node1→*
8465  L=9666  [node1 ] SEND     APP_GROUP                    node1→*
8466  L=9667  [node1 ] SEND     APP_GROUP                    node1→*
8467  L=9668  [node1 ] SEND     APP_GROUP                    node1→*
8468  L=9669  [node1 ] SEND     APP_GROUP                    node1→*
8469  L=9670  [node1 ] SEND     APP_GROUP                    node1→*
8470  L=9671  [node1 ] SEND     APP_GROUP                    node1→*
8471  L=9672  [node1 ] SEND     APP_GROUP                    node1→*
8472  L=9673  [node1 ] SEND     APP_GROUP                    node1→*
8473  L=9674  [node1 ] SEND     APP_CREATE_GROUP             node1→*
8474  L=9676  [node1 ] SEND     APP_CREATE_GROUP             node1→*
8475  L=9678  [node1 ] SEND     APP_GROUP                    node1→*
8476  L=9679  [node1 ] SEND     APP_GROUP                    node1→*
8477  L=9680  [node1 ] SEND     APP_GROUP                    node1→*
8478  L=9681  [node1 ] SEND     APP_CREATE_GROUP             node1→*
8479  L=9684  [node1 ] SEND     APP_GROUP                    node1→*
8480  L=9685  [node1 ] SEND     APP_GROUP                    node1→*
8481  L=9686  [node1 ] SEND     APP_GROUP                    node1→*
8482  L=9687  [node1 ] SEND     APP_GROUP                    node1→*
8483  L=9688  [node1 ] SEND     APP_CREATE_GROUP             node1→*
8484  L=9689  [node1 ] SEND     APP_GROUP                    node1→*
8485  L=9691  [node1 ] SEND     APP_GROUP                    node1→*
8486  L=9692  [node1 ] SEND     APP_GROUP                    node1→*
8487  L=9693  [node1 ] SEND     APP_GROUP                    node1→*
8488  L=9694  [node1 ] SEND     APP_GROUP                    node1→*
8490  L=9695  [node1 ] SEND     APP_CREATE_GROUP             node1→*
8489  L=9696  [node1 ] SEND     APP_GROUP                    node1→*
8491  L=9697  [node1 ] SEND     APP_CREATE_GROUP             node1→*
8492  L=9698  [node1 ] SEND     APP_GROUP                    node1→*
8493  L=9699  [node1 ] SEND     APP_GROUP                    node1→*
8494  L=9700  [node1 ] SEND     APP_GROUP                    node1→*
8495  L=9701  [node1 ] SEND     APP_GROUP                    node1→*
8496  L=9702  [node1 ] SEND     APP_GROUP                    node1→*
8497  L=9704  [node1 ] SEND     APP_CREATE_GROUP             node1→*
8498  L=9705  [node1 ] SEND     APP_GROUP                    node1→*
8499  L=9706  [node1 ] SEND     APP_GROUP                    node1→*
8500  L=9707  [node1 ] SEND     APP_GROUP                    node1→*
8501  L=9708  [node1 ] SEND     APP_GROUP                    node1→*
8502  L=9709  [node1 ] SEND     APP_GROUP                    node1→*
8503  L=9711  [node1 ] SEND     APP_GROUP                    node1→*
8504  L=9712  [node1 ] SEND     APP_GROUP                    node1→*
8505  L=9713  [node1 ] SEND     APP_GROUP                    node1→*
8506  L=9714  [node1 ] SEND     APP_GROUP                    node1→*
8507  L=9715  [node1 ] SEND     APP_GROUP                    node1→*
8508  L=9716  [node1 ] SEND     APP_GROUP                    node1→*
8509  L=9718  [node1 ] SEND     APP_CREATE_GROUP             node1→*
8510  L=9720  [node1 ] SEND     APP_CREATE_GROUP             node1→*
8511  L=9721  [node1 ] SEND     APP_GROUP                    node1→*
8512  L=9722  [node1 ] SEND     APP_GROUP                    node1→*
8513  L=9723  [node1 ] SEND     APP_CREATE_GROUP             node1→*
8514  L=9725  [node1 ] SEND     APP_GROUP                    node1→*
8515  L=9726  [node1 ] SEND     APP_GROUP                    node1→*
8516  L=9727  [node1 ] SEND     APP_GROUP                    node1→*
8517  L=9728  [node1 ] SEND     APP_CREATE_GROUP             node1→*
8518  L=9730  [node1 ] SEND     APP_CREATE_GROUP             node1→*
8519  L=9731  [node1 ] SEND     APP_GROUP                    node1→*
8520  L=9732  [node1 ] SEND     APP_GROUP                    node1→*
8521  L=9733  [node1 ] SEND     APP_GROUP                    node1→*
8522  L=9734  [node1 ] SEND     APP_GROUP                    node1→*
8523  L=9735  [node1 ] SEND     APP_GROUP                    node1→*
8524  L=9736  [node1 ] SEND     APP_GROUP                    node1→*
8525  L=9737  [node1 ] SEND     APP_GROUP                    node1→*
8526  L=9738  [node1 ] SEND     APP_GROUP                    node1→*
8527  L=9739  [node1 ] SEND     APP_GROUP                    node1→*
8528  L=9740  [node1 ] SEND     APP_GROUP                    node1→*
8529  L=9741  [node1 ] SEND     APP_GROUP                    node1→*
8530  L=9742  [node1 ] SEND     APP_GROUP                    node1→*
8531  L=9743  [node1 ] SEND     APP_GROUP                    node1→*
8532  L=9744  [node1 ] SEND     APP_GROUP                    node1→*
8533  L=9745  [node1 ] SEND     APP_GROUP                    node1→*
8534  L=9746  [node1 ] SEND     APP_GROUP                    node1→*
8535  L=9747  [node1 ] SEND     APP_GROUP                    node1→*
8536  L=9748  [node1 ] SEND     APP_GROUP                    node1→*
8537  L=9749  [node1 ] SEND     APP_GROUP                    node1→*
8538  L=9750  [node1 ] SEND     APP_GROUP                    node1→*
8539  L=9751  [node1 ] SEND     APP_GROUP                    node1→*
8540  L=9753  [node1 ] SEND     APP_GROUP                    node1→*
8541  L=9754  [node1 ] SEND     APP_GROUP                    node1→*
8542  L=9755  [node1 ] SEND     APP_GROUP                    node1→*
8543  L=9757  [node1 ] SEND     APP_CREATE_GROUP             node1→*
8544  L=9759  [node1 ] SEND     APP_CREATE_GROUP             node1→*
8545  L=9760  [node1 ] SEND     APP_GROUP                    node1→*
8546  L=9761  [node1 ] SEND     APP_GROUP                    node1→*
8547  L=9762  [node1 ] SEND     APP_GROUP                    node1→*
8548  L=9764  [node1 ] SEND     APP_CREATE_GROUP             node1→*
8549  L=9765  [node1 ] SEND     APP_GROUP                    node1→*
8550  L=9766  [node1 ] SEND     APP_GROUP                    node1→*
8551  L=9767  [node1 ] SEND     APP_GROUP                    node1→*
8552  L=9768  [node1 ] SEND     APP_GROUP                    node1→*
8553  L=9769  [node1 ] SEND     APP_GROUP                    node1→*
8554  L=9770  [node1 ] SEND     APP_GROUP                    node1→*
8555  L=9772  [node1 ] SEND     APP_GROUP                    node1→*
8556  L=9773  [node1 ] SEND     APP_GROUP                    node1→*
8557  L=9774  [node1 ] SEND     APP_GROUP                    node1→*
8558  L=9775  [node1 ] SEND     APP_GROUP                    node1→*
8559  L=9776  [node1 ] SEND     APP_CREATE_GROUP             node1→*
8560  L=9778  [node1 ] SEND     APP_GROUP                    node1→*
8561  L=9779  [node1 ] SEND     APP_GROUP                    node1→*
8562  L=9780  [node1 ] SEND     APP_GROUP                    node1→*
8563  L=9781  [node1 ] SEND     APP_GROUP                    node1→*
8564  L=9782  [node1 ] SEND     APP_GROUP                    node1→*
8565  L=9783  [node1 ] SEND     APP_GROUP                    node1→*
8566  L=9784  [node1 ] SEND     APP_GROUP                    node1→*
8567  L=9785  [node1 ] SEND     APP_GROUP                    node1→*
8568  L=9786  [node1 ] SEND     APP_GROUP                    node1→*
8569  L=9787  [node1 ] SEND     APP_CREATE_GROUP             node1→*
8570  L=9789  [node1 ] SEND     APP_GROUP                    node1→*
8571  L=9790  [node1 ] SEND     APP_GROUP                    node1→*
8572  L=9791  [node1 ] SEND     APP_GROUP                    node1→*
8573  L=9792  [node1 ] SEND     APP_CREATE_GROUP             node1→*
8574  L=9793  [node1 ] SEND     APP_GROUP                    node1→*
8575  L=9795  [node1 ] SEND     APP_CREATE_GROUP             node1→*
8576  L=9796  [node1 ] SEND     APP_CREATE_GROUP             node1→*
8577  L=9798  [node1 ] SEND     APP_GROUP                    node1→*
8578  L=9799  [node1 ] SEND     APP_GROUP                    node1→*
8579  L=9800  [node1 ] SEND     APP_GROUP                    node1→*
8580  L=9801  [node1 ] SEND     APP_GROUP                    node1→*
8581  L=9802  [node1 ] SEND     APP_GROUP                    node1→*
8582  L=9803  [node1 ] SEND     APP_GROUP                    node1→*
8583  L=9804  [node1 ] SEND     APP_GROUP                    node1→*
8584  L=9805  [node1 ] SEND     APP_GROUP                    node1→*
8585  L=9806  [node1 ] SEND     APP_CREATE_GROUP             node1→*
8586  L=9808  [node1 ] SEND     APP_GROUP                    node1→*
8587  L=9809  [node1 ] SEND     APP_GROUP                    node1→*
8588  L=9810  [node1 ] SEND     APP_GROUP                    node1→*
8589  L=9811  [node1 ] SEND     APP_GROUP                    node1→*
8590  L=9812  [node1 ] SEND     APP_GROUP                    node1→*
8591  L=9813  [node1 ] SEND     APP_GROUP                    node1→*
8592  L=9814  [node1 ] SEND     APP_GROUP                    node1→*
8593  L=9816  [node1 ] SEND     APP_GROUP                    node1→*
8594  L=9817  [node1 ] SEND     APP_GROUP                    node1→*
8596  L=9818  [node1 ] SEND     APP_GROUP                    node1→*
8595  L=9819  [node1 ] SEND     APP_GROUP                    node1→*
8597  L=9820  [node1 ] SEND     APP_GROUP                    node1→*
8598  L=9821  [node1 ] SEND     APP_GROUP                    node1→*
8599  L=9822  [node1 ] SEND     APP_GROUP                    node1→*
8600  L=9823  [node1 ] SEND     APP_GROUP                    node1→*
8601  L=9824  [node1 ] SEND     APP_CREATE_GROUP             node1→*
8602  L=9825  [node1 ] SEND     APP_GROUP                    node1→*
8603  L=9827  [node1 ] SEND     APP_GROUP                    node1→*
8604  L=9828  [node1 ] SEND     APP_GROUP                    node1→*
8605  L=9829  [node1 ] SEND     APP_GROUP                    node1→*
8606  L=9830  [node1 ] SEND     APP_GROUP                    node1→*
8607  L=9831  [node1 ] SEND     APP_CREATE_GROUP             node1→*
8608  L=9833  [node1 ] SEND     APP_CREATE_GROUP             node1→*
8609  L=9835  [node1 ] SEND     APP_GROUP                    node1→*
8610  L=9836  [node1 ] SEND     APP_GROUP                    node1→*
8611  L=9837  [node1 ] SEND     APP_GROUP                    node1→*
8612  L=9838  [node1 ] SEND     APP_GROUP                    node1→*
8613  L=9839  [node1 ] SEND     APP_GROUP                    node1→*
8614  L=9841  [node1 ] SEND     APP_CREATE_GROUP             node1→*
8615  L=9843  [node1 ] SEND     APP_GROUP                    node1→*
8616  L=9844  [node1 ] SEND     APP_GROUP                    node1→*
8617  L=9845  [node1 ] SEND     APP_CREATE_GROUP             node1→*
8618  L=9846  [node1 ] SEND     APP_CREATE_GROUP             node1→*
8619  L=9848  [node1 ] SEND     APP_GROUP                    node1→*
8620  L=9849  [node1 ] SEND     APP_GROUP                    node1→*
8621  L=9850  [node1 ] SEND     APP_GROUP                    node1→*
8622  L=9851  [node1 ] SEND     APP_GROUP                    node1→*
8623  L=9852  [node1 ] SEND     APP_CREATE_GROUP             node1→*
8624  L=9853  [node1 ] SEND     APP_CREATE_GROUP             node1→*
8625  L=9855  [node1 ] SEND     APP_GROUP                    node1→*
8626  L=9856  [node1 ] SEND     APP_GROUP                    node1→*
8627  L=9857  [node1 ] SEND     APP_GROUP                    node1→*
8628  L=9858  [node1 ] SEND     APP_GROUP                    node1→*
8629  L=9859  [node1 ] SEND     APP_GROUP                    node1→*
8630  L=9860  [node1 ] SEND     APP_GROUP                    node1→*
8631  L=9861  [node1 ] SEND     APP_GROUP                    node1→*
8632  L=9862  [node1 ] SEND     APP_GROUP                    node1→*
8633  L=9863  [node1 ] SEND     APP_CREATE_GROUP             node1→*
8634  L=9865  [node1 ] SEND     APP_GROUP                    node1→*
8635  L=9866  [node1 ] SEND     APP_GROUP                    node1→*
8636  L=9867  [node1 ] SEND     APP_GROUP                    node1→*
8637  L=9869  [node1 ] SEND     APP_CREATE_GROUP             node1→*
8638  L=9871  [node1 ] SEND     APP_GROUP                    node1→*
8639  L=9872  [node1 ] SEND     APP_GROUP                    node1→*
8640  L=9873  [node1 ] SEND     APP_GROUP                    node1→*
8641  L=9874  [node1 ] SEND     APP_GROUP                    node1→*
8642  L=9875  [node1 ] SEND     APP_GROUP                    node1→*
8643  L=9876  [node1 ] SEND     APP_CREATE_GROUP             node1→*
8644  L=9878  [node1 ] SEND     APP_GROUP                    node1→*
8645  L=9879  [node1 ] SEND     APP_GROUP                    node1→*
8646  L=9880  [node1 ] SEND     APP_GROUP                    node1→*
8647  L=9881  [node1 ] SEND     APP_CREATE_GROUP             node1→*
8648  L=9883  [node1 ] SEND     APP_GROUP                    node1→*
8649  L=9884  [node1 ] SEND     APP_GROUP                    node1→*
8650  L=9885  [node1 ] SEND     APP_GROUP                    node1→*
8651  L=9886  [node1 ] SEND     APP_CREATE_GROUP             node1→*
8652  L=9887  [node1 ] SEND     APP_GROUP                    node1→*
8653  L=9888  [node1 ] SEND     APP_GROUP                    node1→*
8654  L=9889  [node1 ] SEND     APP_GROUP                    node1→*
8655  L=9890  [node1 ] SEND     APP_GROUP                    node1→*
8656  L=9891  [node1 ] SEND     APP_CREATE_GROUP             node1→*
8657  L=9893  [node1 ] SEND     APP_GROUP                    node1→*
8658  L=9894  [node1 ] SEND     APP_GROUP                    node1→*
8659  L=9895  [node1 ] SEND     APP_GROUP                    node1→*
8660  L=9896  [node1 ] SEND     APP_GROUP                    node1→*
8661  L=9897  [node1 ] SEND     APP_GROUP                    node1→*
8662  L=9898  [node1 ] SEND     APP_GROUP                    node1→*
8663  L=9899  [node1 ] SEND     APP_CREATE_GROUP             node1→*
8664  L=9901  [node1 ] SEND     APP_GROUP                    node1→*
8665  L=9902  [node1 ] SEND     APP_GROUP                    node1→*
8666  L=9903  [node1 ] SEND     APP_GROUP                    node1→*
8667  L=9904  [node1 ] SEND     APP_GROUP                    node1→*
8668  L=9906  [node1 ] SEND     APP_CREATE_GROUP             node1→*
8669  L=9907  [node1 ] SEND     APP_CREATE_GROUP             node1→*
8670  L=9909  [node1 ] SEND     APP_GROUP                    node1→*
8671  L=9910  [node1 ] SEND     APP_GROUP                    node1→*
8672  L=9911  [node1 ] SEND     APP_GROUP                    node1→*
8673  L=9912  [node1 ] SEND     APP_CREATE_GROUP             node1→*
8674  L=9913  [node1 ] SEND     APP_GROUP                    node1→*
8675  L=9914  [node1 ] SEND     APP_GROUP                    node1→*
8676  L=9915  [node1 ] SEND     APP_GROUP                    node1→*
8677  L=9916  [node1 ] SEND     APP_GROUP                    node1→*
8678  L=9917  [node1 ] SEND     APP_GROUP                    node1→*
8679  L=9919  [node1 ] SEND     APP_CREATE_GROUP             node1→*
8680  L=9920  [node1 ] SEND     APP_GROUP                    node1→*
8681  L=9922  [node1 ] SEND     APP_CREATE_GROUP             node1→*
8682  L=9923  [node1 ] SEND     APP_GROUP                    node1→*
8683  L=9924  [node1 ] SEND     APP_GROUP                    node1→*
8684  L=9925  [node1 ] SEND     APP_GROUP                    node1→*
8685  L=9926  [node1 ] SEND     APP_GROUP                    node1→*
8686  L=9927  [node1 ] SEND     APP_GROUP                    node1→*
8687  L=9928  [node1 ] SEND     APP_GROUP                    node1→*
8688  L=9929  [node1 ] SEND     APP_GROUP                    node1→*
8689  L=9930  [node1 ] SEND     APP_GROUP                    node1→*
8690  L=9931  [node1 ] SEND     APP_GROUP                    node1→*
8691  L=9932  [node1 ] SEND     APP_GROUP                    node1→*
8692  L=9933  [node1 ] SEND     APP_GROUP                    node1→*
8693  L=9934  [node1 ] SEND     APP_GROUP                    node1→*
8694  L=9935  [node1 ] SEND     APP_GROUP                    node1→*
8695  L=9937  [node1 ] SEND     APP_GROUP                    node1→*
8696  L=9938  [node1 ] SEND     APP_GROUP                    node1→*
8697  L=9939  [node1 ] SEND     APP_GROUP                    node1→*
8698  L=9940  [node1 ] SEND     APP_CREATE_GROUP             node1→*
8699  L=9942  [node1 ] SEND     APP_GROUP                    node1→*
8700  L=9943  [node1 ] SEND     APP_GROUP                    node1→*
8701  L=9944  [node1 ] SEND     APP_GROUP                    node1→*
8702  L=9945  [node1 ] SEND     APP_GROUP                    node1→*
8703  L=9947  [node1 ] SEND     APP_CREATE_GROUP             node1→*
8704  L=9948  [node1 ] SEND     APP_CREATE_GROUP             node1→*
8705  L=9949  [node1 ] SEND     APP_GROUP                    node1→*
8706  L=9950  [node1 ] SEND     APP_GROUP                    node1→*
8707  L=9951  [node1 ] SEND     APP_GROUP                    node1→*
8708  L=9953  [node1 ] SEND     APP_GROUP                    node1→*
8709  L=9954  [node1 ] SEND     APP_GROUP                    node1→*
8710  L=9955  [node1 ] SEND     APP_GROUP                    node1→*
8711  L=9956  [node1 ] SEND     APP_GROUP                    node1→*
8712  L=9957  [node1 ] SEND     APP_CREATE_GROUP             node1→*
8713  L=9958  [node1 ] SEND     APP_GROUP                    node1→*
8714  L=9959  [node1 ] SEND     APP_GROUP                    node1→*
8715  L=9960  [node1 ] SEND     APP_GROUP                    node1→*
8716  L=9961  [node1 ] SEND     APP_GROUP                    node1→*
8717  L=9962  [node1 ] SEND     APP_GROUP                    node1→*
8718  L=9963  [node1 ] SEND     APP_GROUP                    node1→*
8719  L=9964  [node1 ] SEND     APP_GROUP                    node1→*
8720  L=9965  [node1 ] SEND     APP_GROUP                    node1→*
8721  L=9966  [node1 ] SEND     APP_GROUP                    node1→*
8722  L=9967  [node1 ] SEND     APP_GROUP                    node1→*
8723  L=9968  [node1 ] SEND     APP_GROUP                    node1→*
8724  L=9969  [node1 ] SEND     APP_GROUP                    node1→*
8725  L=9970  [node1 ] SEND     APP_GROUP                    node1→*
8726  L=9971  [node1 ] SEND     APP_GROUP                    node1→*
8727  L=9972  [node1 ] SEND     APP_GROUP                    node1→*
8728  L=9973  [node1 ] SEND     APP_GROUP                    node1→*
8729  L=9974  [node1 ] SEND     APP_GROUP                    node1→*
8730  L=9975  [node1 ] SEND     APP_GROUP                    node1→*
8731  L=9976  [node1 ] SEND     APP_GROUP                    node1→*
8732  L=9977  [node1 ] SEND     APP_GROUP                    node1→*
8733  L=9978  [node1 ] SEND     APP_GROUP                    node1→*
8734  L=9979  [node1 ] SEND     APP_GROUP                    node1→*
8735  L=9980  [node1 ] SEND     APP_GROUP                    node1→*
8736  L=9981  [node1 ] SEND     APP_GROUP                    node1→*
8737  L=9982  [node1 ] SEND     APP_GROUP                    node1→*
8738  L=9983  [node1 ] SEND     APP_GROUP                    node1→*
8739  L=9984  [node1 ] SEND     APP_GROUP                    node1→*
8740  L=9985  [node1 ] SEND     APP_GROUP                    node1→*
8741  L=9986  [node1 ] SEND     APP_GROUP                    node1→*
8742  L=9987  [node1 ] SEND     APP_GROUP                    node1→*
8743  L=9989  [node1 ] SEND     APP_GROUP                    node1→*
8744  L=9990  [node1 ] SEND     APP_GROUP                    node1→*
8745  L=9991  [node1 ] SEND     APP_GROUP                    node1→*
8746  L=9992  [node1 ] SEND     APP_GROUP                    node1→*
8747  L=9993  [node1 ] SEND     APP_GROUP                    node1→*
8748  L=9994  [node1 ] SEND     APP_GROUP                    node1→*
8749  L=9995  [node1 ] SEND     APP_GROUP                    node1→*
8750  L=9996  [node1 ] SEND     APP_CREATE_GROUP             node1→*
8751  L=9998  [node1 ] SEND     APP_GROUP                    node1→*
8752  L=9999  [node1 ] SEND     APP_GROUP                    node1→*
8753  L=10000 [node1 ] SEND     APP_GROUP                    node1→*
8754  L=10001 [node1 ] SEND     APP_GROUP                    node1→*
8755  L=10002 [node1 ] SEND     APP_GROUP                    node1→*
8756  L=10003 [node1 ] SEND     APP_GROUP                    node1→*
8757  L=10004 [node1 ] SEND     APP_GROUP                    node1→*
8758  L=10005 [node1 ] SEND     APP_GROUP                    node1→*
8759  L=10006 [node1 ] SEND     APP_GROUP                    node1→*
8760  L=10007 [node1 ] SEND     APP_GROUP                    node1→*
8761  L=10008 [node1 ] SEND     APP_CREATE_GROUP             node1→*
8762  L=10010 [node1 ] SEND     APP_CREATE_GROUP             node1→*
8763  L=10011 [node1 ] SEND     APP_GROUP                    node1→*
8764  L=10012 [node1 ] SEND     APP_GROUP                    node1→*
8765  L=10013 [node1 ] SEND     APP_GROUP                    node1→*
8766  L=10015 [node1 ] SEND     APP_GROUP                    node1→*
8767  L=10016 [node1 ] SEND     APP_GROUP                    node1→*
8768  L=10017 [node1 ] SEND     APP_GROUP                    node1→*
8769  L=10018 [node1 ] SEND     APP_GROUP                    node1→*
8770  L=10019 [node1 ] SEND     APP_GROUP                    node1→*
8771  L=10020 [node1 ] SEND     APP_GROUP                    node1→*
8772  L=10021 [node1 ] SEND     APP_CREATE_GROUP             node1→*
8773  L=10023 [node1 ] SEND     APP_GROUP                    node1→*
8774  L=10024 [node1 ] SEND     APP_GROUP                    node1→*
8775  L=10025 [node1 ] SEND     APP_GROUP                    node1→*
8776  L=10026 [node1 ] SEND     APP_GROUP                    node1→*
8777  L=10027 [node1 ] SEND     APP_GROUP                    node1→*
8778  L=10028 [node1 ] SEND     APP_GROUP                    node1→*
8779  L=10029 [node1 ] SEND     APP_CREATE_GROUP             node1→*
8780  L=10031 [node1 ] SEND     APP_CREATE_GROUP             node1→*
8781  L=10032 [node1 ] SEND     APP_GROUP                    node1→*
8782  L=10033 [node1 ] SEND     APP_GROUP                    node1→*
8783  L=10034 [node1 ] SEND     APP_GROUP                    node1→*
8784  L=10035 [node1 ] SEND     APP_GROUP                    node1→*
8785  L=10037 [node1 ] SEND     APP_CREATE_GROUP             node1→*
8786  L=10038 [node1 ] SEND     APP_GROUP                    node1→*
8787  L=10039 [node1 ] SEND     APP_GROUP                    node1→*
8788  L=10040 [node1 ] SEND     APP_GROUP                    node1→*
8789  L=10041 [node1 ] SEND     APP_GROUP                    node1→*
8790  L=10042 [node1 ] SEND     APP_GROUP                    node1→*
8791  L=10043 [node1 ] SEND     APP_GROUP                    node1→*
8792  L=10044 [node1 ] SEND     APP_GROUP                    node1→*
8793  L=10046 [node1 ] SEND     APP_CREATE_GROUP             node1→*
8794  L=10047 [node1 ] SEND     APP_GROUP                    node1→*
8795  L=10048 [node1 ] SEND     APP_GROUP                    node1→*
8796  L=10049 [node1 ] SEND     APP_GROUP                    node1→*
8797  L=10050 [node1 ] SEND     APP_GROUP                    node1→*
8798  L=10051 [node1 ] SEND     APP_GROUP                    node1→*
8799  L=10052 [node1 ] SEND     APP_GROUP                    node1→*
8800  L=10054 [node1 ] SEND     APP_GROUP                    node1→*
8801  L=10055 [node1 ] SEND     APP_GROUP                    node1→*
8802  L=10056 [node1 ] SEND     APP_CREATE_GROUP             node1→*
8803  L=10057 [node1 ] SEND     APP_GROUP                    node1→*
8804  L=10058 [node1 ] SEND     APP_GROUP                    node1→*
8805  L=10059 [node1 ] SEND     APP_GROUP                    node1→*
8806  L=10060 [node1 ] SEND     APP_GROUP                    node1→*
8807  L=10061 [node1 ] SEND     APP_GROUP                    node1→*
8808  L=10062 [node1 ] SEND     APP_GROUP                    node1→*
8809  L=10063 [node1 ] SEND     APP_GROUP                    node1→*
8810  L=10065 [node1 ] SEND     APP_GROUP                    node1→*
8811  L=10066 [node1 ] SEND     APP_GROUP                    node1→*
8812  L=10067 [node1 ] SEND     APP_GROUP                    node1→*
8813  L=10068 [node1 ] SEND     APP_GROUP                    node1→*
8814  L=10069 [node1 ] SEND     APP_GROUP                    node1→*
8815  L=10070 [node1 ] SEND     APP_GROUP                    node1→*
8816  L=10071 [node1 ] SEND     APP_GROUP                    node1→*
8817  L=10072 [node1 ] SEND     APP_GROUP                    node1→*
8818  L=10073 [node1 ] SEND     APP_GROUP                    node1→*
8819  L=10074 [node1 ] SEND     APP_GROUP                    node1→*
8820  L=10075 [node1 ] SEND     APP_GROUP                    node1→*
8821  L=10076 [node1 ] SEND     APP_GROUP                    node1→*
8822  L=10077 [node1 ] SEND     APP_GROUP                    node1→*
8823  L=10078 [node1 ] SEND     APP_GROUP                    node1→*
8824  L=10079 [node1 ] SEND     APP_CREATE_GROUP             node1→*
8825  L=10081 [node1 ] SEND     APP_CREATE_GROUP             node1→*
8826  L=10083 [node1 ] SEND     APP_CREATE_GROUP             node1→*
8827  L=10084 [node1 ] SEND     APP_GROUP                    node1→*
8828  L=10085 [node1 ] SEND     APP_GROUP                    node1→*
8829  L=10087 [node1 ] SEND     APP_GROUP                    node1→*
8830  L=10089 [node1 ] SEND     APP_GROUP                    node1→*
8831  L=10090 [node1 ] SEND     APP_CREATE_GROUP             node1→*
8832  L=10092 [node1 ] SEND     APP_CREATE_GROUP             node1→*
8833  L=10093 [node1 ] SEND     APP_GROUP                    node1→*
8834  L=10094 [node1 ] SEND     APP_GROUP                    node1→*
8835  L=10095 [node1 ] SEND     APP_CREATE_GROUP             node1→*
8836  L=10097 [node1 ] SEND     APP_CREATE_GROUP             node1→*
8837  L=10099 [node1 ] SEND     APP_CREATE_GROUP             node1→*
8838  L=10100 [node1 ] SEND     APP_GROUP                    node1→*
8839  L=10102 [node1 ] SEND     APP_GROUP                    node1→*
8840  L=10103 [node1 ] SEND     APP_GROUP                    node1→*
8841  L=10104 [node1 ] SEND     APP_GROUP                    node1→*
8842  L=10105 [node1 ] SEND     APP_GROUP                    node1→*
8843  L=10106 [node1 ] SEND     APP_GROUP                    node1→*
8844  L=10107 [node1 ] SEND     APP_CREATE_GROUP             node1→*
8845  L=10108 [node1 ] SEND     APP_GROUP                    node1→*
8846  L=10109 [node1 ] SEND     APP_GROUP                    node1→*
8847  L=10110 [node1 ] SEND     APP_GROUP                    node1→*
8848  L=10111 [node1 ] SEND     APP_GROUP                    node1→*
8849  L=10112 [node1 ] SEND     APP_GROUP                    node1→*
8850  L=10113 [node1 ] SEND     APP_GROUP                    node1→*
8851  L=10114 [node1 ] SEND     APP_GROUP                    node1→*
8852  L=10115 [node1 ] SEND     APP_GROUP                    node1→*
8853  L=10116 [node1 ] SEND     APP_GROUP                    node1→*
8854  L=10117 [node1 ] SEND     APP_GROUP                    node1→*
8855  L=10118 [node1 ] SEND     APP_GROUP                    node1→*
8856  L=10119 [node1 ] SEND     APP_GROUP                    node1→*
8857  L=10121 [node1 ] SEND     APP_GROUP                    node1→*
8858  L=10122 [node1 ] SEND     APP_GROUP                    node1→*
8859  L=10123 [node1 ] SEND     APP_GROUP                    node1→*
8860  L=10124 [node1 ] SEND     APP_GROUP                    node1→*
8861  L=10125 [node1 ] SEND     APP_GROUP                    node1→*
8862  L=10127 [node1 ] SEND     APP_CREATE_GROUP             node1→*
8863  L=10128 [node1 ] SEND     APP_CREATE_GROUP             node1→*
8864  L=10129 [node1 ] SEND     APP_GROUP                    node1→*
8865  L=10130 [node1 ] SEND     APP_GROUP                    node1→*
8866  L=10131 [node1 ] SEND     APP_GROUP                    node1→*
8867  L=10132 [node1 ] SEND     APP_GROUP                    node1→*
8868  L=10133 [node1 ] SEND     APP_GROUP                    node1→*
8869  L=10134 [node1 ] SEND     APP_GROUP                    node1→*
8870  L=10135 [node1 ] SEND     APP_GROUP                    node1→*
8871  L=10136 [node1 ] SEND     APP_GROUP                    node1→*
8872  L=10137 [node1 ] SEND     APP_GROUP                    node1→*
8873  L=10138 [node1 ] SEND     APP_GROUP                    node1→*
8874  L=10139 [node1 ] SEND     APP_GROUP                    node1→*
8875  L=10140 [node1 ] SEND     APP_GROUP                    node1→*
8876  L=10141 [node1 ] SEND     APP_GROUP                    node1→*
8877  L=10142 [node1 ] SEND     APP_GROUP                    node1→*
8878  L=10143 [node1 ] SEND     APP_GROUP                    node1→*
8880  L=10144 [node1 ] SEND     APP_GROUP                    node1→*
8879  L=10145 [node1 ] SEND     APP_GROUP                    node1→*
8881  L=10146 [node1 ] SEND     APP_GROUP                    node1→*
8882  L=10147 [node1 ] SEND     APP_GROUP                    node1→*
8883  L=10148 [node1 ] SEND     APP_GROUP                    node1→*
8884  L=10149 [node1 ] SEND     APP_GROUP                    node1→*
8885  L=10150 [node1 ] SEND     APP_GROUP                    node1→*
8886  L=10152 [node1 ] SEND     APP_CREATE_GROUP             node1→*
8887  L=10153 [node1 ] SEND     APP_GROUP                    node1→*
8888  L=10154 [node1 ] SEND     APP_GROUP                    node1→*
8889  L=10155 [node1 ] SEND     APP_GROUP                    node1→*
8890  L=10156 [node1 ] SEND     APP_GROUP                    node1→*
8891  L=10158 [node1 ] SEND     APP_CREATE_GROUP             node1→*
8892  L=10159 [node1 ] SEND     APP_GROUP                    node1→*
8893  L=10160 [node1 ] SEND     APP_GROUP                    node1→*
8894  L=10161 [node1 ] SEND     APP_GROUP                    node1→*
8895  L=10162 [node1 ] SEND     APP_GROUP                    node1→*
8896  L=10163 [node1 ] SEND     APP_GROUP                    node1→*
8897  L=10164 [node1 ] SEND     APP_GROUP                    node1→*
8898  L=10165 [node1 ] SEND     APP_GROUP                    node1→*
8899  L=10166 [node1 ] SEND     APP_GROUP                    node1→*
8900  L=10167 [node1 ] SEND     APP_GROUP                    node1→*
8901  L=10168 [node1 ] SEND     APP_GROUP                    node1→*
8902  L=10169 [node1 ] SEND     APP_GROUP                    node1→*
8903  L=10170 [node1 ] SEND     APP_GROUP                    node1→*
8904  L=10171 [node1 ] SEND     APP_GROUP                    node1→*
8905  L=10172 [node1 ] SEND     APP_GROUP                    node1→*
8906  L=10173 [node1 ] SEND     APP_GROUP                    node1→*
8907  L=10174 [node1 ] SEND     APP_GROUP                    node1→*
8908  L=10175 [node1 ] SEND     APP_GROUP                    node1→*
8909  L=10176 [node1 ] SEND     APP_GROUP                    node1→*
8910  L=10177 [node1 ] SEND     APP_GROUP                    node1→*
8911  L=10179 [node1 ] SEND     APP_GROUP                    node1→*
8912  L=10180 [node1 ] SEND     APP_GROUP                    node1→*
8913  L=10181 [node1 ] SEND     APP_CREATE_GROUP             node1→*
8915  L=10183 [node1 ] SEND     APP_GROUP                    node1→*
8914  L=10184 [node1 ] SEND     APP_GROUP                    node1→*
8916  L=10185 [node1 ] SEND     APP_GROUP                    node1→*
8917  L=10186 [node1 ] SEND     APP_GROUP                    node1→*
8918  L=10187 [node1 ] SEND     APP_GROUP                    node1→*
8919  L=10188 [node1 ] SEND     APP_GROUP                    node1→*
8920  L=10189 [node1 ] SEND     APP_CREATE_GROUP             node1→*
8921  L=10191 [node1 ] SEND     APP_GROUP                    node1→*
8922  L=10192 [node1 ] SEND     APP_GROUP                    node1→*
8923  L=10193 [node1 ] SEND     APP_GROUP                    node1→*
8924  L=10194 [node1 ] SEND     APP_GROUP                    node1→*
8925  L=10195 [node1 ] SEND     APP_GROUP                    node1→*
8926  L=10196 [node1 ] SEND     APP_GROUP                    node1→*
8927  L=10197 [node1 ] SEND     APP_GROUP                    node1→*
8928  L=10198 [node1 ] SEND     APP_CREATE_GROUP             node1→*
8929  L=10200 [node1 ] SEND     APP_GROUP                    node1→*
8930  L=10201 [node1 ] SEND     APP_GROUP                    node1→*
8931  L=10202 [node1 ] SEND     APP_GROUP                    node1→*
8932  L=10203 [node1 ] SEND     APP_GROUP                    node1→*
8933  L=10204 [node1 ] SEND     APP_GROUP                    node1→*
8934  L=10205 [node1 ] SEND     APP_GROUP                    node1→*
8935  L=10206 [node1 ] SEND     APP_GROUP                    node1→*
8936  L=10207 [node1 ] SEND     APP_GROUP                    node1→*
8937  L=10208 [node1 ] SEND     APP_CREATE_GROUP             node1→*
8938  L=10210 [node1 ] SEND     APP_GROUP                    node1→*
8939  L=10211 [node1 ] SEND     APP_GROUP                    node1→*
8940  L=10212 [node1 ] SEND     APP_GROUP                    node1→*
8941  L=10213 [node1 ] SEND     APP_GROUP                    node1→*
8942  L=10214 [node1 ] SEND     APP_GROUP                    node1→*
8943  L=10215 [node1 ] SEND     APP_GROUP                    node1→*
8944  L=10216 [node1 ] SEND     APP_GROUP                    node1→*
8945  L=10217 [node1 ] SEND     APP_GROUP                    node1→*
8946  L=10218 [node1 ] SEND     APP_CREATE_GROUP             node1→*
8947  L=10220 [node1 ] SEND     APP_GROUP                    node1→*
8948  L=10221 [node1 ] SEND     APP_GROUP                    node1→*
8949  L=10222 [node1 ] SEND     APP_CREATE_GROUP             node1→*
8950  L=10223 [node1 ] SEND     APP_GROUP                    node1→*
8951  L=10225 [node1 ] SEND     APP_GROUP                    node1→*
8952  L=10226 [node1 ] SEND     APP_GROUP                    node1→*
8953  L=10227 [node1 ] SEND     APP_GROUP                    node1→*
8954  L=10228 [node1 ] SEND     APP_CREATE_GROUP             node1→*
8955  L=10230 [node1 ] SEND     APP_GROUP                    node1→*
8956  L=10231 [node1 ] SEND     APP_GROUP                    node1→*
8957  L=10232 [node1 ] SEND     APP_GROUP                    node1→*
8958  L=10233 [node1 ] SEND     APP_GROUP                    node1→*
8959  L=10234 [node1 ] SEND     APP_GROUP                    node1→*
8960  L=10235 [node1 ] SEND     APP_GROUP                    node1→*
8961  L=10236 [node1 ] SEND     APP_GROUP                    node1→*
8962  L=10237 [node1 ] SEND     APP_GROUP                    node1→*
8963  L=10238 [node1 ] SEND     APP_GROUP                    node1→*
8964  L=10239 [node1 ] SEND     APP_GROUP                    node1→*
8965  L=10240 [node1 ] SEND     APP_CREATE_GROUP             node1→*
8966  L=10242 [node1 ] SEND     APP_GROUP                    node1→*
8967  L=10243 [node1 ] SEND     APP_GROUP                    node1→*
8968  L=10244 [node1 ] SEND     APP_CREATE_GROUP             node1→*
8969  L=10246 [node1 ] SEND     APP_GROUP                    node1→*
8970  L=10247 [node1 ] SEND     APP_GROUP                    node1→*
8971  L=10248 [node1 ] SEND     APP_GROUP                    node1→*
8972  L=10249 [node1 ] SEND     APP_GROUP                    node1→*
8973  L=10250 [node1 ] SEND     APP_GROUP                    node1→*
8974  L=10251 [node1 ] SEND     APP_GROUP                    node1→*
8975  L=10252 [node1 ] SEND     APP_GROUP                    node1→*
8976  L=10253 [node1 ] SEND     APP_CREATE_GROUP             node1→*
8977  L=10255 [node1 ] SEND     APP_CREATE_GROUP             node1→*
8978  L=10257 [node1 ] SEND     APP_GROUP                    node1→*
8979  L=10258 [node1 ] SEND     APP_GROUP                    node1→*
8980  L=10259 [node1 ] SEND     APP_GROUP                    node1→*
8981  L=10260 [node1 ] SEND     APP_CREATE_GROUP             node1→*
8982  L=10262 [node1 ] SEND     APP_CREATE_GROUP             node1→*
8983  L=10264 [node1 ] SEND     APP_CREATE_GROUP             node1→*
8984  L=10266 [node1 ] SEND     APP_GROUP                    node1→*
8985  L=10267 [node1 ] SEND     APP_GROUP                    node1→*
8986  L=10269 [node1 ] SEND     APP_CREATE_GROUP             node1→*
8987  L=10270 [node1 ] SEND     APP_CREATE_GROUP             node1→*
8988  L=10271 [node1 ] SEND     APP_GROUP                    node1→*
8989  L=10272 [node1 ] SEND     APP_GROUP                    node1→*
8990  L=10274 [node1 ] SEND     APP_GROUP                    node1→*
8991  L=10275 [node1 ] SEND     APP_GROUP                    node1→*
8992  L=10277 [node1 ] SEND     APP_GROUP                    node1→*
8993  L=10278 [node1 ] SEND     APP_GROUP                    node1→*
8994  L=10279 [node1 ] SEND     APP_GROUP                    node1→*
8995  L=10280 [node1 ] SEND     APP_GROUP                    node1→*
8996  L=10281 [node1 ] SEND     APP_GROUP                    node1→*
8997  L=10282 [node1 ] SEND     APP_CREATE_GROUP             node1→*
8998  L=10284 [node1 ] SEND     APP_GROUP                    node1→*
8999  L=10285 [node1 ] SEND     APP_GROUP                    node1→*
9000  L=10286 [node1 ] SEND     APP_CREATE_GROUP             node1→*
9001  L=10287 [node1 ] SEND     APP_GROUP                    node1→*
9002  L=10288 [node1 ] SEND     APP_GROUP                    node1→*
9003  L=10289 [node1 ] SEND     APP_GROUP                    node1→*
9004  L=10290 [node1 ] SEND     APP_GROUP                    node1→*
9005  L=10291 [node1 ] SEND     APP_GROUP                    node1→*
9006  L=10292 [node1 ] SEND     APP_GROUP                    node1→*
9007  L=10293 [node1 ] SEND     APP_GROUP                    node1→*
9008  L=10294 [node1 ] SEND     APP_CREATE_GROUP             node1→*
9009  L=10296 [node1 ] SEND     APP_GROUP                    node1→*
9010  L=10297 [node1 ] SEND     APP_GROUP                    node1→*
9011  L=10298 [node1 ] SEND     APP_GROUP                    node1→*
9012  L=10299 [node1 ] SEND     APP_GROUP                    node1→*
9013  L=10300 [node1 ] SEND     APP_CREATE_GROUP             node1→*
9014  L=10302 [node1 ] SEND     APP_GROUP                    node1→*
9015  L=10303 [node1 ] SEND     APP_GROUP                    node1→*
9016  L=10304 [node1 ] SEND     APP_GROUP                    node1→*
9017  L=10305 [node1 ] SEND     APP_GROUP                    node1→*
9018  L=10307 [node1 ] SEND     APP_CREATE_GROUP             node1→*
9019  L=10308 [node1 ] SEND     APP_CREATE_GROUP             node1→*
9020  L=10310 [node1 ] SEND     APP_GROUP                    node1→*
9021  L=10311 [node1 ] SEND     APP_GROUP                    node1→*
9022  L=10312 [node1 ] SEND     APP_GROUP                    node1→*
9023  L=10313 [node1 ] SEND     APP_GROUP                    node1→*
9024  L=10314 [node1 ] SEND     APP_CREATE_GROUP             node1→*
9025  L=10316 [node1 ] SEND     APP_CREATE_GROUP             node1→*
9026  L=10318 [node1 ] SEND     APP_CREATE_GROUP             node1→*
9027  L=10320 [node1 ] SEND     APP_CREATE_GROUP             node1→*
9028  L=10322 [node1 ] SEND     APP_GROUP                    node1→*
9029  L=10323 [node1 ] SEND     APP_GROUP                    node1→*
9030  L=10324 [node1 ] SEND     APP_GROUP                    node1→*
9031  L=10325 [node1 ] SEND     APP_GROUP                    node1→*
9032  L=10326 [node1 ] SEND     APP_GROUP                    node1→*
9033  L=10327 [node1 ] SEND     APP_GROUP                    node1→*
9034  L=10328 [node1 ] SEND     APP_GROUP                    node1→*
9035  L=10329 [node1 ] SEND     APP_GROUP                    node1→*
9036  L=10330 [node1 ] SEND     APP_CREATE_GROUP             node1→*
9037  L=10331 [node1 ] SEND     APP_GROUP                    node1→*
9038  L=10333 [node1 ] SEND     APP_CREATE_GROUP             node1→*
9039  L=10334 [node1 ] SEND     APP_GROUP                    node1→*
9040  L=10335 [node1 ] SEND     APP_GROUP                    node1→*
9041  L=10336 [node1 ] SEND     APP_GROUP                    node1→*
9042  L=10337 [node1 ] SEND     APP_GROUP                    node1→*
9043  L=10338 [node1 ] SEND     APP_GROUP                    node1→*
9044  L=10339 [node1 ] SEND     APP_GROUP                    node1→*
9045  L=10340 [node1 ] SEND     APP_GROUP                    node1→*
9046  L=10342 [node1 ] SEND     APP_GROUP                    node1→*
9047  L=10343 [node1 ] SEND     APP_GROUP                    node1→*
9048  L=10344 [node1 ] SEND     APP_CREATE_GROUP             node1→*
9049  L=10346 [node1 ] SEND     APP_GROUP                    node1→*
9050  L=10347 [node1 ] SEND     APP_CREATE_GROUP             node1→*
9051  L=10348 [node1 ] SEND     APP_GROUP                    node1→*
9052  L=10349 [node1 ] SEND     APP_GROUP                    node1→*
9053  L=10350 [node1 ] SEND     APP_GROUP                    node1→*
9054  L=10351 [node1 ] SEND     APP_GROUP                    node1→*
9055  L=10352 [node1 ] SEND     APP_GROUP                    node1→*
9056  L=10354 [node1 ] SEND     APP_GROUP                    node1→*
9057  L=10355 [node1 ] SEND     APP_GROUP                    node1→*
9058  L=10356 [node1 ] SEND     APP_GROUP                    node1→*
9059  L=10357 [node1 ] SEND     APP_GROUP                    node1→*
9060  L=10358 [node1 ] SEND     APP_GROUP                    node1→*
9061  L=10359 [node1 ] SEND     APP_GROUP                    node1→*
9062  L=10360 [node1 ] SEND     APP_CREATE_GROUP             node1→*
9063  L=10362 [node1 ] SEND     APP_GROUP                    node1→*
9064  L=10363 [node1 ] SEND     APP_CREATE_GROUP             node1→*
9065  L=10365 [node1 ] SEND     APP_GROUP                    node1→*
9066  L=10366 [node1 ] SEND     APP_GROUP                    node1→*
9067  L=10367 [node1 ] SEND     APP_GROUP                    node1→*
9068  L=10368 [node1 ] SEND     APP_GROUP                    node1→*
9069  L=10369 [node1 ] SEND     APP_GROUP                    node1→*
9070  L=10370 [node1 ] SEND     APP_GROUP                    node1→*
9071  L=10371 [node1 ] SEND     APP_GROUP                    node1→*
9072  L=10372 [node1 ] SEND     APP_CREATE_GROUP             node1→*
9073  L=10374 [node1 ] SEND     APP_GROUP                    node1→*
9074  L=10375 [node1 ] SEND     APP_GROUP                    node1→*
9075  L=10376 [node1 ] SEND     APP_GROUP                    node1→*
9076  L=10377 [node1 ] SEND     APP_GROUP                    node1→*
9077  L=10378 [node1 ] SEND     APP_GROUP                    node1→*
9078  L=10379 [node1 ] SEND     APP_CREATE_GROUP             node1→*
9079  L=10381 [node1 ] SEND     APP_GROUP                    node1→*
9080  L=10382 [node1 ] SEND     APP_GROUP                    node1→*
9081  L=10383 [node1 ] SEND     APP_GROUP                    node1→*
9082  L=10385 [node1 ] SEND     APP_CREATE_GROUP             node1→*
9083  L=10387 [node1 ] SEND     APP_GROUP                    node1→*
9084  L=10388 [node1 ] SEND     APP_GROUP                    node1→*
9085  L=10389 [node1 ] SEND     APP_GROUP                    node1→*
9086  L=10390 [node1 ] SEND     APP_GROUP                    node1→*
9087  L=10391 [node1 ] SEND     APP_GROUP                    node1→*
9088  L=10392 [node1 ] SEND     APP_CREATE_GROUP             node1→*
9089  L=10393 [node1 ] SEND     APP_CREATE_GROUP             node1→*
9090  L=10394 [node1 ] SEND     APP_GROUP                    node1→*
9091  L=10395 [node1 ] SEND     APP_GROUP                    node1→*
9092  L=10396 [node1 ] SEND     APP_GROUP                    node1→*
9093  L=10397 [node1 ] SEND     APP_GROUP                    node1→*
9094  L=10398 [node1 ] SEND     APP_GROUP                    node1→*
9095  L=10399 [node1 ] SEND     APP_GROUP                    node1→*
9096  L=10400 [node1 ] SEND     APP_GROUP                    node1→*
9097  L=10401 [node1 ] SEND     APP_GROUP                    node1→*
9098  L=10402 [node1 ] SEND     APP_GROUP                    node1→*
9099  L=10403 [node1 ] SEND     APP_GROUP                    node1→*
9100  L=10405 [node1 ] SEND     APP_GROUP                    node1→*
9101  L=10406 [node1 ] SEND     APP_GROUP                    node1→*
9102  L=10407 [node1 ] SEND     APP_GROUP                    node1→*
9103  L=10408 [node1 ] SEND     APP_GROUP                    node1→*
9104  L=10409 [node1 ] SEND     APP_GROUP                    node1→*
9105  L=10410 [node1 ] SEND     APP_GROUP                    node1→*
9106  L=10411 [node1 ] SEND     APP_GROUP                    node1→*
9107  L=10412 [node1 ] SEND     APP_GROUP                    node1→*
9108  L=10413 [node1 ] SEND     APP_GROUP                    node1→*
9109  L=10414 [node1 ] SEND     APP_GROUP                    node1→*
9110  L=10415 [node1 ] SEND     APP_CREATE_GROUP             node1→*
9111  L=10417 [node1 ] SEND     APP_CREATE_GROUP             node1→*
9112  L=10418 [node1 ] SEND     APP_GROUP                    node1→*
9113  L=10419 [node1 ] SEND     APP_GROUP                    node1→*
9114  L=10421 [node1 ] SEND     APP_GROUP                    node1→*
9115  L=10422 [node1 ] SEND     APP_GROUP                    node1→*
9116  L=10423 [node1 ] SEND     APP_GROUP                    node1→*
9117  L=10424 [node1 ] SEND     APP_GROUP                    node1→*
9118  L=10425 [node1 ] SEND     APP_GROUP                    node1→*
9119  L=10426 [node1 ] SEND     APP_GROUP                    node1→*
9120  L=10427 [node1 ] SEND     APP_GROUP                    node1→*
9121  L=10428 [node1 ] SEND     APP_GROUP                    node1→*
9122  L=10429 [node1 ] SEND     APP_GROUP                    node1→*
9123  L=10430 [node1 ] SEND     APP_GROUP                    node1→*
9124  L=10431 [node1 ] SEND     APP_GROUP                    node1→*
9125  L=10432 [node1 ] SEND     APP_GROUP                    node1→*
9126  L=10433 [node1 ] SEND     APP_CREATE_GROUP             node1→*
9127  L=10435 [node1 ] SEND     APP_GROUP                    node1→*
9128  L=10436 [node1 ] SEND     APP_GROUP                    node1→*
9129  L=10437 [node1 ] SEND     APP_CREATE_GROUP             node1→*
9130  L=10439 [node1 ] SEND     APP_CREATE_GROUP             node1→*
9131  L=10440 [node1 ] SEND     APP_GROUP                    node1→*
9132  L=10441 [node1 ] SEND     APP_GROUP                    node1→*
9133  L=10443 [node1 ] SEND     APP_GROUP                    node1→*
9134  L=10444 [node1 ] SEND     APP_GROUP                    node1→*
9135  L=10445 [node1 ] SEND     APP_GROUP                    node1→*
9136  L=10446 [node1 ] SEND     APP_CREATE_GROUP             node1→*
9137  L=10448 [node1 ] SEND     APP_CREATE_GROUP             node1→*
9138  L=10449 [node1 ] SEND     APP_GROUP                    node1→*
9139  L=10450 [node1 ] SEND     APP_GROUP                    node1→*
9140  L=10451 [node1 ] SEND     APP_GROUP                    node1→*
9141  L=10452 [node1 ] SEND     APP_GROUP                    node1→*
9142  L=10454 [node1 ] SEND     APP_GROUP                    node1→*
9143  L=10455 [node1 ] SEND     APP_GROUP                    node1→*
9144  L=10456 [node1 ] SEND     APP_GROUP                    node1→*
9145  L=10457 [node1 ] SEND     APP_GROUP                    node1→*
9146  L=10458 [node1 ] SEND     APP_GROUP                    node1→*
9147  L=10459 [node1 ] SEND     APP_GROUP                    node1→*
9148  L=10460 [node1 ] SEND     APP_GROUP                    node1→*
9149  L=10461 [node1 ] SEND     APP_GROUP                    node1→*
9150  L=10462 [node1 ] SEND     APP_GROUP                    node1→*
9151  L=10463 [node1 ] SEND     APP_GROUP                    node1→*
9152  L=10464 [node1 ] SEND     APP_GROUP                    node1→*
9153  L=10466 [node1 ] SEND     APP_CREATE_GROUP             node1→*
9154  L=10467 [node1 ] SEND     APP_CREATE_GROUP             node1→*
9155  L=10469 [node1 ] SEND     APP_CREATE_GROUP             node1→*
9156  L=10470 [node1 ] SEND     APP_GROUP                    node1→*
9157  L=10471 [node1 ] SEND     APP_GROUP                    node1→*
9158  L=10472 [node1 ] SEND     APP_GROUP                    node1→*
9159  L=10473 [node1 ] SEND     APP_GROUP                    node1→*
9160  L=10474 [node1 ] SEND     APP_GROUP                    node1→*
9161  L=10475 [node1 ] SEND     APP_GROUP                    node1→*
9162  L=10476 [node1 ] SEND     APP_GROUP                    node1→*
9163  L=10477 [node1 ] SEND     APP_GROUP                    node1→*
9164  L=10478 [node1 ] SEND     APP_GROUP                    node1→*
9165  L=10479 [node1 ] SEND     APP_GROUP                    node1→*
9166  L=10481 [node1 ] SEND     APP_GROUP                    node1→*
9167  L=10482 [node1 ] SEND     APP_GROUP                    node1→*
9168  L=10483 [node1 ] SEND     APP_GROUP                    node1→*
9169  L=10484 [node1 ] SEND     APP_GROUP                    node1→*
9170  L=10485 [node1 ] SEND     APP_GROUP                    node1→*
9171  L=10486 [node1 ] SEND     APP_GROUP                    node1→*
9172  L=10487 [node1 ] SEND     APP_CREATE_GROUP             node1→*
9173  L=10489 [node1 ] SEND     APP_GROUP                    node1→*
9174  L=10490 [node1 ] SEND     APP_GROUP                    node1→*
9175  L=10491 [node1 ] SEND     APP_CREATE_GROUP             node1→*
9176  L=10493 [node1 ] SEND     APP_GROUP                    node1→*
9177  L=10494 [node1 ] SEND     APP_GROUP                    node1→*
9178  L=10495 [node1 ] SEND     APP_GROUP                    node1→*
9179  L=10496 [node1 ] SEND     APP_GROUP                    node1→*
9180  L=10497 [node1 ] SEND     APP_GROUP                    node1→*
9182  L=10498 [node1 ] SEND     APP_CREATE_GROUP             node1→*
9181  L=10499 [node1 ] SEND     APP_GROUP                    node1→*
9183  L=10500 [node1 ] SEND     APP_GROUP                    node1→*
9184  L=10501 [node1 ] SEND     APP_GROUP                    node1→*
9185  L=10502 [node1 ] SEND     APP_GROUP                    node1→*
9186  L=10503 [node1 ] SEND     APP_GROUP                    node1→*
9187  L=10505 [node1 ] SEND     APP_GROUP                    node1→*
9188  L=10506 [node1 ] SEND     APP_GROUP                    node1→*
9189  L=10507 [node1 ] SEND     APP_GROUP                    node1→*
9190  L=10508 [node1 ] SEND     APP_GROUP                    node1→*
9192  L=10509 [node1 ] SEND     APP_GROUP                    node1→*
9191  L=10510 [node1 ] SEND     APP_GROUP                    node1→*
9193  L=10511 [node1 ] SEND     APP_GROUP                    node1→*
9194  L=10512 [node1 ] SEND     APP_GROUP                    node1→*
9195  L=10514 [node1 ] SEND     APP_GROUP                    node1→*
9196  L=10515 [node1 ] SEND     APP_GROUP                    node1→*
9197  L=10516 [node1 ] SEND     APP_GROUP                    node1→*
9198  L=10517 [node1 ] SEND     APP_GROUP                    node1→*
9199  L=10518 [node1 ] SEND     APP_GROUP                    node1→*
9200  L=10520 [node1 ] SEND     APP_GROUP                    node1→*
9201  L=10521 [node1 ] SEND     APP_GROUP                    node1→*
9202  L=10522 [node1 ] SEND     APP_GROUP                    node1→*
9203  L=10523 [node1 ] SEND     APP_CREATE_GROUP             node1→*
9204  L=10525 [node1 ] SEND     APP_CREATE_GROUP             node1→*
9205  L=10526 [node1 ] SEND     APP_CREATE_GROUP             node1→*
9206  L=10528 [node1 ] SEND     APP_GROUP                    node1→*
9207  L=10529 [node1 ] SEND     APP_GROUP                    node1→*
9208  L=10530 [node1 ] SEND     APP_CREATE_GROUP             node1→*
9209  L=10531 [node1 ] SEND     APP_CREATE_GROUP             node1→*
9211  L=10534 [node1 ] SEND     APP_CREATE_GROUP             node1→*
9210  L=10535 [node1 ] SEND     APP_GROUP                    node1→*
9212  L=10536 [node1 ] SEND     APP_GROUP                    node1→*
9213  L=10537 [node1 ] SEND     APP_GROUP                    node1→*
9214  L=10538 [node1 ] SEND     APP_CREATE_GROUP             node1→*
9215  L=10540 [node1 ] SEND     APP_GROUP                    node1→*
9216  L=10541 [node1 ] SEND     APP_GROUP                    node1→*
9217  L=10542 [node1 ] SEND     APP_GROUP                    node1→*
9218  L=10543 [node1 ] SEND     APP_GROUP                    node1→*
9219  L=10544 [node1 ] SEND     APP_CREATE_GROUP             node1→*
9220  L=10545 [node1 ] SEND     APP_GROUP                    node1→*
9221  L=10547 [node1 ] SEND     APP_GROUP                    node1→*
9222  L=10549 [node1 ] SEND     APP_CREATE_GROUP             node1→*
9223  L=10550 [node1 ] SEND     APP_CREATE_GROUP             node1→*
9224  L=10551 [node1 ] SEND     APP_GROUP                    node1→*
9225  L=10552 [node1 ] SEND     APP_GROUP                    node1→*
9226  L=10554 [node1 ] SEND     APP_CREATE_GROUP             node1→*
9227  L=10555 [node1 ] SEND     APP_GROUP                    node1→*
9228  L=10556 [node1 ] SEND     APP_GROUP                    node1→*
9229  L=10557 [node1 ] SEND     APP_GROUP                    node1→*
9230  L=10558 [node1 ] SEND     APP_GROUP                    node1→*
9231  L=10559 [node1 ] SEND     APP_GROUP                    node1→*
9232  L=10560 [node1 ] SEND     APP_GROUP                    node1→*
9233  L=10561 [node1 ] SEND     APP_GROUP                    node1→*
9234  L=10562 [node1 ] SEND     APP_GROUP                    node1→*
9235  L=10563 [node1 ] SEND     APP_GROUP                    node1→*
9236  L=10564 [node1 ] SEND     APP_GROUP                    node1→*
9237  L=10565 [node1 ] SEND     APP_GROUP                    node1→*
9238  L=10567 [node1 ] SEND     APP_GROUP                    node1→*
9239  L=10568 [node1 ] SEND     APP_GROUP                    node1→*
9240  L=10569 [node1 ] SEND     APP_CREATE_GROUP             node1→*
9241  L=10570 [node1 ] SEND     APP_GROUP                    node1→*
9242  L=10572 [node1 ] SEND     APP_GROUP                    node1→*
9243  L=10573 [node1 ] SEND     APP_GROUP                    node1→*
9244  L=10574 [node1 ] SEND     APP_GROUP                    node1→*
9245  L=10576 [node1 ] SEND     APP_GROUP                    node1→*
9246  L=10577 [node1 ] SEND     APP_GROUP                    node1→*
9247  L=10578 [node1 ] SEND     APP_GROUP                    node1→*
9248  L=10579 [node1 ] SEND     APP_GROUP                    node1→*
9249  L=10580 [node1 ] SEND     APP_GROUP                    node1→*
9250  L=10581 [node1 ] SEND     APP_CREATE_GROUP             node1→*
9252  L=10582 [node1 ] SEND     APP_CREATE_GROUP             node1→*
9251  L=10583 [node1 ] SEND     APP_GROUP                    node1→*
9253  L=10585 [node1 ] SEND     APP_GROUP                    node1→*
9254  L=10586 [node1 ] SEND     APP_GROUP                    node1→*
9255  L=10587 [node1 ] SEND     APP_GROUP                    node1→*
9256  L=10588 [node1 ] SEND     APP_GROUP                    node1→*
9257  L=10589 [node1 ] SEND     APP_GROUP                    node1→*
9258  L=10590 [node1 ] SEND     APP_GROUP                    node1→*
9259  L=10591 [node1 ] SEND     APP_GROUP                    node1→*
9260  L=10592 [node1 ] SEND     APP_GROUP                    node1→*
9261  L=10593 [node1 ] SEND     APP_GROUP                    node1→*
9262  L=10594 [node1 ] SEND     APP_GROUP                    node1→*
9263  L=10595 [node1 ] SEND     APP_GROUP                    node1→*
9264  L=10596 [node1 ] SEND     APP_CREATE_GROUP             node1→*
9265  L=10598 [node1 ] SEND     APP_GROUP                    node1→*
9266  L=10599 [node1 ] SEND     APP_GROUP                    node1→*
9267  L=10601 [node1 ] SEND     APP_CREATE_GROUP             node1→*
9268  L=10603 [node1 ] SEND     APP_GROUP                    node1→*
9269  L=10604 [node1 ] SEND     APP_GROUP                    node1→*
9270  L=10605 [node1 ] SEND     APP_CREATE_GROUP             node1→*
9271  L=10606 [node1 ] SEND     APP_CREATE_GROUP             node1→*
9272  L=10608 [node1 ] SEND     APP_CREATE_GROUP             node1→*
9273  L=10610 [node1 ] SEND     APP_CREATE_GROUP             node1→*
9274  L=10611 [node1 ] SEND     APP_GROUP                    node1→*
9275  L=10613 [node1 ] SEND     APP_GROUP                    node1→*
9276  L=10614 [node1 ] SEND     APP_GROUP                    node1→*
9277  L=10615 [node1 ] SEND     APP_GROUP                    node1→*
9278  L=10616 [node1 ] SEND     APP_GROUP                    node1→*
9279  L=10617 [node1 ] SEND     APP_GROUP                    node1→*
9280  L=10618 [node1 ] SEND     APP_CREATE_GROUP             node1→*
9281  L=10619 [node1 ] SEND     APP_GROUP                    node1→*
9282  L=10620 [node1 ] SEND     APP_GROUP                    node1→*
9283  L=10621 [node1 ] SEND     APP_GROUP                    node1→*
9284  L=10622 [node1 ] SEND     APP_GROUP                    node1→*
9285  L=10623 [node1 ] SEND     APP_GROUP                    node1→*
9286  L=10625 [node1 ] SEND     APP_GROUP                    node1→*
9287  L=10626 [node1 ] SEND     APP_GROUP                    node1→*
9288  L=10627 [node1 ] SEND     APP_GROUP                    node1→*
9289  L=10628 [node1 ] SEND     APP_GROUP                    node1→*
9290  L=10629 [node1 ] SEND     APP_CREATE_GROUP             node1→*
9291  L=10631 [node1 ] SEND     APP_GROUP                    node1→*
9292  L=10632 [node1 ] SEND     APP_GROUP                    node1→*
9293  L=10633 [node1 ] SEND     APP_GROUP                    node1→*
9294  L=10634 [node1 ] SEND     APP_GROUP                    node1→*
9295  L=10635 [node1 ] SEND     APP_GROUP                    node1→*
9296  L=10636 [node1 ] SEND     APP_GROUP                    node1→*
9297  L=10637 [node1 ] SEND     APP_CREATE_GROUP             node1→*
9298  L=10639 [node1 ] SEND     APP_GROUP                    node1→*
9299  L=10640 [node1 ] SEND     APP_CREATE_GROUP             node1→*
9300  L=10641 [node1 ] SEND     APP_GROUP                    node1→*
9301  L=10643 [node1 ] SEND     APP_GROUP                    node1→*
9302  L=10644 [node1 ] SEND     APP_GROUP                    node1→*
9303  L=10645 [node1 ] SEND     APP_CREATE_GROUP             node1→*
9304  L=10647 [node1 ] SEND     APP_GROUP                    node1→*
9305  L=10648 [node1 ] SEND     APP_GROUP                    node1→*
9306  L=10649 [node1 ] SEND     APP_GROUP                    node1→*
9307  L=10650 [node1 ] SEND     APP_GROUP                    node1→*
9308  L=10652 [node1 ] SEND     APP_GROUP                    node1→*
9309  L=10653 [node1 ] SEND     APP_GROUP                    node1→*
9310  L=10654 [node1 ] SEND     APP_GROUP                    node1→*
9311  L=10655 [node1 ] SEND     APP_GROUP                    node1→*
9312  L=10656 [node1 ] SEND     APP_CREATE_GROUP             node1→*
9313  L=10657 [node1 ] SEND     APP_GROUP                    node1→*
9314  L=10658 [node1 ] SEND     APP_GROUP                    node1→*
9315  L=10659 [node1 ] SEND     APP_GROUP                    node1→*
9316  L=10660 [node1 ] SEND     APP_CREATE_GROUP             node1→*
9317  L=10661 [node1 ] SEND     APP_GROUP                    node1→*
9318  L=10662 [node1 ] SEND     APP_GROUP                    node1→*
9319  L=10663 [node1 ] SEND     APP_GROUP                    node1→*
9320  L=10664 [node1 ] SEND     APP_GROUP                    node1→*
9321  L=10665 [node1 ] SEND     APP_GROUP                    node1→*
9322  L=10666 [node1 ] SEND     APP_GROUP                    node1→*
9323  L=10668 [node1 ] SEND     APP_GROUP                    node1→*
9324  L=10669 [node1 ] SEND     APP_GROUP                    node1→*
9325  L=10670 [node1 ] SEND     APP_GROUP                    node1→*
9326  L=10671 [node1 ] SEND     APP_GROUP                    node1→*
9327  L=10672 [node1 ] SEND     APP_CREATE_GROUP             node1→*
9328  L=10674 [node1 ] SEND     APP_GROUP                    node1→*
9329  L=10675 [node1 ] SEND     APP_GROUP                    node1→*
9330  L=10676 [node1 ] SEND     APP_GROUP                    node1→*
9331  L=10677 [node1 ] SEND     APP_CREATE_GROUP             node1→*
9332  L=10679 [node1 ] SEND     APP_CREATE_GROUP             node1→*
9333  L=10681 [node1 ] SEND     APP_GROUP                    node1→*
9334  L=10682 [node1 ] SEND     APP_GROUP                    node1→*
9335  L=10684 [node1 ] SEND     APP_CREATE_GROUP             node1→*
9336  L=10685 [node1 ] SEND     APP_GROUP                    node1→*
9337  L=10686 [node1 ] SEND     APP_CREATE_GROUP             node1→*
9338  L=10689 [node1 ] SEND     APP_CREATE_GROUP             node1→*
9339  L=10690 [node1 ] SEND     APP_CREATE_GROUP             node1→*
9340  L=10691 [node1 ] SEND     APP_GROUP                    node1→*
9341  L=10692 [node1 ] SEND     APP_GROUP                    node1→*
9342  L=10693 [node1 ] SEND     APP_GROUP                    node1→*
9343  L=10694 [node1 ] SEND     APP_GROUP                    node1→*
9344  L=10695 [node1 ] SEND     APP_GROUP                    node1→*
9345  L=10696 [node1 ] SEND     APP_GROUP                    node1→*
9346  L=10697 [node1 ] SEND     APP_GROUP                    node1→*
9347  L=10698 [node1 ] SEND     APP_GROUP                    node1→*
9348  L=10699 [node1 ] SEND     APP_GROUP                    node1→*
9349  L=10700 [node1 ] SEND     APP_GROUP                    node1→*
9350  L=10701 [node1 ] SEND     APP_GROUP                    node1→*
9351  L=10703 [node1 ] SEND     APP_CREATE_GROUP             node1→*
9352  L=10704 [node1 ] SEND     APP_GROUP                    node1→*
9353  L=10705 [node1 ] SEND     APP_GROUP                    node1→*
9354  L=10707 [node1 ] SEND     APP_GROUP                    node1→*
9355  L=10708 [node1 ] SEND     APP_GROUP                    node1→*
9356  L=10709 [node1 ] SEND     APP_GROUP                    node1→*
9357  L=10710 [node1 ] SEND     APP_CREATE_GROUP             node1→*
9358  L=10712 [node1 ] SEND     APP_CREATE_GROUP             node1→*
9359  L=10713 [node1 ] SEND     APP_GROUP                    node1→*
9360  L=10714 [node1 ] SEND     APP_GROUP                    node1→*
9361  L=10715 [node1 ] SEND     APP_GROUP                    node1→*
9362  L=10716 [node1 ] SEND     APP_GROUP                    node1→*
9363  L=10717 [node1 ] SEND     APP_GROUP                    node1→*
9364  L=10718 [node1 ] SEND     APP_GROUP                    node1→*
9365  L=10719 [node1 ] SEND     APP_GROUP                    node1→*
9366  L=10720 [node1 ] SEND     APP_GROUP                    node1→*
9367  L=10721 [node1 ] SEND     APP_GROUP                    node1→*
9368  L=10722 [node1 ] SEND     APP_GROUP                    node1→*
9369  L=10723 [node1 ] SEND     APP_GROUP                    node1→*
9370  L=10724 [node1 ] SEND     APP_GROUP                    node1→*
9371  L=10725 [node1 ] SEND     APP_GROUP                    node1→*
9372  L=10727 [node1 ] SEND     APP_CREATE_GROUP             node1→*
9373  L=10728 [node1 ] SEND     APP_GROUP                    node1→*
9374  L=10729 [node1 ] SEND     APP_GROUP                    node1→*
9375  L=10730 [node1 ] SEND     APP_GROUP                    node1→*
9376  L=10731 [node1 ] SEND     APP_GROUP                    node1→*
9377  L=10732 [node1 ] SEND     APP_GROUP                    node1→*
9378  L=10733 [node1 ] SEND     APP_GROUP                    node1→*
9379  L=10734 [node1 ] SEND     APP_GROUP                    node1→*
9380  L=10735 [node1 ] SEND     APP_GROUP                    node1→*
9381  L=10736 [node1 ] SEND     APP_GROUP                    node1→*
9382  L=10737 [node1 ] SEND     APP_GROUP                    node1→*
9383  L=10738 [node1 ] SEND     APP_GROUP                    node1→*
9384  L=10740 [node1 ] SEND     APP_CREATE_GROUP             node1→*
9385  L=10741 [node1 ] SEND     APP_GROUP                    node1→*
9386  L=10742 [node1 ] SEND     APP_GROUP                    node1→*
9387  L=10743 [node1 ] SEND     APP_GROUP                    node1→*
9388  L=10744 [node1 ] SEND     APP_GROUP                    node1→*
9389  L=10745 [node1 ] SEND     APP_GROUP                    node1→*
9390  L=10747 [node1 ] SEND     APP_CREATE_GROUP             node1→*
9391  L=10749 [node1 ] SEND     APP_CREATE_GROUP             node1→*
9392  L=10750 [node1 ] SEND     APP_GROUP                    node1→*
9393  L=10751 [node1 ] SEND     APP_GROUP                    node1→*
9394  L=10752 [node1 ] SEND     APP_GROUP                    node1→*
9395  L=10753 [node1 ] SEND     APP_GROUP                    node1→*
9396  L=10754 [node1 ] SEND     APP_GROUP                    node1→*
9397  L=10755 [node1 ] SEND     APP_GROUP                    node1→*
9398  L=10756 [node1 ] SEND     APP_GROUP                    node1→*
9399  L=10757 [node1 ] SEND     APP_GROUP                    node1→*
9400  L=10758 [node1 ] SEND     APP_GROUP                    node1→*
9401  L=10759 [node1 ] SEND     APP_GROUP                    node1→*
9402  L=10760 [node1 ] SEND     APP_GROUP                    node1→*
9403  L=10761 [node1 ] SEND     APP_GROUP                    node1→*
9404  L=10762 [node1 ] SEND     APP_GROUP                    node1→*
9405  L=10764 [node1 ] SEND     APP_CREATE_GROUP             node1→*
9406  L=10765 [node1 ] SEND     APP_GROUP                    node1→*
9407  L=10766 [node1 ] SEND     APP_GROUP                    node1→*
9408  L=10767 [node1 ] SEND     APP_GROUP                    node1→*
9409  L=10768 [node1 ] SEND     APP_GROUP                    node1→*
9410  L=10769 [node1 ] SEND     APP_GROUP                    node1→*
9411  L=10771 [node1 ] SEND     APP_CREATE_GROUP             node1→*
9412  L=10773 [node1 ] SEND     APP_GROUP                    node1→*
9413  L=10774 [node1 ] SEND     APP_GROUP                    node1→*
9415  L=10775 [node1 ] SEND     APP_GROUP                    node1→*
9414  L=10776 [node1 ] SEND     APP_GROUP                    node1→*
9416  L=10777 [node1 ] SEND     APP_GROUP                    node1→*
9417  L=10778 [node1 ] SEND     APP_GROUP                    node1→*
9418  L=10779 [node1 ] SEND     APP_GROUP                    node1→*
9419  L=10780 [node1 ] SEND     APP_GROUP                    node1→*
9420  L=10781 [node1 ] SEND     APP_GROUP                    node1→*
9421  L=10782 [node1 ] SEND     APP_GROUP                    node1→*
9422  L=10783 [node1 ] SEND     APP_GROUP                    node1→*
9423  L=10784 [node1 ] SEND     APP_GROUP                    node1→*
9424  L=10785 [node1 ] SEND     APP_CREATE_GROUP             node1→*
9425  L=10786 [node1 ] SEND     APP_GROUP                    node1→*
9426  L=10788 [node1 ] SEND     APP_CREATE_GROUP             node1→*
9427  L=10790 [node1 ] SEND     APP_GROUP                    node1→*
9428  L=10791 [node1 ] SEND     APP_GROUP                    node1→*
9429  L=10792 [node1 ] SEND     APP_CREATE_GROUP             node1→*
9430  L=10793 [node1 ] SEND     APP_GROUP                    node1→*
9431  L=10794 [node1 ] SEND     APP_GROUP                    node1→*
9432  L=10795 [node1 ] SEND     APP_GROUP                    node1→*
9433  L=10796 [node1 ] SEND     APP_GROUP                    node1→*
9434  L=10797 [node1 ] SEND     APP_GROUP                    node1→*
9435  L=10798 [node1 ] SEND     APP_GROUP                    node1→*
9436  L=10799 [node1 ] SEND     APP_GROUP                    node1→*
9437  L=10800 [node1 ] SEND     APP_GROUP                    node1→*
9438  L=10801 [node1 ] SEND     APP_GROUP                    node1→*
9439  L=10802 [node1 ] SEND     APP_GROUP                    node1→*
9440  L=10803 [node1 ] SEND     APP_GROUP                    node1→*
9441  L=10804 [node1 ] SEND     APP_GROUP                    node1→*
9442  L=10805 [node1 ] SEND     APP_GROUP                    node1→*
9443  L=10806 [node1 ] SEND     APP_GROUP                    node1→*
9444  L=10807 [node1 ] SEND     APP_GROUP                    node1→*
9445  L=10808 [node1 ] SEND     APP_GROUP                    node1→*
9446  L=10809 [node1 ] SEND     APP_GROUP                    node1→*
9447  L=10810 [node1 ] SEND     APP_GROUP                    node1→*
9448  L=10811 [node1 ] SEND     APP_GROUP                    node1→*
9449  L=10812 [node1 ] SEND     APP_GROUP                    node1→*
9450  L=10813 [node1 ] SEND     APP_GROUP                    node1→*
9451  L=10814 [node1 ] SEND     APP_GROUP                    node1→*
9452  L=10815 [node1 ] SEND     APP_GROUP                    node1→*
9453  L=10816 [node1 ] SEND     APP_GROUP                    node1→*
9454  L=10817 [node1 ] SEND     APP_GROUP                    node1→*
9455  L=10818 [node1 ] SEND     APP_GROUP                    node1→*
9456  L=10819 [node1 ] SEND     APP_GROUP                    node1→*
9457  L=10820 [node1 ] SEND     APP_GROUP                    node1→*
9458  L=10821 [node1 ] SEND     APP_GROUP                    node1→*
9459  L=10822 [node1 ] SEND     APP_GROUP                    node1→*
9460  L=10823 [node1 ] SEND     APP_GROUP                    node1→*
9461  L=10824 [node1 ] SEND     APP_GROUP                    node1→*
9462  L=10825 [node1 ] SEND     APP_GROUP                    node1→*
9463  L=10826 [node1 ] SEND     APP_GROUP                    node1→*
9464  L=10827 [node1 ] SEND     APP_GROUP                    node1→*
9465  L=10828 [node1 ] SEND     APP_GROUP                    node1→*
9466  L=10829 [node1 ] SEND     APP_GROUP                    node1→*
9467  L=10830 [node1 ] SEND     APP_GROUP                    node1→*
9468  L=10831 [node1 ] SEND     APP_GROUP                    node1→*
9469  L=10832 [node1 ] SEND     APP_GROUP                    node1→*
9470  L=10833 [node1 ] SEND     APP_GROUP                    node1→*
9471  L=10834 [node1 ] SEND     APP_GROUP                    node1→*
9472  L=10835 [node1 ] SEND     APP_GROUP                    node1→*
9473  L=10836 [node1 ] SEND     APP_GROUP                    node1→*
9474  L=10837 [node1 ] SEND     APP_GROUP                    node1→*
9475  L=10838 [node1 ] SEND     APP_GROUP                    node1→*
9476  L=10839 [node1 ] SEND     APP_GROUP                    node1→*
9477  L=10840 [node1 ] SEND     APP_GROUP                    node1→*
9478  L=10841 [node1 ] SEND     APP_GROUP                    node1→*
9479  L=10842 [node1 ] SEND     APP_GROUP                    node1→*
9480  L=10843 [node1 ] SEND     APP_GROUP                    node1→*
9481  L=10844 [node1 ] SEND     APP_GROUP                    node1→*
9482  L=10845 [node1 ] SEND     APP_GROUP                    node1→*
9483  L=10846 [node1 ] SEND     APP_GROUP                    node1→*
9484  L=10847 [node1 ] SEND     APP_GROUP                    node1→*
9485  L=10848 [node1 ] SEND     APP_GROUP                    node1→*
9486  L=10849 [node1 ] SEND     APP_GROUP                    node1→*
9487  L=10850 [node1 ] SEND     APP_GROUP                    node1→*
9488  L=10851 [node1 ] SEND     APP_GROUP                    node1→*
9489  L=10852 [node1 ] SEND     APP_GROUP                    node1→*
9490  L=10853 [node1 ] SEND     APP_GROUP                    node1→*
9491  L=10854 [node1 ] SEND     APP_GROUP                    node1→*
9492  L=10855 [node1 ] SEND     APP_GROUP                    node1→*
9493  L=10856 [node1 ] SEND     APP_GROUP                    node1→*
9494  L=10857 [node1 ] LOCAL    LOGOUT                       run1782075270499_load002@node1
9495  L=10858 [node1 ] LOCAL    LOGOUT                       run1782075270499_load005@node1
9496  L=10859 [node1 ] LOCAL    LOGOUT                       run1782075270499_load008@node1
9497  L=10860 [node1 ] LOCAL    LOGOUT                       run1782075270499_load011@node1
9498  L=10861 [node1 ] LOCAL    LOGOUT                       run1782075270499_load014@node1
9499  L=10862 [node1 ] LOCAL    LOGOUT                       run1782075270499_load017@node1
9500  L=10863 [node1 ] LOCAL    LOGOUT                       run1782075270499_load020@node1
9501  L=10864 [node1 ] LOCAL    LOGOUT                       run1782075270499_load023@node1
9502  L=10865 [node1 ] LOCAL    LOGOUT                       run1782075270499_load026@node1
9503  L=10866 [node1 ] LOCAL    LOGOUT                       run1782075270499_load029@node1
9504  L=10867 [node1 ] LOCAL    LOGOUT                       run1782075270499_load032@node1
9505  L=10868 [node1 ] LOCAL    LOGOUT                       run1782075270499_load035@node1
9506  L=10869 [node1 ] LOCAL    LOGOUT                       run1782075270499_load038@node1
9507  L=10870 [node1 ] LOCAL    LOGOUT                       run1782075270499_load041@node1
9508  L=10871 [node1 ] LOCAL    LOGOUT                       run1782075270499_load044@node1
9509  L=10872 [node1 ] LOCAL    LOGOUT                       run1782075270499_load047@node1
9510  L=10874 [node1 ] SEND     APP_CREATE_GROUP             node1→*
9512  L=10875 [node1 ] LOCAL    LOGOUT                       run1782075270499_load023@node1
9511  L=10876 [node1 ] LOCAL    LOGOUT                       run1782075270499_load020@node1
9513  L=10877 [node1 ] LOCAL    LOGOUT                       run1782075270499_load002@node1
9514  L=10878 [node1 ] LOCAL    LOGOUT                       run1782075270499_load026@node1
9515  L=10879 [node1 ] LOCAL    LOGOUT                       run1782075270499_load029@node1
9516  L=10880 [node1 ] LOCAL    LOGOUT                       run1782075270499_load032@node1
9517  L=10881 [node1 ] LOCAL    LOGOUT                       run1782075270499_load011@node1
9518  L=10882 [node1 ] LOCAL    LOGOUT                       run1782075270499_load014@node1
9519  L=10883 [node1 ] LOCAL    LOGOUT                       run1782075270499_load017@node1
9520  L=10884 [node1 ] LOCAL    LOGOUT                       run1782075270499_load008@node1
9521  L=10885 [node1 ] LOCAL    LOGOUT                       run1782075270499_load005@node1
9522  L=10886 [node1 ] LOCAL    LOGOUT                       run1782075270499_load035@node1
9523  L=10887 [node1 ] LOCAL    LOGOUT                       run1782075270499_load038@node1
9524  L=10888 [node1 ] LOCAL    LOGOUT                       run1782075270499_load041@node1
9525  L=10889 [node1 ] LOCAL    LOGOUT                       run1782075270499_load044@node1
9526  L=10890 [node1 ] LOCAL    LOGOUT                       run1782075270499_load047@node1
9527  L=10891 [node1 ] LOCAL    LOGOUT                       run1782075270499_load039@node1
9528  L=10892 [node1 ] LOCAL    LOGOUT                       run1782075270499_load033@node1
9529  L=10893 [node1 ] LOCAL    LOGOUT                       run1782075270499_load018@node1
9530  L=10894 [node1 ] LOCAL    LOGOUT                       run1782075270499_load006@node1
9531  L=10895 [node1 ] LOCAL    LOGOUT                       run1782075270499_load042@node1
9532  L=10896 [node1 ] LOCAL    LOGOUT                       run1782075270499_load036@node1
9533  L=10897 [node1 ] LOCAL    LOGOUT                       run1782075270499_load015@node1
9534  L=10898 [node1 ] LOCAL    LOGOUT                       run1782075270499_load003@node1
9535  L=10899 [node1 ] LOCAL    LOGOUT                       run1782075270499_load021@node1
9536  L=10900 [node1 ] LOCAL    LOGOUT                       run1782075270499_load045@node1
9537  L=10901 [node1 ] LOCAL    LOGOUT                       run1782075270499_load048@node1
9538  L=10902 [node1 ] LOCAL    LOGOUT                       run1782075270499_load030@node1
9539  L=10903 [node1 ] LOCAL    LOGOUT                       run1782075270499_load009@node1
9540  L=10904 [node1 ] LOCAL    LOGOUT                       run1782075270499_load012@node1
9541  L=10905 [node1 ] LOCAL    LOGOUT                       run1782075270499_load024@node1
9542  L=10906 [node1 ] LOCAL    LOGOUT                       run1782075270499_load027@node1
